section,text id,my call,my call as written,Pangram,Pangram as recorded,passed,call right (pass or no pass),why I said it,record line
s10,183g-S10pub,AI,AI,AI,"AI (100%, 558 words scanned), 07:01:48",no,yes,the published text; every published section so far read AI,s10/PREDICTIONS-s10.md:9
s10,183g-P1pub,AI,AI,AI,"AI (100%), 07:01:53",no,yes,the published text; every published section so far read AI,s10/PREDICTIONS-s10.md:10
s10,183g-P3pub,AI,AI,AI,"AI (100%), 07:01:56",no,yes,the published text; every published section so far read AI,s10/PREDICTIONS-s10.md:11
s10,183g-P5pub,AI,AI,AI,"AI (100%), 07:02:01",no,yes,the published text; every published section so far read AI,s10/PREDICTIONS-s10.md:12
s10,183g-P6pub,AI,AI,AI,"AI (100%), 07:02:06",no,yes,the published text; every published section so far read AI,s10/PREDICTIONS-s10.md:13
s10,183g-P7pub,AI,AI,AI,"AI (100%), 07:02:13",no,yes,the published text; every published section so far read AI,s10/PREDICTIONS-s10.md:14
s10,183g-P8pub,AI,AI,AI,"AI (100%), 07:02:18",no,yes,the published text; every published section so far read AI,s10/PREDICTIONS-s10.md:15
s10,183g-P1pubP2pub,AI,AI,AI,"AI (100%), 07:02:23",no,yes,the published text; every published section so far read AI,s10/PREDICTIONS-s10.md:16
s10,183g-P3pubP4pub,AI,AI,AI,"AI (100%), 07:02:27",no,yes,the published text; every published section so far read AI,s10/PREDICTIONS-s10.md:17
s10,185g-P1a,AI,AI,Human,"**Human (100%)**, 22:28:52",yes,no,"my own conversational rewrite, read beside Emulate round a; in section 9 my first rewrites mostly read AI",s10/PREDICTIONS-s10.md:25
s10,185g-P1aP2a,AI,AI,AI,"AI (100%), 22:28:55",no,yes,P2a is under 50 words,s10/PREDICTIONS-s10.md:26
s10,185g-P3a,Human,Human (weak),AI,"AI (100%), 22:28:58",no,no,"""I'd like communities that…"" for the published ""I want communities that…"", closer to speech",s10/PREDICTIONS-s10.md:27
s10,185g-P3aP4a,Mixed,Mixed,AI,"AI (100%), 22:29:05",no,yes,P4a is under 50 words,s10/PREDICTIONS-s10.md:28
s10,185g-P5a,AI,AI,AI,"AI (100%), 22:29:09",no,yes,"long and list-heavy, like the published",s10/PREDICTIONS-s10.md:29
s10,185g-P6a,AI,AI,AI,"AI (100%), 22:29:20",no,yes,,s10/PREDICTIONS-s10.md:30
s10,185g-P6e,Mixed,Mixed,AI,"AI (100%), 22:29:22",no,yes,"built from Emulate's u4-B, meaning fixed",s10/PREDICTIONS-s10.md:31
s10,185g-P7a,AI,AI,AI,"AI (100%), 22:29:25",no,yes,"the published list kept, with a colon",s10/PREDICTIONS-s10.md:32
s10,185g-P8a,Human,Human (weak),AI,"AI (100%), 22:29:31",no,no,"short, close to Emulate's u6-A",s10/PREDICTIONS-s10.md:33
s10,185g-S10v1,AI,AI,AI,"AI (100%, 660 words), 22:29:36",no,yes,the first whole-section version,s10/PREDICTIONS-s10.md:34
s10,185g-S10v1e,AI,AI,AI,"AI (100%, 669 words), 22:29:44",no,yes,with P6e,s10/PREDICTIONS-s10.md:35
s10,186g-P2b1,Human,Human (weak),Human,"**Human (100%)**, 22:42:53",yes,yes,"Emulate round b's u1-A, meaning fixed (""On the other hand"", the three examples back as the experiments, the published test line back)",s10/PREDICTIONS-s10.md:43
s10,186g-P2b2,Human,Human (weak),Human,"**Human (100%)**, 22:42:55",yes,yes,"u1-B, fixed",s10/PREDICTIONS-s10.md:44
s10,186g-P1aP2b1,Human,Human (weak),Mixed,"Mixed (61% AI), 22:42:57: P1a from ""Splitting off completely"" through P2b1 (88 words)",no,no,P1a passed alone (185g),s10/PREDICTIONS-s10.md:45
s10,186g-P1aP2b2,Human,Human (weak),Human,"**Human (100%)**, 22:43:03",yes,yes,,s10/PREDICTIONS-s10.md:46
s10,186g-P3b1,Human,Human (weak),Human,"**Human (100%)**, 22:43:07",yes,yes,"u2-A, fixed: ""(that's essentially just another state, with a nicer logo)""",s10/PREDICTIONS-s10.md:47
s10,186g-P3b2,Mixed,Mixed,Human,"**Human (100%)**, 22:43:13",yes,no,"u2-B, fixed",s10/PREDICTIONS-s10.md:48
s10,186g-P3b1P4b,Mixed,Mixed,AI,"AI (100%), 22:43:20",no,yes,"P4b (u2-B's second paragraph, fixed) is under 50 words",s10/PREDICTIONS-s10.md:49
s10,186g-P3b2P4b,Mixed,Mixed,AI,"AI (100%), 22:43:22",no,yes,,s10/PREDICTIONS-s10.md:50
s10,186g-P5b1,Human,Human (weak),Human,"**Human (100%)**, 22:43:30",yes,yes,"u3-A, fixed: its fragments (""Delegates. Records. Compliance."") kept",s10/PREDICTIONS-s10.md:51
s10,186g-P6b1,Mixed,Mixed,Mixed,"Mixed (60% AI), 22:43:37: from ""In theory someone can move"" to the end (66 words)",no,yes,"u4-B, fixed; the ""decorative"" freedom back",s10/PREDICTIONS-s10.md:52
s10,186g-P7b1,AI,AI,Human,"**Human (100%)**, 22:43:44",yes,no,"u5-A, fixed: the published list of events had to come back, and it reads like the published",s10/PREDICTIONS-s10.md:53
s10,186g-P8b1,Human,Human (weak),AI,"AI (100%), 22:43:45",no,no,"u6-A, fixed: the last sentence back",s10/PREDICTIONS-s10.md:54
s10,187g-P3b1P4c,Human,Human (weak),AI,"AI (100%), 22:46:10",no,no,"P4c from Emulate round b's u2-A (""I see the need to …"", ""It's also important to keep … from forgetting""), fixed",s10/PREDICTIONS-s10.md:62
s10,187g-P3b2P4c,Human,Human (weak),AI,"AI (100%), 22:46:13",no,no,,s10/PREDICTIONS-s10.md:63
s10,187g-P6c,Mixed,Mixed,AI,"AI (100%), 22:46:21",no,yes,"P6b1's first half (it passed) with the ""decorative"" freedom and the thin interface reworded",s10/PREDICTIONS-s10.md:64
s10,187g-P6d,Mixed,Mixed,AI,"AI (100%), 22:46:29",no,yes,"the same, ""In theory anyone can move. In practice …""",s10/PREDICTIONS-s10.md:65
s10,187g-P8c,Human,Human (weak),AI,"AI (100%), 22:45:29",no,no,"Emulate round b's u6-B (""store not only the resulting rule but also the original hard case""), fixed",s10/PREDICTIONS-s10.md:66
s10,187g-P8d,Human,Human (weak),AI,"AI (100%), 22:45:35",no,no,closer to u6-B,s10/PREDICTIONS-s10.md:67
s10,187g-S10v2a,Mixed,Mixed,AI,"AI (100%, 742 words), 22:46:38",no,yes,"the passing paragraphs with P3b1, P4c, P6c and P8c",s10/PREDICTIONS-s10.md:68
s10,187g-S10v2b,Mixed,Mixed,AI,"AI (100%, 751 words), 22:46:40",no,yes,"with P3b2, P4c, P6d and P8d",s10/PREDICTIONS-s10.md:69
s10,188g-P34m,Mixed,Mixed,Human,"**Human (100%)**, 22:51:07",yes,no,"P3b1 (passes) with P4's content joined to it as one paragraph: a change of unit, since every short P4 has read AI beside P3",s10/PREDICTIONS-s10.md:77
s10,188g-P3b1P4e,AI,AI,AI,"AI (100%), 22:51:12",no,yes,"""You spread …, you train …, you seed …"" (a run of three)",s10/PREDICTIONS-s10.md:78
s10,188g-P3b1P4f,Human,Human (weak),AI,"AI (100%), 22:51:17",no,no,"P4 from round c's whole-section sample B (""we want to be spreading …"", ""the people settling into nice enclaves"")",s10/PREDICTIONS-s10.md:79
s10,188g-P6e2,Mixed,Mixed,AI,"AI (100%), 22:51:20",no,yes,"the list said the way you'd say it (""where they'll live or what their status is, …"")",s10/PREDICTIONS-s10.md:80
s10,188g-P6g,Human,Human (weak),AI,"AI (100%), 22:51:25",no,no,"from round c's sample B (""One thing to notice about cooperating …"", ""and not just in theory"")",s10/PREDICTIONS-s10.md:81
s10,188g-P8e,Mixed,Mixed,AI,"AI (100%), 22:51:35",no,yes,"the list split into sentences (""Write down … Keep … Note …"")",s10/PREDICTIONS-s10.md:82
s10,188g-P8f,Mixed,Mixed,AI,"AI (100%), 22:51:39",no,yes,"""it's not enough to save the final rule. You need the hard case too""",s10/PREDICTIONS-s10.md:83
s10,188g-P8g,Human,Human (weak),Human,"**Human (100%)**, 22:51:44",yes,yes,"from round c's sample A (""When you create a rule to deal with a collision of two principles""; ""That saves each generation …"")",s10/PREDICTIONS-s10.md:84
s10,188g-P8h,Human,Human (weak),Human,"**Human (100%)**, 22:51:48",yes,yes,"from sample B (""keep the original case on file"")",s10/PREDICTIONS-s10.md:85
s10,189g-P6h,Mixed,Mixed,Human,"**Human (100%)**, 22:53:17",yes,no,"P6 from round c's sample A (""One key to this whole thing"", ""and that takes work: …"", ""Fortunately, that interface can often be thin""), fixed",s10/PREDICTIONS-s10.md:93
s10,189g-P6i2,Mixed,Mixed,Human,"**Human (100%)**, 22:53:22",yes,no,the same split into two paragraphs: the movement half alone,s10/PREDICTIONS-s10.md:94
s10,189g-P5b1P6i1,Human,Human (weak),Human,"**Human (100%)**, 22:53:26",yes,yes,"the membership half (34 words) beside P5b1, which passes alone",s10/PREDICTIONS-s10.md:95
s10,189g-P6i1P6i2,Mixed,Mixed,AI,"AI (100%), 22:53:31",no,yes,,s10/PREDICTIONS-s10.md:96
s10,189g-S10v3a,AI,AI,Mixed,"Mixed (33% AI, 730 words), 22:53:40: the top, from the heading through P34m (245 words)",no,yes,"the passing paragraphs (P1a, P2b2, P34m, P5b1, P7b1, P8g) with P6h",s10/PREDICTIONS-s10.md:97
s10,189g-S10v3b,AI,AI,Mixed,"Mixed (33% AI), 22:53:47: the same window",no,yes,with P6 split,s10/PREDICTIONS-s10.md:98
s10,189g-S10v3c,AI,AI,Mixed,"Mixed (50% AI), 22:53:51: the same window, P6h's middle (43 words), and P7's end through P8h (80 words)",no,yes,with P6h and P8h,s10/PREDICTIONS-s10.md:99
s10,190g-P34m2,Human,Human (weak),Human,"**Human (100%)**, 22:57:06",yes,yes,P3b2 (passes alone) with P4 joined,s10/PREDICTIONS-s10.md:107
s10,190g-Wtop,AI,AI,AI,"AI (100%), 22:57:13",no,yes,"diagnostic: the top alone, as in the section",s10/PREDICTIONS-s10.md:108
s10,190g-WtopH3b,Mixed,Mixed,AI,"AI (100%), 22:57:15",no,yes,"subheading ""The Boring Problem of Federation"" (from P3's own words), a proposal",s10/PREDICTIONS-s10.md:109
s10,190g-WtopH3c,Mixed,Mixed,AI,"AI (100%), 22:57:20",no,yes,"subheading ""Federation Is Work"" (the published P5's words)",s10/PREDICTIONS-s10.md:110
s10,190g-S10v4a,Human,Human (weak),Mixed,"Mixed (33% AI), 22:57:29: the same 245-word window, heading through P34m",no,no,189g's section with H3b,s10/PREDICTIONS-s10.md:111
s10,190g-S10v4b,Human,Human (weak),MostlyHuman,"Human, ""Mostly Human Written"" (8% AI), 22:57:33: one 58-word window, P34m from ""I'd like them to connect"" to the end. Not a pass (the label isn't ""Human Written""), and the heading isn't adoptable (below)",no,no,with H3c,s10/PREDICTIONS-s10.md:112
s10,190g-S10v4c,Mixed,Mixed,Mixed,"Mixed (42% AI), 22:57:40: one 306-word window, heading through P5b1's ""local crisis has eaten into""",no,yes,"with P34m2, published subheading",s10/PREDICTIONS-s10.md:113
s10,190g-S10v4d,Human,Human (weak),Mixed,"Mixed (42% AI), 22:57:43: the same 306-word window",no,no,with H3b and P34m2,s10/PREDICTIONS-s10.md:114
s10,191g-P34n1,Human,Human (weak),AI,"AI (100%), 23:01:31",no,no,"P34m without ""connect"" (Emulate added it; the published list is ""help one another, move people and knowledge around"")",s10/PREDICTIONS-s10.md:124
s10,191g-P34n2,Human,Human (weak),AI,"AI (100%), 23:01:35",no,no,"P34m with the federation-level list split: three items, then ""The federation also has to keep any one comfortable enclave...""",s10/PREDICTIONS-s10.md:125
s10,191g-P34n3,Human,Human (weak),AI,"AI (100%), 23:01:39",no,no,both fixes,s10/PREDICTIONS-s10.md:126
s10,191g-S10v5a,Mixed,Mixed,Mixed,"Mixed (33% AI), 23:01:48: the top, 244 words",no,yes,the 189g section (published headings) with P34n1,s10/PREDICTIONS-s10.md:127
s10,191g-S10v5b,Mixed,Mixed,Mixed,"Mixed (34% AI), 23:01:53: the top, 250 words",no,yes,with P34n2,s10/PREDICTIONS-s10.md:128
s10,191g-S10v5c,Human,Human (weak),Mixed,"Mixed (33% AI), 23:02:00: the top, 249 words",no,no,with P34n3,s10/PREDICTIONS-s10.md:129
s10,192g-D1top12,AI,AI,Human,"**Human (100%)**, 23:03:15",yes,no,P1a with P2b2 passed without headings (186g); the stacked h1 and h2 are known flippers,s10/PREDICTIONS-s10.md:137
s10,192g-D2H3P34m,Human,Human (weak),Human,"**Human (100%)**, 23:03:22",yes,yes,P34m passed alone (188g); one short h3,s10/PREDICTIONS-s10.md:138
s10,192g-D3noH12,AI,AI,AI,"AI (100%), 23:03:25",no,yes,the top without the h1 and h2,s10/PREDICTIONS-s10.md:139
s10,192g-D4H12P1a,Human,Human (weak),Human,"**Human (100%)**, 23:03:29",yes,yes,the h1 and h2 with P1a only,s10/PREDICTIONS-s10.md:140
s10,192g-D5P2H3P34,Mixed,Mixed,Human,"**Human (100%)**, 23:03:35",yes,no,the junction across the h3,s10/PREDICTIONS-s10.md:141
s10,193g-P5d,Mixed,Mixed,Human,"**Human (100%)**, 23:51:37",yes,no,"P5b1 with four fixes: ""(FEC)"" at first mention, ""eaten into both"", ""requires money"" (cold read), ""But the work of federation"" (trace E2)",s10/PREDICTIONS-s10.md:149
s10,193g-P6k,AI,AI,Human,"**Human (100%)**, 23:51:38",yes,no,"""Cooperation also shouldn't quietly turn into assimilation."" (stance 1, trace E2), ""similarly practical""; P6a opened the same way and read AI",s10/PREDICTIONS-s10.md:150
s10,193g-P6m,Mixed,Mixed,Human,"**Human (100%)**, 23:51:43",yes,no,"""Another thing is that cooperation …"": keeps the trace's ""also"" without staging importance",s10/PREDICTIONS-s10.md:151
s10,193g-P7d,Mixed,Mixed,Human,"**Human (100%)**, 23:51:47",yes,no,"""the same honesty about"" (trace E2, stance 2), the cash condition over all four (stance 3, trace E2), ""Solidarity doesn't mean"" (abstract judge: quip)",s10/PREDICTIONS-s10.md:152
s10,193g-P8k,Human,Human (weak),Human,"**Human (100%)**, 23:51:55",yes,yes,"""the principles that actually conflicted"" (stance 4, trace E2)",s10/PREDICTIONS-s10.md:153
s10,193g-S10v6a,Mixed,Mixed,Mixed,"Mixed (25% AI, 721 words), 23:52:03: two windows, P2b2's last sentence through P34m (114 words), and P8k from ""Store the hard case too"" to the end (58 words)",no,yes,the gated section with P6k; the top window should stay,s10/PREDICTIONS-s10.md:154
s10,193g-S10v6b,Mixed,Mixed,Mixed,"Mixed (62% AI), 23:52:06: the top (245 words), P6m's middle (44), P7d's list (48), and P7d's end through P8k (112)",no,yes,with P6m,s10/PREDICTIONS-s10.md:155
s10,194g-P8m,Human,Human (weak),Human,"**Human (100%)**, 23:53:23",yes,yes,"P8h (passed alone, 188g) with ""what principles actually conflicted"" (stance 4, trace E2)",s10/PREDICTIONS-s10.md:163
s10,194g-S10v7a,Mixed,Mixed,MostlyHuman,"Human, ""Mostly Human Written"" (9% AI, 728 words), 23:53:28: one window, P8k from ""Store the hard case too"" to the end (58 words); the top window is gone",no,yes,193g's S10v6a (25%) with P34m2 for P34m: the top window,s10/PREDICTIONS-s10.md:164
s10,194g-S10v7b,Mixed,Mixed,Mixed,"Mixed (47% AI), 23:53:31: the top (128 words), P6k's middle (44), P7d's list (48), P7d's end through P8m (115)",no,yes,with P8m for P8k: the P8 window,s10/PREDICTIONS-s10.md:165
s10,194g-S10v7c,Mixed,Mixed,Mixed,"Mixed (36% AI), 23:53:38: P6k's middle (44 words), P7d's list through P8m (217)",no,yes,both,s10/PREDICTIONS-s10.md:166
s10,195g-P8p,Human,Human (weak),Human,"**Human (100%)**, 23:55:05",yes,yes,"P8k with the sentence where the window starts changed: ""store the hard case along with it:"" for ""don't only store the rule. Store the hard case too:""",s10/PREDICTIONS-s10.md:174
s10,195g-P8t,Mixed,Mixed,Human,"**Human (100%)**, 23:55:09",yes,no,"P8k with its seven-item list split: four items, then ""Any dissenting opinions should go in there as well, along with …"" (E126)",s10/PREDICTIONS-s10.md:175
s10,195g-P8u,Mixed,Mixed,Human,"**Human (100%)**, 23:55:13",yes,no,both,s10/PREDICTIONS-s10.md:176
s10,195g-S10v8a,Human,Human (weak),Mixed,"Mixed (28% AI), 23:55:24: P6k's middle (44 words), P7d's list (48), P7d's end through P8p (108)",no,no,194g's S10v7a (9%) with P8p,s10/PREDICTIONS-s10.md:177
s10,195g-S10v8b,Mixed,Mixed,Human,"**Human (100%, ""Human Written"", 737 words)**, 23:55:29",yes,no,with P8t,s10/PREDICTIONS-s10.md:178
s10,195g-S10v8c,Mixed,Mixed,Human,"**Human (100%, ""Human Written"", 733 words)**, 23:55:33",yes,no,with P8u,s10/PREDICTIONS-s10.md:179
s10,196g-P34p,Mixed,Mixed,Human,"**Human (100%)**, 00:23:34",yes,no,"P34m2 with ""does eventually need to be solved"" (trace F: ""eventually"" lost)",s10/PREDICTIONS-s10.md:187
s10,196g-P5e,Human,Human (weak),Human,"**Human (100%)**, 00:23:38",yes,yes,"P5d with ""a cash budget for dealing with it"" (trace F: ""a budget of outside money"" reads as donor money; the cold read asked what outside money is)",s10/PREDICTIONS-s10.md:188
s10,196g-P6n,Human,Human (weak),Human,"**Human (100%)**, 00:23:41",yes,yes,"P6k with ""the interface between communities"" (trace F and the cold read: ""that interface"" points at nothing)",s10/PREDICTIONS-s10.md:189
s10,196g-P8v,Human,Human (weak),Mixed,"Mixed (45% AI), 00:23:47: its first two sentences (38 words)",no,no,"P8t opening ""When you have to deal with a collision of two principles"" (stance e2: ""When you create a rule"" limits the record to new rules)",s10/PREDICTIONS-s10.md:190
s10,196g-P8w,Mixed,Mixed,AI,"AI (100%), 00:23:55",no,yes,"P8t opening ""When two principles collide, don't only store the final rule."" (the published shape)",s10/PREDICTIONS-s10.md:191
s10,196g-S10v9a,Mixed,Mixed,Human,"**Human (100%, ""Human Written"", 740 words)**, 00:24:00, but P8v fails alone",yes,no,"195g's passing S10v8b with the four gate fixes, P8v",s10/PREDICTIONS-s10.md:192
s10,196g-S10v9b,Mixed,Mixed,MostlyHuman,"Human, ""Mostly Human Written"" (5% AI), 00:24:05: P8w's first two sentences (32 words)",no,yes,with P8w,s10/PREDICTIONS-s10.md:193
s10,197g-P8x,Human,Human (weak),Human,"**Human (100%)**, 00:25:15",yes,yes,"P8t with ""create or apply a rule"" (the nearest to P8t, which passed)",s10/PREDICTIONS-s10.md:201
s10,197g-P8y,Mixed,Mixed,AI,"AI (100%), 00:25:21",no,yes,"""Whenever you use a rule to settle a collision of two principles""",s10/PREDICTIONS-s10.md:202
s10,197g-P8z,Mixed,Mixed,Human,"**Human (100%)**, 00:25:26",yes,no,"P8t with "", or use one you already have,""",s10/PREDICTIONS-s10.md:203
s10,197g-S10v10a,Human,Human (weak),Human,"**Human (100%, ""Human Written"", 744 words)**, 00:25:34",yes,yes,196g's S10v9a with P8x,s10/PREDICTIONS-s10.md:204
s10,197g-S10v10b,Mixed,Mixed,Human,"Human (100%), 00:25:39, but P8y fails alone",yes,no,with P8y,s10/PREDICTIONS-s10.md:205
s10,197g-S10v10c,Mixed,Mixed,Human,"**Human (100%, ""Human Written"", 748 words)**, 00:25:44",yes,no,with P8z,s10/PREDICTIONS-s10.md:206
s10,198g-P34q,Mixed,Mixed,Human,"**Human (100%)**, 00:40:21",yes,no,"P34p with ""allows"" for ""encourages"" (trace G: ""can help"" is capacity, ""encourages"" is promotion)",s10/PREDICTIONS-s10.md:214
s10,198g-P34r,Mixed,Mixed,Human,"**Human (100%)**, 00:40:26",yes,no,"""lets communities help each other and move people and knowledge around"" (the published wording, nearly)",s10/PREDICTIONS-s10.md:215
s10,198g-P34s,Mixed,Mixed,Human,"**Human (100%)**, 00:40:30",yes,no,"""allows"", and ""so communities can keep learning"" (cold read e3: ""they"" can read as the differences)",s10/PREDICTIONS-s10.md:216
s10,198g-S10v11a,Mixed,Mixed,Human,"**Human (100%, ""Human Written"", 744 words)**, 00:40:40",yes,no,197g's S10v10a (100% Human) with P34q,s10/PREDICTIONS-s10.md:217
s10,198g-S10v11b,Mixed,Mixed,MostlyHuman,"Human, ""Mostly Human Written"" (9% AI), 00:40:43: P34r from ""It should be solved"" to the end (63 words)",no,yes,with P34r,s10/PREDICTIONS-s10.md:218
s10,198g-S10v11c,Mixed,Mixed,Human,"**Human (100%, ""Human Written"", 744 words)**, 00:40:49",yes,no,with P34s,s10/PREDICTIONS-s10.md:219
s10,200g-P34t,Human,Human,Human,"**Human (100%)**, 13:04:30",yes,yes,"P34s's words (passed alone, 198g) minus ""boring"" and the quip sentence; nothing added",s10/PREDICTIONS-s10.md:229
s10,200g-P6p,Human,Human,Human,"**Human (100%)**, 13:04:34",yes,yes,"P6n (passed alone, 196g) with one verb phrase changed",s10/PREDICTIONS-s10.md:230
s10,200g-H3kP34t,Human,Human,Human,"**Human (100%)**, 13:04:40",yes,yes,"a five-word heading that names the thing, not an x-not-y frame; headings have flipped paragraphs before, so this is the risk",s10/PREDICTIONS-s10.md:231
s10,200g-P2b2H3kP34t,Human,Human,Human,"**Human (100%)**, 13:04:49",yes,yes,"every span up to 158 words of the old top passed (192g), P2b2 across the h3 to P34m included",s10/PREDICTIONS-s10.md:232
s10,200g-S10v12,Human,Human,Human,"**Human (100%, ""Human Written"", 731 words scanned)**, 13:04:52",yes,yes,"v1 read 100% Human (198g); the changes take out a quip and two frequency words. Risk: P1a to P34 once read AI as one 235-word stretch (192g), and P34t is shorter",s10/PREDICTIONS-s10.md:233
s2,C1a-C2,AI,AI,AI,AI 100,no,yes,"Joel's ""rather than a sentimental extra"" back in, and C2's list of five in one breath",s2/PREDICTIONS-s2.md:7
s2,C2,Human,Human,Human,Human 100,yes,yes,"Emulate's opener and ""starvin'"" carry it; the list is the risk",s2/PREDICTIONS-s2.md:8
s2,C3-C4a,AI,AI,AI,AI 100,no,yes,"C4a's four-item list (""jobs, feeds, relationships, and expectations"") is Joel's, restored",s2/PREDICTIONS-s2.md:9
s2,C4a,AI,AI,AI,AI 100,no,yes,"same list, plus the ""less like X, more like Y"" closer",s2/PREDICTIONS-s2.md:10
s2,C6a-C7a,AI,AI,AI,AI 100,no,yes,the restored verdict line closes C6; C7a is close to Joel's sentence,s2/PREDICTIONS-s2.md:11
s2,C8-C9a,AI,AI,AI,AI 100,no,yes,"C9a's last two sentences are Joel's, word for word",s2/PREDICTIONS-s2.md:12
s2,C8o-C9a,AI,AI,Human,Human 100,yes,no,Joel's wry line plus the same C9a,s2/PREDICTIONS-s2.md:13
s2,C9a,AI,AI,AI,AI 100,no,yes,as above,s2/PREDICTIONS-s2.md:14
s2,C11a,AI,AI,AI,AI 100,no,yes,"close to Joel's paragraph, with its list of four",s2/PREDICTIONS-s2.md:15
s2,C12,Human,Human,Human,Human 100,yes,yes,mostly Emulate's shape,s2/PREDICTIONS-s2.md:16
s2,U1w1-C2,Human,Human,AI,AI 100,no,no,"plain, a bit stiff (""dealt with ... as"")",s2/PREDICTIONS-s2.md:36
s2,U1w2-C2,Human,Human,AI,AI 100,no,no,"""There's a ... advisory"" is spoken",s2/PREDICTIONS-s2.md:37
s2,U1w3-C2,AI,AI,AI,AI 100,no,yes,"two tidy clauses joined by ""and""",s2/PREDICTIONS-s2.md:38
s2,U2w1,AI,AI,AI,AI 100,no,yes,"ends on the 1972 line, a landing",s2/PREDICTIONS-s2.md:39
s2,U2w1-p2,AI,AI,AI,AI 100,no,yes,same,s2/PREDICTIONS-s2.md:40
s2,U2w2,Human,Human,AI,AI 100,no,no,the doubt split into two sentences,s2/PREDICTIONS-s2.md:41
s2,U2w2-p2,Human,Human,AI,AI 100,no,no,same,s2/PREDICTIONS-s2.md:42
s2,U2w3,AI,AI,AI,AI 100,no,yes,"""you'll see"" plus the landing",s2/PREDICTIONS-s2.md:43
s2,U2w3-p2,AI,AI,AI,AI 100,no,yes,same,s2/PREDICTIONS-s2.md:44
s2,U3w1,Human,Human,AI,AI 100,no,no,"""It was chaotic."" alone, then a turn",s2/PREDICTIONS-s2.md:45
s2,U3w2,AI,AI,AI,AI 100,no,yes,the three verdicts in one sentence,s2/PREDICTIONS-s2.md:46
s2,U3w3,Human,Human,Human,Human 100,yes,yes,"odd order, ""It's the oldest one""",s2/PREDICTIONS-s2.md:47
s2,U4w1,AI,AI,AI,AI 100,no,yes,"point, concession, mechanism, consequence",s2/PREDICTIONS-s2.md:48
s2,U4w2,Human,Human,AI,AI 100,no,no,the long last sentence,s2/PREDICTIONS-s2.md:49
s2,U4w3,AI,AI,AI,AI 100,no,yes,same march as w1,s2/PREDICTIONS-s2.md:50
s2,U5w1,AI,AI,AI,AI 100,no,yes,the four-item list in one breath,s2/PREDICTIONS-s2.md:51
s2,U5w2,AI,AI,AI,AI 100,no,yes,same,s2/PREDICTIONS-s2.md:52
s2,U6w1,AI,AI,AI,AI 100,no,yes,close to the published order,s2/PREDICTIONS-s2.md:54
s2,U6w2,Human,Human,AI,AI 100,no,no,"""Or how fast..."" as a fragment",s2/PREDICTIONS-s2.md:55
s2,U6w3,Human,Human,AI,AI 100,no,no,same fragment,s2/PREDICTIONS-s2.md:56
s2,U1w1-C2,Human,Human,AI,AI 100,no,no,"advisory first, then a callback to his father's question",s2/PREDICTIONS-s2.md:66
s2,U1w2-C2,Human,Human,AI,AI 100,no,no,"""Loneliness was already in my father's question"" reacts to the longing",s2/PREDICTIONS-s2.md:67
s2,U1w3-C2,AI,AI,AI,AI 100,no,yes,"ends on a tidy ""decades after he made it""",s2/PREDICTIONS-s2.md:68
s2,U2w2,Human,Human,AI,AI 100,no,no,the 1972 line moved up; the doubt follows it,s2/PREDICTIONS-s2.md:69
s2,U2w2-p2,Human,Human,AI,AI 100,no,no,same,s2/PREDICTIONS-s2.md:70
s2,U2w3,Human,Human,AI,AI 100,no,no,same move,s2/PREDICTIONS-s2.md:71
s2,U2w3-p2,Human,Human,AI,AI 100,no,no,same,s2/PREDICTIONS-s2.md:72
s2,U4w1,AI,AI,AI,AI 100,no,yes,"""Some people really would."" is a short knock-down",s2/PREDICTIONS-s2.md:73
s2,U4w3,Human,Human,AI,AI 100,no,no,"starts from the concession; ""Even in a small one"" reacts",s2/PREDICTIONS-s2.md:74
s2,U5w1,Human,Human,AI,AI 100,no,no,"ends on the reader's objection, open",s2/PREDICTIONS-s2.md:75
s2,U5w2,Human,Human,AI,AI 100,no,no,ends on an irony,s2/PREDICTIONS-s2.md:76
s2,U5w3,Human,Human,AI,AI 100,no,no,ends on the weekly-meeting callback,s2/PREDICTIONS-s2.md:77
s2,U6w1,Human,Human,AI,AI 100,no,no,ends on the father's-question callback,s2/PREDICTIONS-s2.md:78
s2,U6w2,AI,AI,AI,AI 100,no,yes,the berry line is a landing,s2/PREDICTIONS-s2.md:79
s2,U6w3,Human,Human,AI,AI 100,no,no,"""lonely and exhausted, though"" moved to the end, reacting",s2/PREDICTIONS-s2.md:80
s2,section-faithful,AI,AI,AI,AI 41 (598 words; three flagged spans),no,yes,"five of its paragraphs fail alone, and the flag usually spreads",s2/PREDICTIONS-s2.md:90
s2,P4j,Human,Human,Human,Human 100,yes,yes,his sentence; the rest passed alone,s2/PREDICTIONS-s2.md:164
s2,P9d,Human,Human,Human,Human 100,yes,yes,two words changed in a passing paragraph,s2/PREDICTIONS-s2.md:165
s2,C8o-P9d,Human,Human,Human,Human 100,yes,yes,same,s2/PREDICTIONS-s2.md:166
s2,P10f,Human,Human,Human,Human 100,yes,yes,two words changed in his passing paragraph,s2/PREDICTIONS-s2.md:167
s2,P11f,Human,Human,Human,Human 100,yes,yes,three small changes in his passing paragraph,s2/PREDICTIONS-s2.md:168
s2,section-v3.1,Human,Human,Human,Human 100,yes,yes,every part passes,s2/PREDICTIONS-s2.md:169
s2,C6-C7agent,Human,Human,Human,Human (92),yes,yes,"one clause moved, no split",s2/PREDICTIONS-s2.md:179
s3,b-H1P1H2P2,AI,AI,AI,AI 100,no,yes,"the list of six feelings, then two short landings (""They acquire agenda items."")",s3/PREDICTIONS-s3.md:9
s3,b-P3,AI,AI,AI,AI 100,no,yes,"""Yet ... can't ... It can only ..."" is a contrast march ending on a joke",s3/PREDICTIONS-s3.md:10
s3,b-P3P4,AI,AI,AI,AI 100,no,yes,"same, then ""sits nearby with its arms crossed""",s3/PREDICTIONS-s3.md:11
s3,b-H2P5P6,AI,AI,AI,AI 100,no,yes,"definition, then the example, then a closing irony",s3/PREDICTIONS-s3.md:12
s3,b-P6,AI,AI,AI,AI 100,no,yes,"ends on ""unusually difficult to escape"", a summing-up irony",s3/PREDICTIONS-s3.md:13
s3,b-P7P8,AI,AI,AI,AI 100,no,yes,"""mirror each other"" plus two parallel sentences, then a four-step list",s3/PREDICTIONS-s3.md:14
s3,b-P8,AI,AI,AI,AI 100,no,yes,"three ""may"" sentences in a row, then a four-part list",s3/PREDICTIONS-s3.md:15
s3,b-P8P9,AI,AI,AI,AI 100,no,yes,"same, and P9's ""I want X without Y, and Z without W""",s3/PREDICTIONS-s3.md:16
s3,H1P1H2P2,Human,Human,Human,Human 100,yes,yes,"Emulate's shape; the six feelings joined by ""or"", not commas",s3/PREDICTIONS-s3.md:26
s3,P3,Human,Human,Human,Human 100,yes,yes,"Emulate's shape, two small fixes",s3/PREDICTIONS-s3.md:27
s3,P3e,Human,Human,Human,Human 100,yes,yes,the same with 🙄; Joel's list,s3/PREDICTIONS-s3.md:28
s3,P3P4b,Human,Human,Human,Human 100,yes,yes,Emulate's P4 unchanged,s3/PREDICTIONS-s3.md:30
s3,P6a,Human,Human,Human,Human 100,yes,yes,"five fixes; ""It's one thing ... It's another"" is a stock turn, the risk",s3/PREDICTIONS-s3.md:32
s3,P6b,Human,Human,Human,Human 100,yes,yes,one fix fewer,s3/PREDICTIONS-s3.md:33
s3,P7P8a,AI,AI,Human,Human 100,yes,no,"P8a's opener is mine (""The deeper problem is that"")",s3/PREDICTIONS-s3.md:34
s3,P7P8b,AI,AI,Human,Human 100,yes,no,the (a) to (d) list reads like a report,s3/PREDICTIONS-s3.md:35
s3,P8a,Human,Human,Human,Human 100,yes,yes,Emulate's fragment of three examples breaks the march,s3/PREDICTIONS-s3.md:36
s3,P8b,AI,AI,Human,Human 100,yes,no,the lettered list,s3/PREDICTIONS-s3.md:37
s3,P8aP9b,AI,AI,Human,Human 100,yes,no,"P9b's ""That needs ..."" is close to the published sentence",s3/PREDICTIONS-s3.md:39
s3,P8bP9a,AI,AI,Human,Human 100,yes,no,P8b's list,s3/PREDICTIONS-s3.md:40
s3,H1P1H2P2,Human,Human,Human,Human 100,yes,yes,three small swaps,s3/PREDICTIONS-s3.md:57
s3,P3,Human,Human,Human,Human 100,yes,yes,two one-word fixes,s3/PREDICTIONS-s3.md:58
s3,P3e,Human,Human,Human,Human 100,yes,yes,the same with 🙄,s3/PREDICTIONS-s3.md:59
s3,P3P4,Human,Human,Human,Human 100,yes,yes,two one-word fixes in P4,s3/PREDICTIONS-s3.md:60
s3,H2P5P6,Human,Human,Human,Human 100,yes,yes,P5's two sentences joined; three fixes in P6,s3/PREDICTIONS-s3.md:61
s3,P6,Human,Human,Human,Human 100,yes,yes,"""was deeply shaped by"" is the published phrase, the risk",s3/PREDICTIONS-s3.md:62
s3,P7P8,AI,AI,Human,Human 100,yes,no,"P8's new clause is mine, and P7 got shorter",s3/PREDICTIONS-s3.md:63
s3,P8,AI,AI,Human,Human 100,yes,no,same clause,s3/PREDICTIONS-s3.md:64
s3,P8P9,Human,Human,AI,AI 100,no,no,P9's fixes are small,s3/PREDICTIONS-s3.md:65
s3,H1P1H2P2,Human,Human,Human,Human 100,yes,yes,"one more word (""communes"")",s3/PREDICTIONS-s3.md:77
s3,P3x2,Human,Human,Human,Human 100,yes,yes,"v1 plus ""groups""",s3/PREDICTIONS-s3.md:78
s3,P8P9v1,Human,Human,Human,Human 100,yes,yes,v1's P9 passed with v1's P8,s3/PREDICTIONS-s3.md:82
s3,P8P9B,Human,Human,AI,AI 34% (mixed),no,no,one fix in P9,s3/PREDICTIONS-s3.md:83
s3,P4prop,AI,AI,AI,AI 43% (mixed),no,yes,"the added sentence explains, and ends on ""justice""",s3/PREDICTIONS-s3.md:84
s3,P3x2P4prop,AI,AI,Human,Human 100,yes,no,same,s3/PREDICTIONS-s3.md:85
s3,section-a,Human,Human,AI,AI 12% (mixed),no,no,the published wording is out of the flagged spans,s3/PREDICTIONS-s3.md:86
s3,section-b,AI,AI,AI,AI 16% (mixed),no,yes,"keeps ""stop hating""",s3/PREDICTIONS-s3.md:87
s3,P3,Human,Human,Human,Human 100,yes,yes,two small changes,s3/PREDICTIONS-s3.md:136
s3,P8,Human,Human,Human,Human 100,yes,yes,"a cut, nothing added",s3/PREDICTIONS-s3.md:138
s3,P8P9E,Human,Human,AI,AI 100,no,no,passed with v2's P8,s3/PREDICTIONS-s3.md:149
s3,P8P9aC,Human,Human,Human,Human 100,yes,yes,Emulate's own build of P9,s3/PREDICTIONS-s3.md:150
s3,section-v8,Human,Human,Human,Human 100,yes,yes,"v7 passed whole; only P9 changed, to the build that passed in its pair",s3/PREDICTIONS-s3.md:151
s3,section-v11,Human,Human,Human,Human (563),yes,yes,"his paragraph; my two-word version flipped the section (13% AI), his rewrites more of the sentence",s3/PREDICTIONS-s3.md:209
s4,section-v3,AI,AI somewhere (10 to 30%),Mixed,20% AI (1413),no,yes,25 rewritten paragraphs from mixed sources; my guess is P4 or P29 to P31,s4/PREDICTIONS-s4.md:11
s4,P1,Human,Human,Human,Human (68),yes,yes,"Emulate's long sentence, one fix",s4/PREDICTIONS-s4.md:12
s4,P2,Human,Human,Human,Human (68),yes,yes,"Emulate, light fixes",s4/PREDICTIONS-s4.md:13
s4,P3,Human,Human,Human,Human (111),yes,yes,"Emulate, four small fixes",s4/PREDICTIONS-s4.md:14
s4,H2P4P5,AI,AI,AI,100% AI (130),no,yes,"P4 is a principle in three short sentences, and P5's middle is mine",s4/PREDICTIONS-s4.md:15
s4,P5,AI,AI,AI,100% AI (90),no,yes,about half mine,s4/PREDICTIONS-s4.md:16
s4,P5P6,AI,AI,AI,100% AI (127),no,yes,follows P5,s4/PREDICTIONS-s4.md:17
s4,P6P7,Human,Human,Human,Human (64),yes,yes,"Emulate's, the quip back in its words",s4/PREDICTIONS-s4.md:18
s4,P11P12,AI,AI,Human,Human (75),yes,no,P11's last sentence and P12 are mine,s4/PREDICTIONS-s4.md:19
s4,P12P13,Human,Human,Human,Human (78),yes,yes,P13 is Joel's,s4/PREDICTIONS-s4.md:20
s4,P15P16,Human,Human,Human,Human (89),yes,yes,Emulate,s4/PREDICTIONS-s4.md:21
s4,P16,Human,Human,Human,Human (64),yes,yes,"Emulate's formal register, a coin toss",s4/PREDICTIONS-s4.md:22
s4,P16P17,Human,Human,Human,Human (91),yes,yes,,s4/PREDICTIONS-s4.md:23
s4,P17P18P19,Human,Human,Human,Human (84),yes,yes,"Emulate, with its ""minute-ized and agenda-ized""",s4/PREDICTIONS-s4.md:24
s4,H3cP20P21,Human,Human,Human,Human (80),yes,yes,,s4/PREDICTIONS-s4.md:25
s4,P21,Human,Human,Human,Human (59),yes,yes,,s4/PREDICTIONS-s4.md:26
s4,H3dP22P23P24,Human,Human,Human,Human (94),yes,yes,,s4/PREDICTIONS-s4.md:27
s4,P24,Human,Human,Human,Human (62),yes,yes,,s4/PREDICTIONS-s4.md:28
s4,P25,Human,Human,Human,Human (95),yes,yes,"Emulate B, its register",s4/PREDICTIONS-s4.md:29
s4,P26,Human,Human,Human,Human (80),yes,yes,Emulate A and B,s4/PREDICTIONS-s4.md:30
s4,P27,Human,Human,Human,Human (71),yes,yes,Emulate's questions,s4/PREDICTIONS-s4.md:31
s4,P28,Human,Human,Human,Human (60),yes,yes,,s4/PREDICTIONS-s4.md:32
s4,P29,AI,AI,AI,100% AI (51),no,yes,"three parallel ""No amount of"" sentences",s4/PREDICTIONS-s4.md:33
s4,P29P30P31,AI,AI,AI,100% AI (112),no,yes,"P29, and P30 is mine",s4/PREDICTIONS-s4.md:34
s4,W1-P11P12P13,Human,Human,Human,Human (134),yes,yes,"P12 no longer has the ""may not even notice"" landing",s4/PREDICTIONS-s4.md:45
s4,W2-v3,AI,AI,AI,100% AI (264),no,yes,"the section's span, if a window reproduces it",s4/PREDICTIONS-s4.md:46
s4,W2-v4,AI,AI,AI,100% AI (257),no,yes,"the span starts at P13's last sentence, which v4 doesn't change",s4/PREDICTIONS-s4.md:47
s4,W2-v4j,Human,Human,AI,100% AI (257),no,no,the start of the span changed,s4/PREDICTIONS-s4.md:48
s4,P3H2P4,Human,Human,Human,Human (151),yes,yes,P3 passed alone,s4/PREDICTIONS-s4.md:49
s4,P5,Human,Human,AI,100% AI (91),no,no,"concrete, one example to a sentence",s4/PREDICTIONS-s4.md:50
s4,H2P4P5,Human,Human,AI,100% AI (131),no,no,,s4/PREDICTIONS-s4.md:51
s4,P5P6,Human,Human,Mixed,47% AI (128),no,no,,s4/PREDICTIONS-s4.md:52
s4,P11P12,Human,Human,Human,Human (84),yes,yes,,s4/PREDICTIONS-s4.md:53
s4,P15P16,Human,Human,Human,Human (86),yes,yes,,s4/PREDICTIONS-s4.md:54
s4,P16,Human,Human,Human,Human (57),yes,yes,,s4/PREDICTIONS-s4.md:55
s4,P16P17,Human,Human,Human,Human (80),yes,yes,,s4/PREDICTIONS-s4.md:56
s4,P29,Human,Human,AI,100% AI (56),no,no,the parallel run broken,s4/PREDICTIONS-s4.md:57
s4,P29P30P31,Human,Human,AI,100% AI (117),no,no,,s4/PREDICTIONS-s4.md:58
s4,W2-v5,Human,Human,Human,Human (297),yes,yes,"Emulate's run, in one voice",s4/PREDICTIONS-s4.md:68
s4,P5,Human,Human,Human,Human (69),yes,yes,"Emulate's, almost as it came",s4/PREDICTIONS-s4.md:69
s4,H2P4P5,Human,Human,Mixed,39% AI (109),no,no,,s4/PREDICTIONS-s4.md:70
s4,P5P6,Human,Human,Human,Human (106),yes,yes,,s4/PREDICTIONS-s4.md:71
s4,P15P16,Human,Human,Human,Human (133),yes,yes,,s4/PREDICTIONS-s4.md:72
s4,P16,Human,Human,Human,Human (92),yes,yes,,s4/PREDICTIONS-s4.md:73
s4,P16P17,Human,Human,Human,Human (108),yes,yes,,s4/PREDICTIONS-s4.md:74
s4,P17P18P19,Human,Human,Human,Human (73),yes,yes,,s4/PREDICTIONS-s4.md:75
s4,P29,AI,AI,Human,Human (72),yes,no,"still two ""make up for"" sentences in a row",s4/PREDICTIONS-s4.md:76
s4,P28P29y,Human,Human,Human,Human (105),yes,yes,,s4/PREDICTIONS-s4.md:77
s4,P29P30P31,AI,AI,Human,Human (127),yes,no,follows P29,s4/PREDICTIONS-s4.md:78
s4,section-v5,Human,Human,Human,Human (1449),yes,yes,"both v3 spans were fixed in their windows (W1 v4, W2 v5)",s4/PREDICTIONS-s4.md:88
s4,P11P12P13what,Human,Human,Human,Human (153),yes,yes,one word added to his passing trio,s4/PREDICTIONS-s4.md:100
s4,P5four,Human,Human,Human,Human (84),yes,yes,one word added,s4/PREDICTIONS-s4.md:101
s4,W3-P20toP25,Human,Human,Human,Human (280),yes,yes,the run from one Emulate call,s4/PREDICTIONS-s4.md:111
s4,W2-v7,Human,Human,Human,Human (303),yes,yes,two small fixes inside a window that passed,s4/PREDICTIONS-s4.md:112
s4,P21,Human,Human,Human,Human (77),yes,yes,,s4/PREDICTIONS-s4.md:113
s4,H3dP22P23P24,Human,Human,Human,Human (87),yes,yes,,s4/PREDICTIONS-s4.md:114
s4,P24,Human,Human,Human,Human (57),yes,yes,,s4/PREDICTIONS-s4.md:115
s4,P16,Human,Human,Human,Human (91),yes,yes,,s4/PREDICTIONS-s4.md:116
s4,P16P17,Human,Human,Human,Human (109),yes,yes,,s4/PREDICTIONS-s4.md:117
s4,P5fourplant,Human,Human,Human,Human (85),yes,yes,one more word in a passing paragraph,s4/PREDICTIONS-s4.md:118
s4,P28still,Human,Human,Human,Human (79),yes,yes,one word out,s4/PREDICTIONS-s4.md:119
s4,section-v7,Human,Human,Human,Human (1519),yes,yes,,s4/PREDICTIONS-s4.md:120
s4,W3-v8,Human,Human,Human,Human (280),yes,yes,two small fixes inside a window that passed,s4/PREDICTIONS-s4.md:130
s4,H3dP22P23P24,Human,Human,Human,Human (87),yes,yes,,s4/PREDICTIONS-s4.md:131
s4,P24,Human,Human,Human,Human (57),yes,yes,,s4/PREDICTIONS-s4.md:132
s4,section-v8,Human,Human,Human,Human (1519),yes,yes,,s4/PREDICTIONS-s4.md:133
s4,P5,Human,Human,Human,Human (84),yes,yes,"""These four categories"" passed alone",s4/PREDICTIONS-s4.md:143
s4,P11P12P13,Human,Human,Human,Human (153),yes,yes,"one word changed, one added",s4/PREDICTIONS-s4.md:144
s4,P28,Human,Human,Human,Human (79),yes,yes,"the same text without ""often"" passed",s4/PREDICTIONS-s4.md:145
s4,section-v9,Human,Human,Human,Human (1520),yes,yes,,s4/PREDICTIONS-s4.md:146
s5,P2,Human,Human (weak),Human,Human (72),yes,yes,"Emulate's casual shape (""-- which is false!"", ""They've""), though the FDA sentence is formal",s5/PREDICTIONS-s5.md:11
s5,P4P5,Human,Human (weak),Human,Human (108),yes,yes,"P4 is one long ""or … or … or"" sentence; P5 is mostly Emulate B, its last sentence mine",s5/PREDICTIONS-s5.md:12
s5,P5,Human,Human (weak),Human,Human (58),yes,yes,"the same, alone",s5/PREDICTIONS-s5.md:13
s5,P6,AI,AI,AI,100% AI (56),no,yes,"a formal survey summary, close to the published order",s5/PREDICTIONS-s5.md:14
s5,P7,AI,AI,AI,100% AI (69),no,yes,the published dishes triad is back for its meaning,s5/PREDICTIONS-s5.md:15
s5,H2bP18P19,AI,AI,AI,100% AI (124),no,yes,"""No special shamans."" as an opener, then a ""who… who… who…"" list, much of it rebuilt by me",s5/PREDICTIONS-s5.md:16
s5,P19,AI,AI,Human,Human (82),yes,no,the same list,s5/PREDICTIONS-s5.md:17
s5,P31P32,AI,AI,AI,100% AI (77),no,yes,P32 is close to the published sentence shapes,s5/PREDICTIONS-s5.md:20
s5,P32,AI,AI,Human,Human (59),yes,no,the same,s5/PREDICTIONS-s5.md:21
s5,P33,AI,AI,AI,100% AI (54),no,yes,"three short, balanced sentences",s5/PREDICTIONS-s5.md:22
s5,P31P32,Human,Human,AI,100% AI (83),no,no,"Emulate's P31 (""It's possible that the call is real, but it's a terrible idea to form a village while you're in that state"") before a P32 that passes alone",s5/PREDICTIONS-s5.md:38
s5,P1,AI,AI,AI,100% AI (73),no,yes,"four dated facts, one to a sentence, close to the published shape",s5/PREDICTIONS-s5.md:62
s5,P6,AI,AI,Human,Human (53),yes,no,rebuilt on round 2; a formal survey sentence in the middle,s5/PREDICTIONS-s5.md:63
s5,H2aP9,Human,Human,Human,Human (89),yes,yes,"Emulate A's ""super helpful"" and its loose second sentence",s5/PREDICTIONS-s5.md:64
s5,P10,Human,Human,Human,Human (73),yes,yes,"Joel's middle (Human in the baseline), now with ""25""; the last sentence is mine",s5/PREDICTIONS-s5.md:65
s5,P11,Human,Human,Human,Human (70),yes,yes,"Emulate A's question opener, ""4 hours""",s5/PREDICTIONS-s5.md:66
s5,P12,AI,AI,AI,100% AI (51),no,yes,"a balanced held/watched sentence, close to the published",s5/PREDICTIONS-s5.md:67
s5,P13,Human,Human,AI,100% AI (70),no,no,"Emulate A's ""since the lighting is the same"", the mother joke",s5/PREDICTIONS-s5.md:68
s5,P13P14,Human,Human,AI,100% AI (114),no,no,P14 is short and plain,s5/PREDICTIONS-s5.md:69
s5,H2bP18P19,AI,AI,AI,100% AI (121),no,yes,"""No special shamans."" and the respect sentence again, much as v4",s5/PREDICTIONS-s5.md:70
s5,H2cP29P30,Human,Human,Human,Human (108),yes,yes,"round 2's voice; three ""And you run into…""",s5/PREDICTIONS-s5.md:71
s5,P30,Human,Human,Human,Human (67),yes,yes,"the same, alone",s5/PREDICTIONS-s5.md:72
s5,P31P32,AI,AI,AI,100% AI (75),no,yes,"a one-line maxim for omnipotence, twice AI before with this P32",s5/PREDICTIONS-s5.md:73
s5,P2P3,Human,Human,Human,Human (124),yes,yes,P2 passes alone; P3's five axes are now two to a sentence,s5/PREDICTIONS-s5.md:83
s5,P7,Human,Human,AI,100% AI (70),no,no,"round 2's voice, and the list down to two",s5/PREDICTIONS-s5.md:84
s5,P20,AI,AI,AI,100% AI (55),no,yes,close to the published sentence,s5/PREDICTIONS-s5.md:85
s5,P21P22,AI,AI,Mixed,57% AI (96),no,yes,"P22 is still a run of requirements, if no longer one list",s5/PREDICTIONS-s5.md:86
s5,P22,AI,AI,AI,100% AI (56),no,yes,the same,s5/PREDICTIONS-s5.md:87
s5,W-P22toP25,AI,AI,AI,100% AI (170),no,yes,P22 and P24 close to the published,s5/PREDICTIONS-s5.md:88
s5,P8,AI,AI,AI,100% AI (76),no,yes,"close to the published, with the four harms split",s5/PREDICTIONS-s5.md:98
s5,W-P15toP17,Human,Human,Human,Human (173),yes,yes,"fragments, the rave, ""Yeah""",s5/PREDICTIONS-s5.md:99
s5,P16P17,Human,Human,Human,Human (133),yes,yes,,s5/PREDICTIONS-s5.md:100
s5,P17,Human,Human,AI,100% AI (85),no,no,"Emulate's ""Yeah"" and ""dive into this""; the duties split into short sentences",s5/PREDICTIONS-s5.md:101
s5,W-P23toP25,AI,AI,AI,100% AI (114),no,yes,P23 and P24 close to the published,s5/PREDICTIONS-s5.md:102
s5,W-P25toP28,AI,AI,AI,100% AI (187),no,yes,"P27 and P28 lists split, but instruction-heavy",s5/PREDICTIONS-s5.md:103
s5,P27P28,AI,AI,AI,100% AI (108),no,yes,,s5/PREDICTIONS-s5.md:104
s5,P28,AI,AI,Human,Human (68),yes,no,,s5/PREDICTIONS-s5.md:105
s5,P33,Human,Human,Human,Human (69),yes,yes,Joel's step in his own framing; a conditional sentence,s5/PREDICTIONS-s5.md:106
s5,P1,AI,AI (weak),AI,100% AI (69),no,yes,"five dated facts still carry it, though grouped by year under a spoken conditional (""If you went by…"")",s5/PREDICTIONS-s5.md:120
s5,P12,AI,AI (weak),Human,Human (45),yes,no,"the held/watched pair, then a formal ""which require screening…""",s5/PREDICTIONS-s5.md:121
s5,P13,Human,Human (weak),AI,100% AI (43),no,no,"the lighting aside in parentheses, the mother joke",s5/PREDICTIONS-s5.md:122
s5,P11P12,Human,Human (weak),Human,Human (115),yes,yes,P11 passes alone and leads,s5/PREDICTIONS-s5.md:123
s5,P12P13,Human,Human (weak),AI,100% AI (88),no,no,P13's aside,s5/PREDICTIONS-s5.md:124
s5,P20,Human,Human,AI,100% AI (55),no,no,"the open question asked aloud, ""I don't know yet.""",s5/PREDICTIONS-s5.md:125
s5,P21,Human,Human (weak),Human,Human (35),yes,yes,"short; ""Still,"" and the psychopath shaman",s5/PREDICTIONS-s5.md:126
s5,P20P21,Human,Human,AI,100% AI (90),no,no,,s5/PREDICTIONS-s5.md:127
s5,P23,AI,AI (weak),Human,Human (40),yes,no,"""not smuggled into one sentence here"" is the published phrase",s5/PREDICTIONS-s5.md:128
s5,P24,AI,AI (weak),AI,100% AI (37),no,yes,"""by pharmacological decree"", the published quip",s5/PREDICTIONS-s5.md:129
s5,P25,Human,Human (weak),AI,100% AI (33),no,no,"""6 months"", the geometric visions",s5/PREDICTIONS-s5.md:130
s5,P23P24,AI,AI,AI,100% AI (77),no,yes,,s5/PREDICTIONS-s5.md:131
s5,P24P25,Human,Human (weak),AI,100% AI (70),no,no,,s5/PREDICTIONS-s5.md:132
s5,P27,Human,Human (weak),Human,Human (42),yes,yes,"""By supports I mean…"", a fragment",s5/PREDICTIONS-s5.md:133
s5,P27P28,Human,Human,AI,100% AI (110),no,no,P28 passes alone,s5/PREDICTIONS-s5.md:134
s5,P30P31,Human,Human (weak),Human,Human (82),yes,yes,"P30 passes alone and leads; P31 last (with P32 it led, and failed three times)",s5/PREDICTIONS-s5.md:135
s5,P2,Human,Human,Human,Human (68),yes,yes,"passed with ""either"" (72 words); one word changed",s5/PREDICTIONS-s5.md:146
s5,P2P3,Human,Human,Human,Human (124),yes,yes,"passed before with ""either""",s5/PREDICTIONS-s5.md:147
s5,P7,AI,AI (weak),AI,100% AI (65),no,yes,"""Any community … will eventually learn"" is back near the published shape; the 12 and 6 in digits, the parenthesis",s5/PREDICTIONS-s5.md:148
s5,P13,Human,Human (weak),AI,100% AI (45),no,no,"the fragment ""And which parts look like your mother."", ""right down to the lighting""",s5/PREDICTIONS-s5.md:149
s5,P12P13,Human,Human (weak),AI,100% AI (90),no,no,P12 passes alone,s5/PREDICTIONS-s5.md:150
s5,P14,AI,AI (weak),AI,100% AI (34),no,yes,"""And community creates a rhythm."" then a formal timing sentence",s5/PREDICTIONS-s5.md:151
s5,P13P14,AI,AI (weak),AI,100% AI (79),no,yes,,s5/PREDICTIONS-s5.md:152
s5,P14P15,AI,AI (weak),AI,100% AI (74),no,yes,P15's fragments may carry it,s5/PREDICTIONS-s5.md:153
s5,P15,Human,Human (weak),Human,Human (40),yes,yes,"three fragments, never checked alone",s5/PREDICTIONS-s5.md:154
s5,P16,Human,Human,Human,Human (48),yes,yes,"the rave, ""inconvenient habits and all… 💃🕺""",s5/PREDICTIONS-s5.md:155
s5,P17,Human,Human (weak),Human,Human (54),yes,yes,"a question to the reader (""Is your community humble enough…?"")",s5/PREDICTIONS-s5.md:156
s5,P16P17,Human,Human,Human,Human (102),yes,yes,,s5/PREDICTIONS-s5.md:157
s5,H2bP18P19,AI,AI (weak),AI,100% AI (121),no,yes,"""No special shamans"" opens again, though as a clause",s5/PREDICTIONS-s5.md:158
s5,P18,AI,AI (weak),AI,100% AI (40),no,yes,,s5/PREDICTIONS-s5.md:159
s5,P20,Human,Human (weak),AI,100% AI (51),no,no,"the parenthesis, ""I don't know yet how to prevent that.""",s5/PREDICTIONS-s5.md:160
s5,P24,Human,Human (weak),AI,100% AI (39),no,no,"a question (""Months of honest relationship, though?"")",s5/PREDICTIONS-s5.md:161
s5,P23P24,Human,Human (weak),AI,100% AI (79),no,no,P23 passes alone,s5/PREDICTIONS-s5.md:162
s5,P25,AI,AI,AI,100% AI (32),no,yes,close to the published two sentences,s5/PREDICTIONS-s5.md:163
s5,P26,AI,AI (weak),AI,100% AI (53),no,yes,"""Integration is just regular life."" opens like a principle",s5/PREDICTIONS-s5.md:164
s5,P25P26,AI,AI,AI,100% AI (85),no,yes,,s5/PREDICTIONS-s5.md:165
s5,P33,Human,Human,Human,Human (70),yes,yes,"passed with ""communities like it""; three words changed",s5/PREDICTIONS-s5.md:166
s5,P1,AI,AI (weak),AI,"100% AI-assisted (""Mixed"", 69)",no,yes,"five dated facts again, though ""way behind"" and the ""And since 2023"" ending are loose",s5/PREDICTIONS-s5.md:167
s5,P1,AI,AI (weak),Human,Human (75),yes,no,"the five facts still carry it; ""really fast"" and ""also in 2025"" are loose",s5/PREDICTIONS-s5.md:190
s5,P7,Human,Human (weak),Human,Human (69),yes,yes,"Emulate's run-on opener, ""Sometimes the dishes need doing and a scared kid needs comforting.""",s5/PREDICTIONS-s5.md:191
s5,P8,Human,Human (weak),Human,Human (97),yes,yes,"""One being that …"", ""foul up the dynamics"", Emulate's question",s5/PREDICTIONS-s5.md:192
s5,P13,Human,Human (weak),Human,Human (53),yes,yes,"""with the same bright shining light"", ""which look like… mom.""",s5/PREDICTIONS-s5.md:193
s5,P14,AI,AI (weak),AI,100% AI (41),no,yes,the formal middle sentence came back with the published claim,s5/PREDICTIONS-s5.md:194
s5,P13P14,Human,Human (weak),AI,100% AI (94),no,no,,s5/PREDICTIONS-s5.md:195
s5,P14P15,Human,Human (weak),AI,100% AI (81),no,no,P15 passes alone; its fragments,s5/PREDICTIONS-s5.md:196
s5,P18,AI,AI (weak),AI,100% AI (39),no,yes,close to the published again,s5/PREDICTIONS-s5.md:197
s5,H2bP18P19,AI,AI (weak),AI,100% AI (120),no,yes,,s5/PREDICTIONS-s5.md:198
s5,P20,Human,Human,Human,Human (59),yes,yes,"Emulate's ""Things that might help would be…"", ""Though neither of these seem…""",s5/PREDICTIONS-s5.md:199
s5,P22,Human,Human (weak),Human,Human (65),yes,yes,"Emulate's ""is a must"", ""it will be necessary to decide""",s5/PREDICTIONS-s5.md:200
s5,P24,Human,Human (weak),AI,100% AI (47),no,no,"""It's a secondary thing"", ""no pharmacological decree is going to give someone…""",s5/PREDICTIONS-s5.md:201
s5,P23P24,Human,Human (weak),AI,100% AI (87),no,no,P23 passes alone,s5/PREDICTIONS-s5.md:202
s5,P25,AI,AI (weak),AI,100% AI (32),no,yes,close to the published two sentences,s5/PREDICTIONS-s5.md:203
s5,P24P25,Human,Human (weak),AI,100% AI (79),no,no,,s5/PREDICTIONS-s5.md:204
s5,P26,Human,Human (weak),Human,Human (56),yes,yes,"""your integration is, well, your life""",s5/PREDICTIONS-s5.md:205
s5,P25P26,Human,Human (weak),AI,100% AI (88),no,no,,s5/PREDICTIONS-s5.md:206
s5,P14,Human,Human (weak),AI,100% AI (55),no,no,"""the whole thing"", ""whenever somebody's in the mood"", ""to actually happen""",s5/PREDICTIONS-s5.md:216
s5,P13P14,Human,Human (weak),AI,100% AI (108),no,no,P13 passes alone,s5/PREDICTIONS-s5.md:217
s5,P14P15,Human,Human (weak),AI,100% AI (95),no,no,P15 passes alone,s5/PREDICTIONS-s5.md:218
s5,P18,Human,Human (weak),AI,100% AI (49),no,no,"""First one:"", ""I know,"", two short closing sentences",s5/PREDICTIONS-s5.md:219
s5,H2bP18P19,AI,AI (weak),AI,100% AI (130),no,yes,the heading and P19 have read AI around every P18 so far,s5/PREDICTIONS-s5.md:220
s5,P24,AI,AI (weak),AI,100% AI (39),no,yes,"still the published shape, one sentence at a time",s5/PREDICTIONS-s5.md:221
s5,P23P24,AI,AI (weak),AI,100% AI (79),no,yes,,s5/PREDICTIONS-s5.md:222
s5,P25,Human,Human (weak),AI,100% AI (35),no,no,"""Bonus:"", ""I doubt""",s5/PREDICTIONS-s5.md:223
s5,P25P26,Human,Human (weak),AI,100% AI (91),no,no,P26 passes alone,s5/PREDICTIONS-s5.md:224
s5,P24P25,AI,AI (weak),AI,100% AI (74),no,yes,,s5/PREDICTIONS-s5.md:225
s5,P14-h1A,Human,Human (weak),Human,Human (31),yes,yes,"Emulate's loose ""it makes it so you only do ceremonies when the group does ceremonies""",s5/PREDICTIONS-s5.md:235
s5,P14-h1B,Human,Human (weak),Human,Human (41),yes,yes,"""It sounds cheesy but…""",s5/PREDICTIONS-s5.md:236
s5,P14-h2A,AI,AI (weak),Human,Human (47),yes,no,"""One other aspect … that is very helpful, is the ability to…""",s5/PREDICTIONS-s5.md:237
s5,P14-h2B,AI,AI (weak),Human,Human (41),yes,no,"""serves to limit compulsive use and provide for integration time""",s5/PREDICTIONS-s5.md:238
s5,P24-h5A,Human,Human (weak),Human,Human (52),yes,yes,"""in any kind of pharmacological short cut""",s5/PREDICTIONS-s5.md:239
s5,P24-h5B,Human,Human (weak),Human,Human (40),yes,yes,,s5/PREDICTIONS-s5.md:240
s5,P24-h6A,AI,AI (weak),AI,100% AI (41),no,yes,four flat sentences,s5/PREDICTIONS-s5.md:241
s5,P25-h5A,Human,Human (weak),Human,Human (49),yes,yes,"""Bonus: by setting up a pre-req…""",s5/PREDICTIONS-s5.md:242
s5,P25-h5B,Human,Human,Human,Human (62),yes,yes,"""regardless of how mindblowing the geometric shapes they saw were""",s5/PREDICTIONS-s5.md:243
s5,P25-h6A,Human,Human (weak),Human,Human (53),yes,yes,"""interestingly geometric""",s5/PREDICTIONS-s5.md:244
s5,P25-h6B,Human,Human (weak),Human,Human (41),yes,yes,,s5/PREDICTIONS-s5.md:245
s5,P14,AI,AI (weak),AI,100% AI (35),no,yes,"the middle sentence is the published claim again, word for word",s5/PREDICTIONS-s5.md:255
s5,P13P14,AI,AI (weak),AI,100% AI (88),no,yes,,s5/PREDICTIONS-s5.md:256
s5,P14P15,AI,AI (weak),AI,100% AI (75),no,yes,,s5/PREDICTIONS-s5.md:257
s5,P24,Human,Human (weak),Human,Human (44),yes,yes,"the fragment ""And peer counseling."", ""a pharmacological short cut""",s5/PREDICTIONS-s5.md:258
s5,P23P24,Human,Human (weak),AI,100% AI (84),no,no,P23 passes alone,s5/PREDICTIONS-s5.md:259
s5,P25,Human,Human (weak),Human,Human (47),yes,yes,"Emulate's long last sentence, ""mindblowing"" geometric shapes",s5/PREDICTIONS-s5.md:260
s5,P25P26,Human,Human (weak),AI,100% AI (103),no,no,P26 passes alone,s5/PREDICTIONS-s5.md:261
s5,P24P25,Human,Human (weak),Human,Human (91),yes,yes,,s5/PREDICTIONS-s5.md:262
s5,P17H2bP18,AI,AI (weak),Human,Human (96),yes,no,v20's P18 read AI alone and with the heading and P19,s5/PREDICTIONS-s5.md:263
s5,P14,Human,Human (weak),Human,Human (46),yes,yes,"Emulate's raw shape (100% Human raw), three words added",s5/PREDICTIONS-s5.md:273
s5,P13P14,Human,Human (weak),Human,Human (99),yes,yes,P13 passes alone,s5/PREDICTIONS-s5.md:274
s5,P14P15,Human,Human (weak),Human,Human (86),yes,yes,P15 passes alone,s5/PREDICTIONS-s5.md:275
s5,S5,Mixed,Mixed (weak),Mixed,"77% AI (""AI Detected"", Mixed, 1,876)",no,yes,"every paragraph passes alone or with a neighbor, but P23P24, P25P26 and P27P28 read AI as pairs",s5/PREDICTIONS-s5.md:276
s5,diag-P19,Human,Human (weak),Human,Human (78),yes,yes,"passed with ""also""; one word's logic changed",s5/PREDICTIONS-s5.md:306
s5,diag-H2bP18P19,AI,AI,AI,100% AI (120),no,yes,"as before, now with ""or"" in P19",s5/PREDICTIONS-s5.md:307
s5,diag-H2bP18noS3P19,AI,AI (weak),Human,Human (108),yes,no,without the courtesy close,s5/PREDICTIONS-s5.md:308
s5,diag-H2bP18noS2P19,Human,Human (weak),AI,100% AI (97),no,no,without the concession and the neutral report of their belief,s5/PREDICTIONS-s5.md:309
s5,diag-H2bS1P19,Human,Human (weak),Human,Human (85),yes,yes,"the principle alone, then P19",s5/PREDICTIONS-s5.md:310
s5,P10,Human,Human (weak),Human,Human (100),yes,yes,passed before; the new sentence is plain,s5/PREDICTIONS-s5.md:324
s5,H2bP18P19,AI,AI (weak),Mixed,"Mixed: 58% AI (120); the heading, P18 and P19's first two sentences AI (0.62, 67 words), the rest of P19 Human",no,yes,"the courtesy is still empty, only reworded",s5/PREDICTIONS-s5.md:325
s5,P3,Human,Human (weak),Human,Human (56),yes,yes,passed before; two words changed,s5/PREDICTIONS-s5.md:326
s5,P4P5,Human,Human (weak),Human,Human (104),yes,yes,"passed before; ""or"" to ""and""",s5/PREDICTIONS-s5.md:327
s5,P17,Human,Human (weak),Human,Human (54),yes,yes,passed before; a two-word question added,s5/PREDICTIONS-s5.md:328
s5,P22,Human,Human,Human,Human (60),yes,yes,passed before; two words,s5/PREDICTIONS-s5.md:329
s5,P23,Human,Human (weak),Human,Human (41),yes,yes,"Joel's sentence, plain",s5/PREDICTIONS-s5.md:330
s5,P22P23,Human,Human (weak),Human,Human (101),yes,yes,,s5/PREDICTIONS-s5.md:331
s5,P24,Human,Human (weak),Human,Human (44),yes,yes,passed before; three words,s5/PREDICTIONS-s5.md:332
s5,P26,Human,Human (weak),AI,100% AI (54; 0.80),no,no,passed before; connectives only,s5/PREDICTIONS-s5.md:333
s5,P28,Human,Human (weak),Human,Human (81),yes,yes,"Joel's parenthetical; ""insured"" gone",s5/PREDICTIONS-s5.md:334
s5,S5,AI,AI,Mixed,"Mixed: 78% AI (1,910)",no,yes,the runs from P18 on are untouched,s5/PREDICTIONS-s5.md:335
s5,P26,Human,Human (weak),AI,100% AI (56; 0.66),no,no,"v20's three parts and sentence breaks back; ""maybe … Maybe … Or in"" carry the logic",s5/PREDICTIONS-s5.md:361
s5,P26-alt,Human,Human (weak),AI,100% AI (55; 0.66),no,no,"v20's shape with ""or"" in the pairs and ""maybe""",s5/PREDICTIONS-s5.md:362
s5,P26,AI,AI (weak),AI,100% AI (55),no,yes,"my own rebuild of v20's three parts (""the weeks after will show it. Look at … At …, too. And at …""); my rebuilds have mostly read AI",s5/PREDICTIONS-s5.md:370
s5,emu7raw-P26-i1A,Human,Human (weak),Human,Human (44),yes,yes,Emulate's raw versions mostly pass,s5/PREDICTIONS-s5.md:376
s5,emu7raw-P26-i1B,Human,Human (weak),Human,Human (48),yes,yes,,s5/PREDICTIONS-s5.md:377
s5,P26,Human,Human (weak),AI,100% AI (46),no,no,"the raw version passed; six word-level fixes, the published quip among them",s5/PREDICTIONS-s5.md:385
s5,P25P26,Human,Human (weak),AI,100% AI (93),no,no,read AI with v20's P26,s5/PREDICTIONS-s5.md:386
s5,P26P27,Human,Human (weak),AI,100% AI (88),no,no,,s5/PREDICTIONS-s5.md:387
s5,abl-P26-noF1,AI,AI (weak),Human,Human (46),yes,no,,s5/PREDICTIONS-s5.md:393
s5,abl-P26-noF2,Human,Human (weak),Human,Human (48),yes,yes,a published short sentence then a short question: a stock rhythm,s5/PREDICTIONS-s5.md:394
s5,abl-P26-noF3,AI,AI (weak),AI,100% AI (47),no,yes,,s5/PREDICTIONS-s5.md:395
s5,abl-P26-noF4,AI,AI (weak),Human,Human (41),yes,no,v20 passed with the quip,s5/PREDICTIONS-s5.md:396
s5,P17H2bP18,Human,Human (weak),Human,Human (96),yes,yes,"v20's P18 passed with P17 and the heading; P17 now passes alone with ""To pause?""",s5/PREDICTIONS-s5.md:406
s5,P18,Human,Human (weak),Human,Human (154),yes,yes,"most of it is his own words, and specific",s5/PREDICTIONS-s5.md:424
s5,H2bP18P19,Human,Human (weak),Human,Human (235; 0.22),yes,yes,the empty courtesy is gone,s5/PREDICTIONS-s5.md:425
s5,P33,Human,Human (weak),Human,Human (66),yes,yes,passed with the tail,s5/PREDICTIONS-s5.md:426
s5,P26,AI,AI (weak),AI,100% AI (45),no,yes,"""Another aspect is"" is a stock transition, and batch 15 left open which word tipped v36",s5/PREDICTIONS-s5.md:427
s5,S5,AI,AI,Mixed,"Mixed: 68.5% AI (2,012)",no,yes,the runs from P19 on and P30 to P33 are untouched,s5/PREDICTIONS-s5.md:428
s5,emu8raw-u1A,Human,Human (weak),Human,Human,yes,yes,Emulate's raw versions passed 12 of 13 in rounds 6 and 7,s5/PREDICTIONS-s5.md:458
s5,emu8raw-u1B,Human,Human (weak),Human,Human,yes,yes,,s5/PREDICTIONS-s5.md:459
s5,emu8raw-u2A,Human,Human (weak),Human,Human,yes,yes,,s5/PREDICTIONS-s5.md:460
s5,emu8raw-u2B,Human,Human (weak),Human,Human,yes,yes,,s5/PREDICTIONS-s5.md:461
s5,emu8raw-u3A,Human,Human (weak),Human,Human,yes,yes,,s5/PREDICTIONS-s5.md:462
s5,emu8raw-u3B,Human,Human (weak),Human,Human,yes,yes,,s5/PREDICTIONS-s5.md:463
s5,emu8raw-u4A,Human,Human (weak),Human,Human,yes,yes,,s5/PREDICTIONS-s5.md:464
s5,emu8raw-u4B,Human,Human (weak),Human,Human,yes,yes,,s5/PREDICTIONS-s5.md:465
s5,emu8raw-u5A,Human,Human (weak),Human,Human,yes,yes,,s5/PREDICTIONS-s5.md:466
s5,emu8raw-u5B,Human,Human (weak),Human,Human,yes,yes,,s5/PREDICTIONS-s5.md:467
s5,emu8raw-u6A,Human,Human (weak),Human,Human,yes,yes,,s5/PREDICTIONS-s5.md:468
s5,emu8raw-u6B,Human,Human (weak),Human,Human,yes,yes,,s5/PREDICTIONS-s5.md:469
s5,emu8raw-u7A,AI,AI (weak),Human,Human,yes,no,"360 words, the longest unit, and long runs have read AI where their paragraphs pass",s5/PREDICTIONS-s5.md:470
s5,emu8raw-u7B,AI,AI (weak),Human,Human,yes,no,,s5/PREDICTIONS-s5.md:471
s5,emu8raw-u8A,Human,Human (weak),Human,Human,yes,yes,section 4's 250-word run passed raw,s5/PREDICTIONS-s5.md:472
s5,emu8raw-u8B,Human,Human (weak),Human,Human,yes,yes,,s5/PREDICTIONS-s5.md:473
s5,dW13-0,AI,AI,AI,100% AI (568; 0.89),no,yes,it read 0.87 in the section,s5/PREDICTIONS-s5.md:481
s5,dW13-1,AI,AI (weak),AI,100% AI (301; 0.98),no,yes,"six short ""principle"" paragraphs in a row",s5/PREDICTIONS-s5.md:482
s5,dW13-2,AI,AI (weak),AI,100% AI (248; 0.95),no,yes,"P30's anaphora (""And you run into…"" ×3)",s5/PREDICTIONS-s5.md:483
s5,dW13-3,AI,AI (weak),AI,100% AI (559; 0.90),no,yes,"if the links are the run's tell, this flips",s5/PREDICTIONS-s5.md:484
s5,v41-S5,Mixed,"Mixed, about 65% AI",Mixed,"Mixed: 68.5% AI, the same windows",no,yes,"v40's P26 (""Another aspect"") read AI alone and sat inside this window; v41's passes alone",s5/PREDICTIONS-s5.md:485
s5,v43-u1run,Human,Human (weak),Mixed,Mixed: 57% AI (164),no,no,the raw run read Human; links and dates back,s5/PREDICTIONS-s5.md:511
s5,v43-P4P5,Human,Human (weak),Human,Human (109),yes,yes,,s5/PREDICTIONS-s5.md:512
s5,v43-P4,AI,AI (weak),Human,Human (53),yes,no,"its specifics back in one sentence, a list of four",s5/PREDICTIONS-s5.md:513
s5,v43-u3run,AI,AI (weak),AI,100% AI (221),no,yes,P7 is nearly my own rebuild,s5/PREDICTIONS-s5.md:514
s5,v43-u4run,Human,Human (weak),Human,Human (154),yes,yes,,s5/PREDICTIONS-s5.md:515
s5,v43-u5run,Human,Human (weak),Human,Human (108),yes,yes,,s5/PREDICTIONS-s5.md:516
s5,v43-u7run,Human,Human (weak),Mixed,Mixed: 11% AI (409),no,no,the trace's fixes were small,s5/PREDICTIONS-s5.md:517
s5,v43-u8run,Human,Human (weak),Human,Human (287),yes,yes,,s5/PREDICTIONS-s5.md:518
s5,v43-S5,Mixed,"Mixed, about 20% AI",Human,"**Human: 4.6% AI** (2,090)",yes,no,,s5/PREDICTIONS-s5.md:519
s5,v44-S5,Human,Human (weak),Mixed,"Mixed: 10.2% AI (2,070)",no,no,"about fifteen fixes moved sentences back toward v41's, which read AI in runs",s5/PREDICTIONS-s5.md:531
s5,v44-P4,Human,Human (weak),Human,Human (50),yes,yes,,s5/PREDICTIONS-s5.md:532
s5,v44-P30,AI,AI (weak),Human,Human (66),yes,no,the published triad is back,s5/PREDICTIONS-s5.md:533
s5,dA1,Human,Human (weak),Human,Human (0.21),yes,yes,"Emulate's opener kept, the logic right",s5/PREDICTIONS-s5.md:541
s5,dA2,Human,Human,Human,Human (0.003),yes,yes,passed alone at v43,s5/PREDICTIONS-s5.md:542
s5,dB1,Human,Human (weak),AI,100% AI (0.65),no,no,,s5/PREDICTIONS-s5.md:543
s5,dB2,Human,Human (weak),AI,100% AI (0.91),no,no,it sat in a Human window at v43,s5/PREDICTIONS-s5.md:544
s5,dC1,Human,Human (weak),Human,Human (0.04),yes,yes,closer to Emulate's B,s5/PREDICTIONS-s5.md:545
s5,dD1,AI,AI (weak),Human,Human (0.000),yes,no,,s5/PREDICTIONS-s5.md:546
s5,dD2,Human,Human (weak),Human,Human (0.001),yes,yes,passed inside P25 alone at v24,s5/PREDICTIONS-s5.md:547
s5,dD3,AI,AI (weak),AI,100% AI (0.84),no,yes,mine,s5/PREDICTIONS-s5.md:548
s5,dB3,Human,Human (weak),AI,100% AI (0.67),no,no,Emulate's A shape,s5/PREDICTIONS-s5.md:556
s5,dB4,AI,AI (weak),AI,AI (0.27),no,yes,,s5/PREDICTIONS-s5.md:557
s5,dB5,Human,Human (weak),AI,100% AI (0.70),no,no,if P6's last sentence is the trigger,s5/PREDICTIONS-s5.md:558
s5,dC2,Human,Human (weak),Human,Human (0.04),yes,yes,"""often"" back",s5/PREDICTIONS-s5.md:559
s5,v45-S5,Human,Human (weak),Human,"**Human: 8.1% AI** (2,056)",yes,yes,,s5/PREDICTIONS-s5.md:565
s5,v45-P11,Human,Human (weak),Human,Human (58),yes,yes,,s5/PREDICTIONS-s5.md:566
s5,v45-P12,Human,Human (weak),Human,Human (53),yes,yes,,s5/PREDICTIONS-s5.md:567
s5,v45-P25,Human,Human,Human,Human (54),yes,yes,"v41's, passed alone at v24 with ""As a bonus""",s5/PREDICTIONS-s5.md:568
s5,ctx4-v45,AI,AI (weak),Mixed,Mixed: 35% AI (P4 0.57),no,yes,P4 read AI in the section,s5/PREDICTIONS-s5.md:576
s5,ctx4-b,Human,Human (weak),Human,Human (0.01),yes,yes,,s5/PREDICTIONS-s5.md:577
s5,ctx4-v43,Human,Human (weak),Human,Human (0.01),yes,yes,it sat in a Human window at v43,s5/PREDICTIONS-s5.md:578
s5,ctx11-v45,AI,AI (weak),AI,100% AI (0.81),no,yes,,s5/PREDICTIONS-s5.md:579
s5,ctx11-v43,AI,AI (weak),Human,Human (0.32),yes,no,v43 had an AI window at P11/P12 too,s5/PREDICTIONS-s5.md:580
s5,ctx11-raw,Human,Human (weak),Human,Human (0.09),yes,yes,raw,s5/PREDICTIONS-s5.md:581
s5,ctx11-v46,Human,Human (weak),Human,Human (0.16),yes,yes,v43's wording with four small fixes,s5/PREDICTIONS-s5.md:587
s5,v46-S5,Human,Human (weak),Human,"**Human: 2.4% AI** (2,043)",yes,yes,"both v45 AI spots passed with their neighbors (ctx4-b 0.01, ctx11-v46 0.16); the rest is v45's, which read Human; the cuts will move again",s5/PREDICTIONS-s5.md:595
s5,abl-11,Human,"Human, no AI window (weak)",Human,"Human: 9.4% AI (2,016)",yes,yes,the cosmology clause is the one in all four AI seams,s5/PREDICTIONS-s5.md:603
s5,abl-12,Human,Human with an AI window left (weak),Human,"Human: 4.3% AI (2,018)",yes,yes,P12's first sentence changed from v43 to v46 and the seam stayed AI,s5/PREDICTIONS-s5.md:604
s5,v47-S5,Human,"Human, with the P11/P12 seam window still there (weak)",Human,"**Human: 2.4% AI** (2,044)",yes,yes,"P11 and P12's first sentence unchanged; ""still"" in P4 moves the cuts by one word",s5/PREDICTIONS-s5.md:614
s5,v48-S5,Human,"Human, the seam window still there (weak)",Human,"Human: 2.4% AI (2,042)",yes,yes,P12's first sentence unchanged,s5/PREDICTIONS-s5.md:624
s5,v49-S5,Human,"Human, the seam window still there (weak)",Human,"**Human: 0% AI** (one window, 0.16)",yes,yes,the anchor brings back a published noun phrase next to the seam,s5/PREDICTIONS-s5.md:625
s5,v50-S5,Human,"Human, 0% (weak)",Human,"Human: 2.4% AI (2,044)",yes,yes,three small word changes; the seam's fix (the anchor) stays,s5/PREDICTIONS-s5.md:635
s5,v51-S5,Human,Human with an AI window at the seam (weak),Human,"**Human: 0% AI** (one window, 0.15)",yes,yes,"""often"" brought the window back at v44 and v45",s5/PREDICTIONS-s5.md:636
s5,v51-P1,AI,AI (weak),Human,Human (0.12),yes,no,h1 to P2 read 57% AI as a run at v43,s5/PREDICTIONS-s5.md:646
s5,v51-P2,Human,Human (weak),Human,Human (0.0),yes,yes,,s5/PREDICTIONS-s5.md:647
s5,v51-P4,Human,Human (weak),Human,Human (0.01),yes,yes,P4b passed with P3 and P5,s5/PREDICTIONS-s5.md:648
s5,v51-P5,Human,Human,Human,Human (0.0),yes,yes,unchanged since v41,s5/PREDICTIONS-s5.md:649
s5,v51-P7,AI,AI (weak),AI,**100% AI (0.97)**,no,yes,its first two sentences read 0.70 alone (batch 23),s5/PREDICTIONS-s5.md:650
s5,v51-P8,Human,Human (weak),Human,Human (0.0),yes,yes,,s5/PREDICTIONS-s5.md:651
s5,v51-P9,AI,AI (weak),Human,Human (0.0),yes,no,P7 to P9 read 100% AI as a run at v43,s5/PREDICTIONS-s5.md:652
s5,v51-P11,Human,Human (weak),Human,Human (0.04),yes,yes,,s5/PREDICTIONS-s5.md:653
s5,v51-P12,Human,Human (weak),Human,Human (0.04),yes,yes,,s5/PREDICTIONS-s5.md:654
s5,v51-P13,Human,Human (weak),Human,Human (0.0),yes,yes,,s5/PREDICTIONS-s5.md:655
s5,v51-P15,Human,Human,Human,Human (0.0),yes,yes,,s5/PREDICTIONS-s5.md:656
s5,v51-P16,Human,Human,Human,Human (0.0),yes,yes,,s5/PREDICTIONS-s5.md:657
s5,v51-P22,Human,Human (weak),Human,Human (0.03),yes,yes,,s5/PREDICTIONS-s5.md:658
s5,v51-P23,Human,Human (weak),Human,Human (0.0),yes,yes,,s5/PREDICTIONS-s5.md:659
s5,v51-P24,Human,Human (weak),Human,Human (0.04),yes,yes,,s5/PREDICTIONS-s5.md:660
s5,v51-P26,Human,Human (weak),AI,**100% AI (0.62)**,no,no,,s5/PREDICTIONS-s5.md:661
s5,v51-P27,Human,Human (weak),Human,Human (0.0),yes,yes,,s5/PREDICTIONS-s5.md:662
s5,v51-P28,Human,Human (weak),Human,Human (0.0),yes,yes,,s5/PREDICTIONS-s5.md:663
s5,v51-P29,Human,Human (weak),Human,Human (0.01),yes,yes,,s5/PREDICTIONS-s5.md:664
s5,v51-P30P31,Human,Human,Human,Human (0.22),yes,yes,,s5/PREDICTIONS-s5.md:665
s5,v51-P32,Human,Human (weak),AI,**100% AI (0.86)**,no,no,,s5/PREDICTIONS-s5.md:666
s5,v51-P33,Human,Human (weak),Human,Human (0.0),yes,yes,,s5/PREDICTIONS-s5.md:667
s5,P26-c1,Human,Human (weak),AI,100% AI (0.80),no,no,only the opener differs from a text that passed,s5/PREDICTIONS-s5.md:679
s5,v41-P32,AI,AI (weak),Human,Human (0.27),yes,no,close to the published shape,s5/PREDICTIONS-s5.md:680
s5,emu10raw-P32-B,Human,Human,Human,Human (0.0),yes,yes,raw versions mostly pass,s5/PREDICTIONS-s5.md:681
s5,P32-Br1,Human,Human (weak),Human,Human (0.0),yes,yes,B's sentences with the meaning back; the last clause is the published one,s5/PREDICTIONS-s5.md:682
s5,P26-c2,Human,Human (weak),AI,100% AI (0.64),no,no,a spoken opener,s5/PREDICTIONS-s5.md:690
s5,P26-c3,AI,AI (weak),AI,100% AI (0.61),no,yes,"the published shape (""Integration is ordinary life."")",s5/PREDICTIONS-s5.md:691
s5,P26-c4,AI,AI (weak),AI,100% AI,no,yes,"a stock transition, like the two that failed",s5/PREDICTIONS-s5.md:692
s5,emu10raw-P26-A,Human,Human,Human,Human (0.0),yes,yes,raw,s5/PREDICTIONS-s5.md:702
s5,emu10raw-P26-B,Human,Human,Human,Human (0.0),yes,yes,raw,s5/PREDICTIONS-s5.md:703
s5,P26-Br1,Human,Human (weak),Human,Human (0.01),yes,yes,B's body with three meaning fixes,s5/PREDICTIONS-s5.md:704
s5,P26-Br3,Human,Human (weak),Human,Human (0.03),yes,yes,the same with v51's label,s5/PREDICTIONS-s5.md:705
s5,v52-S5,Human,Human with a window or two (weak),Human,"**Human: 0% AI** (one window, 0.15)",yes,yes,"P7 sat in v40's AI run (P6 to P10), and v41's P32 in its P30 to P33 run; most of their neighbors are newer",s5/PREDICTIONS-s5.md:715
s5,v53-P11,Human,Human (weak),Human,Human (0.06),yes,yes,the published structure is back in the second sentence,s5/PREDICTIONS-s5.md:725
s5,v53-P26,Human,Human (weak),Human,Human (0.01),yes,yes,two small word changes to a text at 0.01,s5/PREDICTIONS-s5.md:726
s5,v53-P29,Human,Human (weak),Human,Human (0.0),yes,yes,,s5/PREDICTIONS-s5.md:727
s5,v53-P29P30,Human,Human,Human,Human (0.0),yes,yes,,s5/PREDICTIONS-s5.md:728
s5,v53-S5,Human,"Human, with the seam window back (weak)",Human,"Human: 5.0% AI (2,057)",yes,yes,"P11's second sentence carries the seam, and it changed",s5/PREDICTIONS-s5.md:729
s5,v54-P11,Human,Human (weak),Human,Human (0.04),yes,yes,,s5/PREDICTIONS-s5.md:739
s5,v54-P26,Human,Human (weak),Human,Human (0.02),yes,yes,,s5/PREDICTIONS-s5.md:740
s5,v54-P29,Human,Human (weak),Human,Human (0.0),yes,yes,,s5/PREDICTIONS-s5.md:741
s5,v54-S5,Human,"Human, 0% (weak)",Human,"Human: 5.0% AI (2,062)",yes,yes,"v52's cuts, if the lengths decide them",s5/PREDICTIONS-s5.md:742
s5,v55a-S5,Human,"Human, P19's window left (weak)",Human,Human: 4.7% AI,yes,yes,the opener is the likelier trigger of the P25/P26 window,s5/PREDICTIONS-s5.md:750
s5,v55b-S5,Human,"Human, 0% (weak)",Human,Human: 4.7% AI (the same windows as v55a),yes,yes,if P11's new sentence is what moved P19's score,s5/PREDICTIONS-s5.md:751
s5,v55-P26,Human,Human (weak),Human,Human (0.01),yes,yes,,s5/PREDICTIONS-s5.md:752
s5,v56a-S5,Human,"Human, 0% (weak)",Human,"Human: 3.0% AI (P19's window, 0.69)",yes,yes,,s5/PREDICTIONS-s5.md:760
s5,v56b-S5,Human,"Human, 0% (weak)",Human,"**Human: 0% AI** (one window, 0.16)",yes,yes,,s5/PREDICTIONS-s5.md:761
s5,v57a-P26,Human,Human,Human,Human (0.01),yes,yes,one word on a text at 0.01,s5/PREDICTIONS-s5.md:769
s5,v57b-P26,Human,Human,Human,Human (0.01),yes,yes,,s5/PREDICTIONS-s5.md:770
s5,v57a-S5,Human,"Human, 0% (weak)",Human,Human: 4.7% AI (P19 0.74; P25's last sentence 0.61),yes,yes,,s5/PREDICTIONS-s5.md:771
s5,v57b-S5,Human,Human with a window (weak),Human,Human: 4.7% AI (P19 0.70; P25's last sentence 0.68),yes,yes,two changes in P26,s5/PREDICTIONS-s5.md:772
s5,v58-P2,Human,Human,Human,Human (0.001),yes,yes,one word on a text at 0.0,s5/PREDICTIONS-s5.md:784
s5,v58-P26,Human,Human,Human,Human (0.02),yes,yes,,s5/PREDICTIONS-s5.md:785
s5,v58-S5,Human,Human with a window (weak),Human,Human: 4.7% AI (P19 0.69; P25's last sentence 0.58),yes,yes,P26 has moved P19's score before,s5/PREDICTIONS-s5.md:786
s5,v59-S5,Human,"Human, 0% (weak)",Human,"**Human: 0% AI** (one window, 0.16)",yes,yes,"far upstream, one word",s5/PREDICTIONS-s5.md:794
s5,v60-S5,Human,"Human, about 5% AI (P19's and P25's windows)",Human,"**Human: 5.0% AI** (P19's last two sentences, 68 words, 0.74; P25's last sentence with ""Integration is everyday life."", 41 words, 0.61)",yes,yes,v53's P26 brought them in batches 37 and 38,s5/PREDICTIONS-s5.md:804
s5,v60-gui,AI,AI window at the opening (weak),Human,"Human: 5.0% AI; the opening is inside a 1,275-word Human window (0.17, High), as in batch 44",yes,no,"if the GUI and API are the same model, the two extra words (and the context effects of batches 37 to 42) should explain the difference",s5/PREDICTIONS-s5.md:820
s5,joel-S5,Human,"Human, 0%",Human,"**Human: 0% AI** (one window, 0.05)",yes,yes,his GUI check says fully human,s5/PREDICTIONS-s5.md:821
s5,s5-S,Human,Human (weak),Human,"**Human (100%)**, 2,331 words scanned",yes,yes,"three words in 2,273; he suspects they helped",s5/PREDICTIONS-s5.md:833
s6,s6-pub,AI,"AI, most of it (weak); P2 and the caption Human",AI,"**AI: 83.8%**: Human 76 words (the heading to P3's first sentence, 0.10), AI 343 words (P3's second sentence to the end, 0.93)",no,yes,the published article was AI-assisted (section 5 read 97% AI); P2 is Joel's own post,s6/PREDICTIONS-s6.md:11
s6,emu11raw-u1A,Human,Human,Human,Human (0.0),yes,yes,raw,s6/PREDICTIONS-s6.md:21
s6,emu11raw-u1B,Human,Human,Human,Human (0.0),yes,yes,raw,s6/PREDICTIONS-s6.md:22
s6,emu11raw-u2A,Human,Human,Human,Human (0.0),yes,yes,raw,s6/PREDICTIONS-s6.md:23
s6,emu11raw-u2B,Human,Human,Human,Human (0.0),yes,yes,raw,s6/PREDICTIONS-s6.md:24
s6,emu11raw-u3A,Human,Human,Mixed,"Mixed: 26.6% AI (its last 42 words, 0.54)",no,no,raw,s6/PREDICTIONS-s6.md:25
s6,emu11raw-u3B,Human,Human (weak),Human,Human (0.0),yes,yes,"the closest to the published, so the most likely to keep its shapes",s6/PREDICTIONS-s6.md:26
s6,d1-P3,AI,AI (weak),Human,Human (0.03),yes,no,the published list shape is back,s6/PREDICTIONS-s6.md:34
s6,d1-P4,AI,AI (weak),AI,**100% AI (0.95)**,no,yes,its second sentence is the published one,s6/PREDICTIONS-s6.md:35
s6,d1-P5,Human,Human (weak),Human,Human (0.0),yes,yes,,s6/PREDICTIONS-s6.md:36
s6,d1-P6,AI,AI (weak),Human,Human (0.26),yes,no,close to the published shape,s6/PREDICTIONS-s6.md:37
s6,d1-P7,Human,Human (weak),Human,Human (0.19),yes,yes,mostly B's and my words,s6/PREDICTIONS-s6.md:38
s6,d1-P8,Human,Human (weak),Human,Human (0.02),yes,yes,B's shape,s6/PREDICTIONS-s6.md:39
s6,d1-P9,Human,Human (weak),Human,Human (0.0),yes,yes,,s6/PREDICTIONS-s6.md:40
s6,d1-P10,Human,Human (weak),Human,Human (0.09),yes,yes,,s6/PREDICTIONS-s6.md:41
s6,d1-u1run,AI,AI (weak),AI,100% AI (0.92),no,yes,,s6/PREDICTIONS-s6.md:42
s6,d1-u2run,Mixed,Mixed (weak),Human,Human (0.34),yes,no,,s6/PREDICTIONS-s6.md:43
s6,d1-u3run,Human,Human (weak),AI,100% AI (0.88),no,no,,s6/PREDICTIONS-s6.md:44
s6,d1-S6,Mixed,Mixed (weak),Mixed,Mixed: 36.8% AI,no,yes,,s6/PREDICTIONS-s6.md:45
s6,emu12raw-u1A,Human,Human,Human,Human (0.0),yes,yes,raw,s6/PREDICTIONS-s6.md:59
s6,emu12raw-u1B,Human,Human,Human,Human (0.0),yes,yes,raw,s6/PREDICTIONS-s6.md:60
s6,emu12raw-u2A,Human,Human,Human,Human (0.0),yes,yes,raw,s6/PREDICTIONS-s6.md:61
s6,emu12raw-u2B,Human,Human,Human,Human (0.0),yes,yes,raw,s6/PREDICTIONS-s6.md:62
s6,emu12raw-u3A,Human,Human (weak),Human,Human (0.0),yes,yes,"raw, but its input read AI as a run",s6/PREDICTIONS-s6.md:63
s6,emu12raw-u3B,Human,Human (weak),Human,Human (0.0),yes,yes,the same,s6/PREDICTIONS-s6.md:64
s6,P4d,Human,Human (weak),Human,Human (0.06),yes,yes,"u1 A's shape, ""right?"" kept",s6/PREDICTIONS-s6.md:65
s6,P4e,Human,Human (weak),Human,Human (0.27),yes,yes,"shorter, ""Better to…"" without a subject",s6/PREDICTIONS-s6.md:66
s6,d1P3,Human,Human (weak),Mixed,"Mixed: 37.5% AI (P4e's end with P5, 44 words, 0.66)",no,no,,s6/PREDICTIONS-s6.md:67
s6,d2-P4,Human,Human (weak),Human,Human (0.05),yes,yes,"P4d with ""Personally,""",s6/PREDICTIONS-s6.md:75
s6,d2-u1run,Human,Human (weak),Human,Human (0.45),yes,yes,,s6/PREDICTIONS-s6.md:76
s6,d2-P4P5,Human,Human (weak),Human,Human (0.01),yes,yes,,s6/PREDICTIONS-s6.md:77
s6,d2-P5P6,Human,Human (weak),AI,"**AI (0.48, Medium)**",no,no,,s6/PREDICTIONS-s6.md:78
s6,d2-P7,Human,Human (weak),Human,Human (0.0),yes,yes,"u2 A's ""Maybe…"" sentences",s6/PREDICTIONS-s6.md:79
s6,d2-u2run,Human,Human (weak),Human,Human (0.0),yes,yes,,s6/PREDICTIONS-s6.md:80
s6,d2-P8,Human,Human (weak),Human,Human (0.0),yes,yes,,s6/PREDICTIONS-s6.md:81
s6,d2-P9,Human,Human (weak),Human,Human (0.0),yes,yes,,s6/PREDICTIONS-s6.md:82
s6,d2-P10,Human,Human (weak),Human,Human (0.0),yes,yes,,s6/PREDICTIONS-s6.md:83
s6,d2-u3run,Human,Human (weak),Human,Human (0.0),yes,yes,from runs that read 0.0 raw,s6/PREDICTIONS-s6.md:84
s6,d2-S6,Human,Human (weak),Human,"Human (0.06, one window, High)",yes,yes,,s6/PREDICTIONS-s6.md:85
s6,d3-open,Human,Human,Human,Human (0.02),yes,yes,read Human (0.10) as published; one word changed,s6/PREDICTIONS-s6.md:105
s6,d3-P3,Human,Human (weak),Human,Human (0.08),yes,yes,one phrase changed,s6/PREDICTIONS-s6.md:106
s6,d3-P4a,AI,AI (weak),Human,Human (0.23),yes,no,"""I'd rather … than …"" is back (published shape; d1-P4 0.95)",s6/PREDICTIONS-s6.md:107
s6,d3-P4c,AI,AI (weak),AI,"AI (0.36, Medium)",no,yes,the published second sentence is back,s6/PREDICTIONS-s6.md:108
s6,d3-P4aP5a,AI,AI (weak),Human,Human (0.26),yes,no,,s6/PREDICTIONS-s6.md:109
s6,d3-P4aP5b,AI,AI (weak),Human,Human (0.08),yes,no,,s6/PREDICTIONS-s6.md:110
s6,d3-P5aP6,AI,AI (weak),AI,**AI (0.78)**,no,yes,P5P6 read AI in v2; both moved toward the published,s6/PREDICTIONS-s6.md:111
s6,d3-u1run,AI,AI (weak),AI,**AI (0.77)**,no,yes,,s6/PREDICTIONS-s6.md:112
s6,d3-P6,Human,Human (weak),Human,Human (0.33),yes,yes,v2's conditionals kept,s6/PREDICTIONS-s6.md:113
s6,d3-P7,Human,Human (weak),Human,Human (0.0),yes,yes,"""Some… Some… Others""",s6/PREDICTIONS-s6.md:114
s6,d3-u2run,Human,Human (weak),Human,Human (0.0),yes,yes,,s6/PREDICTIONS-s6.md:115
s6,d3-P8,AI,AI (weak),Mixed,"**Mixed: 52.9% AI** (its last sentence, 48 words, 0.87: ""It is really important for the community to decide in advance…"")",no,yes,back toward the published,s6/PREDICTIONS-s6.md:116
s6,d3-P9,AI,AI (weak),Human,Human (0.05),yes,no,a colon list of five,s6/PREDICTIONS-s6.md:117
s6,d3-P10,AI,AI (weak),Human,Human (0.03),yes,no,near the published,s6/PREDICTIONS-s6.md:118
s6,d3-u3run,AI,AI,AI,**AI (0.99)**,no,yes,,s6/PREDICTIONS-s6.md:119
s6,d3-S6,Mixed,Mixed (weak),AI,"**AI (0.98, one window)**",no,yes,,s6/PREDICTIONS-s6.md:120
s6,emu13raw-u1A,Human,Human,Human,Human (0.0),yes,yes,raw,s6/PREDICTIONS-s6.md:134
s6,emu13raw-u1B,Human,Human,Human,Human (0.0),yes,yes,raw,s6/PREDICTIONS-s6.md:135
s6,emu13raw-u3A,Human,Human (weak),Human,Human (0.0),yes,yes,"raw, with ""It's really important… It's also important…""",s6/PREDICTIONS-s6.md:136
s6,emu13raw-u3B,Human,Human (weak),Human,Human (0.0),yes,yes,raw,s6/PREDICTIONS-s6.md:137
s6,d4-u1b,Human,Human (weak),AI,**AI (0.89)**,no,no,P4a with P5b read 0.08,s6/PREDICTIONS-s6.md:138
s6,d4-u1c,Human,Human (weak),AI,**AI (0.62)**,no,no,,s6/PREDICTIONS-s6.md:139
s6,d4-P5bP6,AI,AI (weak),AI,AI (0.85),no,yes,"P6 after the question read AI twice (0.48, 0.78)",s6/PREDICTIONS-s6.md:140
s6,d4-P5cP6,AI,AI (weak),AI,AI (0.80),no,yes,the same,s6/PREDICTIONS-s6.md:141
s6,d4-P8,AI,AI (weak),Mixed,"**Mixed: 54.8% AI** (the last sentence again, 51 words, 0.94)",no,yes,the semicolon list with the published words back,s6/PREDICTIONS-s6.md:142
s6,d4-P9,Human,Human (weak),Human,Human (0.01),yes,yes,"v2's list, which read 0.0",s6/PREDICTIONS-s6.md:143
s6,d4-P10,Human,Human (weak),Human,Human (0.01),yes,yes,,s6/PREDICTIONS-s6.md:144
s6,d4-u3run,AI,AI (weak),AI,"AI: 81.5% (P8's last sentence to the end, 187 words, 0.99)",no,yes,,s6/PREDICTIONS-s6.md:145
s6,d4-S6,AI,AI (weak),AI,"AI (1.0, one window)",no,yes,,s6/PREDICTIONS-s6.md:146
s6,d5-P4,Human,Human (weak),Human,Human (0.16),yes,yes,"v2's S2 and ""right?""",s6/PREDICTIONS-s6.md:161
s6,d5-u1a,Human,Human (weak),AI,**AI (0.79)**,no,no,v2's run read 0.45; two small changes,s6/PREDICTIONS-s6.md:162
s6,d5-u1b,AI,AI (weak),AI,AI (1.0),no,yes,"""That's the useful question.""",s6/PREDICTIONS-s6.md:163
s6,d5-P4P5v5,AI,AI (weak),AI,AI (0.78),no,yes,,s6/PREDICTIONS-s6.md:164
s6,d5-u1diag,Human,Human (weak),AI,**AI (0.92)**,no,no,diagnostic: does P3's fix alone tip the run?,s6/PREDICTIONS-s6.md:165
s6,d5-P8,Human,Human (weak),Mixed,"**Mixed: 55.2% AI** (the last sentence, 54 words, 0.91)",no,no,the last sentence in v2's words but three,s6/PREDICTIONS-s6.md:166
s6,d5-u3run,Human,Human (weak),AI,AI (0.97),no,no,,s6/PREDICTIONS-s6.md:167
s6,d5-S6a,Mixed,Mixed (weak),AI,AI (0.92),no,yes,,s6/PREDICTIONS-s6.md:168
s6,d5-S6b,AI,AI (weak),AI,AI (0.96),no,yes,,s6/PREDICTIONS-s6.md:169
s6,emu14raw-p3A,Human,Human,Human,Human (0.21),yes,yes,raw,s6/PREDICTIONS-s6.md:183
s6,emu14raw-p3B,Human,Human,Human,Human (0.0),yes,yes,raw,s6/PREDICTIONS-s6.md:184
s6,emu14raw-p8A,Human,Human,Human,Human (0.28),yes,yes,raw,s6/PREDICTIONS-s6.md:185
s6,emu14raw-p8B,Human,Human,Human,Human (0.0),yes,yes,raw,s6/PREDICTIONS-s6.md:186
s6,d6-P3x1,Human,Human (weak),Human,Human (0.04),yes,yes,,s6/PREDICTIONS-s6.md:187
s6,d6-P3x2,Human,Human (weak),Human,Human (0.0),yes,yes,,s6/PREDICTIONS-s6.md:188
s6,d6-u1x1,AI,AI (weak),AI,AI (0.82),no,yes,the run tipped on one phrase before,s6/PREDICTIONS-s6.md:189
s6,d6-u1x2,Human,Human (weak),AI,**AI (0.67)**,no,no,the tricolon broken,s6/PREDICTIONS-s6.md:190
s6,d6-P8q,Human,Human (weak),Human,**Human (0.15)**,yes,yes,the list broken into questions,s6/PREDICTIONS-s6.md:191
s6,d6-P8e,AI,AI (weak),AI,**AI (0.82)**,no,yes,a four-item list again,s6/PREDICTIONS-s6.md:192
s6,d6-u3q,Human,Human (weak),AI,**AI (0.87)**,no,no,,s6/PREDICTIONS-s6.md:193
s6,d6-u3e,AI,AI (weak),AI,AI (1.0),no,yes,,s6/PREDICTIONS-s6.md:194
s6,d6-S6-x2q,Mixed,Mixed (weak),AI,"AI: 86.4% (Human: the heading to P3's first sentence, 77 words, 0.54; AI: the rest, 490 words, 0.86)",no,yes,,s6/PREDICTIONS-s6.md:195
s6,d7-P3g1,Human,Human,Human,Human (0.03),yes,yes,v2's P3 but two words,s6/PREDICTIONS-s6.md:206
s6,d7-u1g1,Human,Human (weak),AI,**AI (0.72)**,no,no,closest to v2's run (0.45),s6/PREDICTIONS-s6.md:207
s6,d7-u1v2P3,Human,Human (weak),Mixed,"**Mixed: 52.9% AI** (P3 Human 0.40; P4 v5 with P5, 63 words, AI 0.59)",no,no,diagnostic: P4 v5 in the run,s6/PREDICTIONS-s6.md:208
s6,d7-u3-P8q-v2v2,Human,Human (weak),Human,Human (0.20),yes,yes,diagnostic: P8q in v2's run,s6/PREDICTIONS-s6.md:209
s6,d7-u3-v2-P9v4-v2,Human,Human (weak),Human,Human (0.04),yes,yes,diagnostic: P9 v4,s6/PREDICTIONS-s6.md:210
s6,d7-u3-v2-v2-P10v4,AI,AI (weak),Human,Human (0.0),yes,no,diagnostic: P10 v4 (three sentences near the published),s6/PREDICTIONS-s6.md:211
s6,d8-P3,Human,Human,Human,Human (0.17),yes,yes,,s6/PREDICTIONS-s6.md:229
s6,d8-P4,Human,Human (weak),AI,**AI (0.79)**,no,no,,s6/PREDICTIONS-s6.md:230
s6,d8-P4P5,Human,Human (weak),Human,Human (0.19),yes,yes,,s6/PREDICTIONS-s6.md:231
s6,d8-u1,Human,Human (weak),AI,**AI (0.99)**,no,no,,s6/PREDICTIONS-s6.md:232
s6,d8-P9,Human,Human (weak),AI,"**AI (0.63, Medium)**",no,no,,s6/PREDICTIONS-s6.md:233
s6,d8-P10,Human,Human (weak),Human,Human (0.07),yes,yes,,s6/PREDICTIONS-s6.md:234
s6,d8-u3,Human,Human (weak),AI,AI (0.98),no,no,,s6/PREDICTIONS-s6.md:235
s6,d8-S6,Mixed,Mixed (weak),AI,"AI (0.77, one window)",no,yes,,s6/PREDICTIONS-s6.md:236
s6,emu15raw-s6e-u2B,Human,Human,Human,Human (0.0),yes,yes,raw,s6/PREDICTIONS-s6.md:255
s6,emu15raw-s6e-u4B,Human,Human,Human,Human (0.0),yes,yes,raw,s6/PREDICTIONS-s6.md:256
s6,emu15raw-s6f-u4A,Human,Human,Human,Human (0.0),yes,yes,raw,s6/PREDICTIONS-s6.md:257
s6,d9-P3e,Human,Human (weak),Human,Human (0.0),yes,yes,"Emulate's sentences, four words mine",s6/PREDICTIONS-s6.md:258
s6,d9-P4o,Human,Human (weak),Human,Human (0.30),yes,yes,,s6/PREDICTIONS-s6.md:259
s6,d9-u1A,Human,Human (weak),Human,**Human (0.0)**,yes,yes,,s6/PREDICTIONS-s6.md:260
s6,d9-u1B,Human,Human (weak),Human,Human (0.0),yes,yes,diagnostic,s6/PREDICTIONS-s6.md:261
s6,d9-P10s,Human,Human (weak),Human,Human (0.0),yes,yes,,s6/PREDICTIONS-s6.md:262
s6,d9-u3A,Human,Human (weak),AI,**AI (0.98)**,no,no,P10 more Emulate's,s6/PREDICTIONS-s6.md:263
s6,d9-S6A,Mixed,Mixed (weak),Mixed,"**Mixed: 77.6% AI** (Human: the heading to P3, 136 words, 0.11; AI: P4 to the end, 469 words, 0.78)",no,yes,,s6/PREDICTIONS-s6.md:264
s6,d10-P8s,Human,Human (weak),Human,Human (0.0),yes,yes,,s6/PREDICTIONS-s6.md:274
s6,d10-P9g,Human,Human (weak),Human,Human (0.0),yes,yes,,s6/PREDICTIONS-s6.md:275
s6,d10-u3B,Human,Human (weak),AI,**AI (0.99)**,no,no,,s6/PREDICTIONS-s6.md:276
s6,d10-u3C,Human,Human (weak),Human,**Human (0.43)**,yes,yes,,s6/PREDICTIONS-s6.md:277
s6,d10-u3D,AI,AI (weak),Mixed,"Mixed: 76.6% AI (P8's questions to the end, 203 words, 0.57)",no,yes,P9 v4 again,s6/PREDICTIONS-s6.md:278
s6,d10-S6,Human,Human (weak),Human,"**Human (0.17, one window, High)**",yes,yes,,s6/PREDICTIONS-s6.md:279
s6,d12-P3,Human,Human (weak),Human,Human (0.0),yes,yes,"Emulate's frame, the published ""administrative layer"" back",s6/PREDICTIONS-s6.md:302
s6,d12-P4,AI,AI (weak),AI,**AI (0.79)**,no,yes,the published second sentence back (P4c read AI),s6/PREDICTIONS-s6.md:303
s6,d12-P4P5,Human,Human (weak),AI,"AI (0.46, Medium)",no,no,,s6/PREDICTIONS-s6.md:304
s6,d12-u1,AI,AI (weak),AI,**AI (0.65)**,no,yes,,s6/PREDICTIONS-s6.md:305
s6,d12-P7,Human,Human (weak),Human,Human (0.0),yes,yes,"v2's ""Maybe ×3"" shape as ""Sometimes ×3""",s6/PREDICTIONS-s6.md:306
s6,d12-u2,Human,Human (weak),Human,Human (0.0),yes,yes,,s6/PREDICTIONS-s6.md:307
s6,d12-P8,Human,Human (weak),Human,Human (0.05),yes,yes,,s6/PREDICTIONS-s6.md:308
s6,d12-P9,Human,Human (weak),Human,Human (0.0),yes,yes,,s6/PREDICTIONS-s6.md:309
s6,d12-P10,Human,Human (weak),Human,Human (0.0),yes,yes,,s6/PREDICTIONS-s6.md:310
s6,d12-u3,AI,AI (weak),Mixed,"Mixed: 52.5% AI (P8 and P9's first sentence, 133 words, 0.56; the rest Human, 0.49)",no,yes,many word fixes at once,s6/PREDICTIONS-s6.md:311
s6,d12-S6,Mixed,Mixed (weak),Mixed,"**Mixed: 16.4% AI** (Human: heading to P3, 0.08; AI: P4, 47 words, 0.76; Human: P5 to P9, 372 words, 0.28; AI: P10, 61 words, 0.47 Medium)",no,yes,,s6/PREDICTIONS-s6.md:312
s6,d13-P4oE,Human,Human (weak),Human,Human (0.29),yes,yes,P4o read 0.30,s6/PREDICTIONS-s6.md:322
s6,d13-P4oE-P5,Human,Human (weak),Human,Human (0.13),yes,yes,,s6/PREDICTIONS-s6.md:323
s6,d13-u1,Human,Human (weak),AI,**AI (0.69)**,no,no,,s6/PREDICTIONS-s6.md:324
s6,d13-P10b,Human,Human (weak),Human,Human (0.0),yes,yes,,s6/PREDICTIONS-s6.md:325
s6,d13-u3,Human,Human (weak),AI,"AI (0.53, Medium)",no,no,,s6/PREDICTIONS-s6.md:326
s6,d13-S6-A,Mixed,Mixed (weak),Human,"**Human (0.25, one window, High)**",yes,no,P10's window,s6/PREDICTIONS-s6.md:327
s6,d13-S6-B,Mixed,Mixed (weak),Mixed,Mixed: 53.2% AI,no,yes,,s6/PREDICTIONS-s6.md:328
s6,d13-S6-C,Human,Human (weak),Mixed,Mixed: 63.9% AI,no,no,,s6/PREDICTIONS-s6.md:329
s6,d13-S6-D,Human,Human (weak),Mixed,Mixed: 18.8% AI,no,no,,s6/PREDICTIONS-s6.md:330
s6,d14-P3n1,Human,Human,Human,Human (0.0),yes,yes,,s6/PREDICTIONS-s6.md:348
s6,d14-P3n2,Human,Human (weak),Human,Human (0.0),yes,yes,the published phrase,s6/PREDICTIONS-s6.md:349
s6,d14-P4oP5,Human,Human (weak),Human,Human (0.07),yes,yes,P5 needs a neighbor that passes alone,s6/PREDICTIONS-s6.md:350
s6,d14-P4oP5n,Human,Human (weak),Human,Human (0.05),yes,yes,,s6/PREDICTIONS-s6.md:351
s6,d14-u1,Human,Human (weak),Human,Human (0.29),yes,yes,,s6/PREDICTIONS-s6.md:352
s6,d14-u1n,AI,AI (weak),Human,**Human (0.25)**,yes,no,P5n is near the published question,s6/PREDICTIONS-s6.md:353
s6,d14-P7,Human,Human (weak),Human,Human (0.0),yes,yes,,s6/PREDICTIONS-s6.md:354
s6,d14-u2,Human,Human (weak),Human,Human (0.01),yes,yes,,s6/PREDICTIONS-s6.md:355
s6,d14-P8,Human,Human,Human,Human (0.16),yes,yes,one word,s6/PREDICTIONS-s6.md:356
s6,d14-P10,Human,Human (weak),Human,Human (0.0),yes,yes,,s6/PREDICTIONS-s6.md:357
s6,d14-u3,Mixed,Mixed (weak),AI,**AI (1.0)**,no,yes,v12's read 52 percent,s6/PREDICTIONS-s6.md:358
s6,d14-S6,Human,Human (weak),Human,"**Human overall, 6.9% AI**: P10's last two sentences a window of their own (46 words, 0.55 Medium)",yes,yes,v13 read 0.25,s6/PREDICTIONS-s6.md:359
s6,d14-S6n,Mixed,Mixed (weak),Human,"**Human overall, 9.6% AI**: P10 a window of its own (63 words, 0.66)",yes,no,,s6/PREDICTIONS-s6.md:360
s6,d15-S6a,Human,Human (weak),Human,"**Human (0.20, one window)**",yes,yes,v13 read 0.25 in one window,s6/PREDICTIONS-s6.md:368
s6,d15-S6b,Human,Human (weak),Human,"**Human (0.24, one window)**",yes,yes,one word,s6/PREDICTIONS-s6.md:369
s6,d15-S6c,Human,Human (weak),Human,"**Human (0.28, one window)**",yes,yes,,s6/PREDICTIONS-s6.md:370
s6,d15-S6d,Human,Human (weak),Human,"**Human (0.30, one window)**",yes,yes,,s6/PREDICTIONS-s6.md:371
s6,d15-u3a,Mixed,Mixed (weak),AI,AI (0.83),no,yes,,s6/PREDICTIONS-s6.md:372
s6,d15-u3b,Mixed,Mixed (weak),AI,AI (0.95),no,yes,,s6/PREDICTIONS-s6.md:373
s6,d16-P2P3,Human,Human,Human,Human (0.0),yes,yes,,s6/PREDICTIONS-s6.md:383
s6,d16-P5nCAPP6,AI,AI (weak),Human,**Human (0.01)**,yes,no,P5 with P6 read AI in every version,s6/PREDICTIONS-s6.md:384
s6,d16-P7P8,Human,Human (weak),Human,Human (0.0),yes,yes,,s6/PREDICTIONS-s6.md:385
s6,d16-P8P9,AI,AI (weak),Mixed,"**Mixed: 78.3% AI** (P8's first two sentences Human 0.29; ""The community should hash out…"" to the end of P9, 153 words, AI 0.64)",no,yes,,s6/PREDICTIONS-s6.md:386
s6,d16-P9P10o,Human,Human (weak),Human,Human (0.05),yes,yes,,s6/PREDICTIONS-s6.md:387
s6,d16-P10o,Human,Human,Human,Human (0.0),yes,yes,one word from v12's (0.0),s6/PREDICTIONS-s6.md:388
s6,d17-P9t,Human,Human,Human,Human (0.0),yes,yes,,s6/PREDICTIONS-s6.md:398
s6,d17-P8P9t,Human,Human (weak),Human,Human (0.42),yes,yes,"one ""the community should"" fewer",s6/PREDICTIONS-s6.md:399
s6,d17-u3t,Human,Human (weak),AI,**AI (0.90)**,no,no,,s6/PREDICTIONS-s6.md:400
s6,d17-S6,Human,Human (weak),Human,"**Human overall, 7.3% AI**: P4 cut off as its own window, starting with P3's 😂 (50 words, 0.59)",yes,yes,,s6/PREDICTIONS-s6.md:401
s6,d18-P4ok,Human,Human,Human,Human (0.29),yes,yes,,s6/PREDICTIONS-s6.md:411
s6,d18-emojiP4ok,Human,Human (weak),Human,Human (0.37),yes,yes,,s6/PREDICTIONS-s6.md:412
s6,d18-emojiP4o,AI,AI (weak),AI,"AI (0.47, Medium)",no,yes,control: 0.59 in the section,s6/PREDICTIONS-s6.md:413
s6,d18-P10x1,Human,Human,Human,Human (0.03),yes,yes,,s6/PREDICTIONS-s6.md:414
s6,d18-u3x1,AI,AI (weak),AI,AI (0.98),no,yes,,s6/PREDICTIONS-s6.md:415
s6,d18-S6-ok,Human,Human (weak),Human,"**Human (0.24, one window)**",yes,yes,,s6/PREDICTIONS-s6.md:416
s6,d18-S6-ok-x1,Human,Human (weak),Mixed,Mixed: 63.5% AI,no,no,,s6/PREDICTIONS-s6.md:417
s6,d18-S6-x1,Mixed,Mixed (weak),Mixed,Mixed: 70.9% AI,no,yes,P4's window,s6/PREDICTIONS-s6.md:418
s6,d19-P8,Human,Human (weak),Human,Human (0.0),yes,yes,,s6/PREDICTIONS-s6.md:428
s6,d19-P9,Human,Human (weak),Human,Human (0.05),yes,yes,,s6/PREDICTIONS-s6.md:429
s6,d19-P10,Human,Human (weak),Human,Human (0.03),yes,yes,"the published last sentence, nearly",s6/PREDICTIONS-s6.md:430
s6,d19-P7P8,Human,Human (weak),Human,Human (0.0),yes,yes,,s6/PREDICTIONS-s6.md:431
s6,d19-P8P9,Human,Human (weak),Mixed,"**Mixed: 78.6% AI** (P8's decision sentence and P9, 153 words, 0.96)",no,no,,s6/PREDICTIONS-s6.md:432
s6,d19-P9P10,Human,Human (weak),Mixed,"Mixed: 39.9% AI (P10, 60 words, 0.53 Medium)",no,no,,s6/PREDICTIONS-s6.md:433
s6,d19-u3,Human,Human (weak),AI,**AI (0.99)**,no,no,Emulate's sentences throughout,s6/PREDICTIONS-s6.md:434
s6,d20-P8w,Human,Human,Human,Human (0.21),yes,yes,one word,s6/PREDICTIONS-s6.md:449
s6,d20-P8wP9,Human,Human (weak),Human,Human (0.38),yes,yes,v17's pair read 0.42,s6/PREDICTIONS-s6.md:450
s6,d20-u1c,AI,AI (weak),Human,**Human (0.10)**,yes,no,P5c read AI with P6 and in u1 at v4,s6/PREDICTIONS-s6.md:451
s6,d20-u1c2,AI,AI (weak),Human,Human (0.12),yes,no,,s6/PREDICTIONS-s6.md:452
s6,d20-P5cCAPP6,AI,AI (weak),Human,Human (0.03),yes,no,,s6/PREDICTIONS-s6.md:453
s6,d20-S6a,Human,Human (weak),Human,"**Human (0.22, one window)**",yes,yes,,s6/PREDICTIONS-s6.md:454
s6,d20-S6b,Mixed,Mixed (weak),Human,"Human overall, 9.3% AI: P10 cut off (61 words, 0.53 Medium)",yes,no,,s6/PREDICTIONS-s6.md:455
s6,d20-S6c,Human,Human (weak),Human,"**Human (0.25, one window)**",yes,yes,,s6/PREDICTIONS-s6.md:456
s6,d20-S6d,Mixed,Mixed (weak),Mixed,Mixed: 19.0% AI,no,yes,,s6/PREDICTIONS-s6.md:457
s6,d21-P10h,Human,Human,Human,Human (0.01),yes,yes,one word,s6/PREDICTIONS-s6.md:469
s6,d21-P9P10h,Human,Human (weak),Human,Human (0.03),yes,yes,,s6/PREDICTIONS-s6.md:470
s6,d21-S6,Human,Human (weak),Human,"**Human overall, 9.3% AI**: P10 cut off again (61 words, 0.47 Medium)",yes,yes,,s6/PREDICTIONS-s6.md:471
s6,d21-S6-v19,Human,Human,Human,"Human (0.25, one window)",yes,yes,"batch 67's S6c, same text",s6/PREDICTIONS-s6.md:472
s6,d22-P4,Human,Human (weak),Human,Human (0.04),yes,yes,two words added,s6/PREDICTIONS-s6.md:490
s6,d22-P5,Human,Human,Human,Human (0.00),yes,yes,his words,s6/PREDICTIONS-s6.md:491
s6,d22-P4P5,Human,Human,Human,Human (0.00),yes,yes,,s6/PREDICTIONS-s6.md:492
s6,d22-P5CAPP6,Human,Human (weak),Human,Human (0.04),yes,yes,,s6/PREDICTIONS-s6.md:493
s6,d22-P8,Human,Human (weak),Human,Human (0.39),yes,yes,three phrases,s6/PREDICTIONS-s6.md:494
s6,d22-P9,AI,AI (weak),Human,Human (0.00),yes,no,"the published ""prove … ideological loyalty"" back",s6/PREDICTIONS-s6.md:495
s6,d22-P7P8,Human,Human (weak),Human,Human (0.00),yes,yes,,s6/PREDICTIONS-s6.md:496
s6,d22-P8P9,AI,AI (weak),AI,**AI (0.94)**,no,yes,,s6/PREDICTIONS-s6.md:497
s6,d22-P9P10,Human,Human (weak),Human,Human (0.01),yes,yes,,s6/PREDICTIONS-s6.md:498
s6,d22-u1,Human,Human (weak),Human,Human (0.00),yes,yes,,s6/PREDICTIONS-s6.md:499
s6,d22-u3,AI,AI (weak),AI,**AI (1.00)**,no,yes,,s6/PREDICTIONS-s6.md:500
s6,d22-S6,Human,Human (weak),Human,"**Human (0.12, one window)**",yes,yes,his paragraph adds human text,s6/PREDICTIONS-s6.md:501
s6,s6-S21,Human,Human,Human,"**Human (100%)**, 637 words scanned",yes,yes,his words; v20 was 100%,s6/PREDICTIONS-s6.md:523
s6,s6-P8,Human,Human (weak),Human,**Human (100%)**,yes,yes,he checked the pair,s6/PREDICTIONS-s6.md:524
s6,s6-P9,Human,Human,Human,**Human (100%)**,yes,yes,his,s6/PREDICTIONS-s6.md:525
s6,s6-P8P9,Human,Human,Human,**Human (100%)**,yes,yes,he says it passes,s6/PREDICTIONS-s6.md:526
s7,s7pub-P1,AI,AI,AI,AI (0.81),no,yes,"the published draft's compressed lists (""a kitchen, work team, meeting, childcare, and friends"")",s7/PREDICTIONS-s7.md:11
s7,s7pub-P2,AI,AI,AI,AI (0.73),no,yes,"""starts one level too late""; ""Here I'll state … plainly""",s7/PREDICTIONS-s7.md:12
s7,s7pub-P3,AI,AI,AI,AI (1.00),no,yes,three parallel aphorisms,s7/PREDICTIONS-s7.md:13
s7,s7pub-P4,AI,AI (weak),AI,AI (0.91),no,yes,"short, first person",s7/PREDICTIONS-s7.md:14
s7,s7pub-P5,AI,AI (weak),AI,AI (0.91),no,yes,short,s7/PREDICTIONS-s7.md:15
s7,s7pub-P6,AI,AI,AI,AI (1.00),no,yes,"""aren't commandments …, but they demonstrate""",s7/PREDICTIONS-s7.md:16
s7,s7pub-P7,AI,AI,AI,AI (1.00),no,yes,"""The non-negotiable for me"", a list of four",s7/PREDICTIONS-s7.md:17
s7,s7pub-P8,AI,AI,AI,AI (0.99),no,yes,"""which is more realistic than declaring the matter solved""",s7/PREDICTIONS-s7.md:18
s7,s7pub-H7P1,AI,AI,AI,AI (0.72),no,yes,,s7/PREDICTIONS-s7.md:19
s7,s7pub-S7,AI,AI,AI,"AI (1.00, one window)",no,yes,,s7/PREDICTIONS-s7.md:20
s7,m1-P1,AI,AI (weak),Human,**Human (0.29)**,yes,no,the question helps; the lists remain,s7/PREDICTIONS-s7.md:34
s7,m1-P2,AI,AI,Human,**Human (0.27)**,yes,no,close to the published sentence by sentence,s7/PREDICTIONS-s7.md:35
s7,m1-P3,AI,AI,AI,AI (0.96),no,yes,,s7/PREDICTIONS-s7.md:36
s7,m1-P4,AI,AI (weak),Human,**Human (0.05)**,yes,no,,s7/PREDICTIONS-s7.md:37
s7,m1-P5,AI,AI (weak),Human,**Human (0.09)**,yes,no,,s7/PREDICTIONS-s7.md:38
s7,m1-P6,AI,AI,AI,AI (1.00),no,yes,,s7/PREDICTIONS-s7.md:39
s7,m1-P7,AI,AI (weak),AI,AI (0.95),no,yes,"the four ""has to"" items split up",s7/PREDICTIONS-s7.md:40
s7,m1-P8,AI,AI,AI,AI (0.92),no,yes,,s7/PREDICTIONS-s7.md:41
s7,m1-S7,AI,AI,AI,"AI (1.00, one window)",no,yes,,s7/PREDICTIONS-s7.md:42
s7,g-P3a,Human,Human (weak),AI,"AI (100%, 58 words scanned)",no,no,as m2-P3a,s7/PREDICTIONS-s7.md:75
s7,g-P3b,AI,AI (weak),Human,**Human (100%)**,yes,no,,s7/PREDICTIONS-s7.md:76
s7,g-P3c,AI,AI (weak),AI,AI (100%),no,yes,,s7/PREDICTIONS-s7.md:77
s7,g-P6b,Human,Human (weak),AI,AI (100%),no,no,,s7/PREDICTIONS-s7.md:78
s7,g-P7a,Human,Human (weak),AI,AI (100%),no,no,,s7/PREDICTIONS-s7.md:79
s7,g2-P7f,Human,Human (weak),AI,AI,no,no,"""too"", ""without anybody humiliating them""",s7/PREDICTIONS-s7.md:96
s7,g2-P7g,AI,AI (weak),AI,AI,no,yes,"""It has to be"" three times",s7/PREDICTIONS-s7.md:97
s7,g2-P7h,Human,Human (weak),AI,AI,no,no,"""need to be able to"" repeated, plain",s7/PREDICTIONS-s7.md:98
s7,g2-P6g,Human,Human (weak),AI,AI,no,no,"""not for everybody anyway"", ""somehow""",s7/PREDICTIONS-s7.md:99
s7,g2-P5P6f,Human,Human (weak),AI,AI,no,no,,s7/PREDICTIONS-s7.md:100
s7,g2-P2P3b,Human,Human,AI,AI (100%),no,no,both passed alone (P2 on the API),s7/PREDICTIONS-s7.md:101
s7,g2-P4P5,Human,Human,AI,AI (100%),no,no,both passed alone on the API,s7/PREDICTIONS-s7.md:102
s7,g2-P7fP8d,Human,Human (weak),AI,AI (100%),no,no,,s7/PREDICTIONS-s7.md:103
s7,g2-P7gP8e,AI,AI (weak),AI,AI (100%),no,yes,,s7/PREDICTIONS-s7.md:104
s7,g2-P6fP7f,Human,Human (weak),AI,AI (100%),no,no,,s7/PREDICTIONS-s7.md:105
s7,e1-P1,Human,Human (weak),Human,**Human (100%)**,yes,yes,Emulate's long run-on with my small fixes,s7/PREDICTIONS-s7.md:113
s7,e1-P6,Human,Human (weak),Human,**Human (100%)**,yes,yes,,s7/PREDICTIONS-s7.md:114
s7,e1-P7,AI,AI (weak),AI,AI (100%),no,yes,more of my words than Emulate's,s7/PREDICTIONS-s7.md:115
s7,e1-P2P3,Human,Human (weak),Human,**Human (100%)**,yes,yes,,s7/PREDICTIONS-s7.md:116
s7,e1-P4P5,Human,Human (weak),Human,**Human (100%)**,yes,yes,,s7/PREDICTIONS-s7.md:117
s7,e1-P7P8,AI,AI (weak),Mixed,"Mixed (""AI Detected"", 58% AI): P7 (58 words) AI, P8 Human",no,yes,,s7/PREDICTIONS-s7.md:118
s7,e1-S7,Mixed,Mixed (weak),Mixed,"Mixed (""AI Detected"", 50% AI, 463 words scanned): three AI windows, P1's commune sentence (34 words), P3 (59), and P6's second sentence to the end (140)",no,yes,,s7/PREDICTIONS-s7.md:119
s7,e2-P1,Human,Human (weak),Mixed,"Mixed (53% AI): ""They may be working in the same team…"" to the end (51 words) AI",no,no,e1-P1 passed; one sentence split,s7/PREDICTIONS-s7.md:131
s7,e2-P3u,Human,Human (weak),Human,**Human (100%)**,yes,yes,Emulate's sentences,s7/PREDICTIONS-s7.md:132
s7,e2-P7a,Human,Human (weak),AI,AI (100%),no,no,mostly Emulate's words,s7/PREDICTIONS-s7.md:133
s7,e2-P7c,Human,Human (weak),Human,**Human (100%)**,yes,yes,,s7/PREDICTIONS-s7.md:134
s7,e2-P2P3u,Human,Human (weak),Human,**Human (100%)**,yes,yes,,s7/PREDICTIONS-s7.md:135
s7,e2-P7aP8,Human,Human (weak),Mixed,Mixed (card),no,no,,s7/PREDICTIONS-s7.md:136
s7,e2-P7cP8,Human,Human (weak),Human,**Human (card)**,yes,yes,,s7/PREDICTIONS-s7.md:137
s7,e2-S7a,Mixed,Mixed (weak),AI,"AI (100%, 460 words)",no,yes,P3b's window read AI in e1-S7,s7/PREDICTIONS-s7.md:138
s7,e2-S7b,Human,Human (weak),Mixed,"Mixed (47% AI): P1 from ""When they're part of a thirty-person commune"" (69 words), and P6 to the end (146)",no,no,,s7/PREDICTIONS-s7.md:139
s7,e2-S7c,Mixed,Mixed (weak),AI,"AI (100%, 464 words)",no,yes,,s7/PREDICTIONS-s7.md:140
s7,f-P1a,Human,Human (weak),Human,**Human** (card),yes,yes,e1-P1 passed; closer to Emulate,s7/PREDICTIONS-s7.md:148
s7,f-P6P7c,Human,Human (weak),AI,AI (card),no,no,each passed alone,s7/PREDICTIONS-s7.md:149
s7,f-S7a,Mixed,Mixed (weak),Mixed,"**Mixed (15% AI)**: one window, P6's last sentence with P7c (75 words)",no,yes,e1-S7's commune window,s7/PREDICTIONS-s7.md:150
s7,f-S7b,Human,Human (weak),Mixed,"Mixed (63% AI): P1's commune sentence on (70), P3u (73), P6 to the end (149)",no,no,,s7/PREDICTIONS-s7.md:151
s7,f-S7c,Mixed,Mixed (weak),Mixed,Mixed (63% AI): the same three windows,no,yes,,s7/PREDICTIONS-s7.md:152
s7,g-P6v1,Human,Human (weak),Human,**Human** (card),yes,yes,"Emulate's numerals and ""by-laws""",s7/PREDICTIONS-s7.md:160
s7,g-P7v4,Human,Human (weak),Human,**Human** (card),yes,yes,,s7/PREDICTIONS-s7.md:161
s7,g-S7-v1,Human,Human (weak),Mixed,Mixed (19% AI): P7c with P8 (92 words),no,no,,s7/PREDICTIONS-s7.md:162
s7,g-S7-v4,Mixed,Mixed (weak),Mixed,Mixed (39% AI): P1's commune sentence (34) and P6 to the end (149),no,yes,,s7/PREDICTIONS-s7.md:163
s7,g-S7-v1v4,Human,Human (weak),Mixed,Mixed (23% AI): P6's last sentence to the end (112),no,no,,s7/PREDICTIONS-s7.md:164
s7,h-P7cP8h,Human,Human (weak),Human,**Human** (card),yes,yes,,s7/PREDICTIONS-s7.md:173
s7,h-P7cP8i,Human,Human (weak),Human,**Human** (card),yes,yes,,s7/PREDICTIONS-s7.md:174
s7,h-S7-1,Human,Human (weak),Mixed,Mixed (16% AI): P7c's last three sentences with P8h (78 words),no,no,,s7/PREDICTIONS-s7.md:175
s7,h-S7-2,Human,Human (weak),MostlyHuman,"**Mostly Human (92%)**, card ""Human"": one AI window, P7c's last three sentences (42 words)",no,no,,s7/PREDICTIONS-s7.md:176
s7,h-S7-3,Mixed,Mixed (weak),Mixed,Mixed (24% AI): P6v1's last sentence to the end (113),no,yes,,s7/PREDICTIONS-s7.md:177
s7,i-P7j1,Human,Human (weak),Human,**Human** (card),yes,yes,Emulate's words,s7/PREDICTIONS-s7.md:185
s7,i-P7j3,Human,Human (weak),AI,AI (card),no,no,run-on,s7/PREDICTIONS-s7.md:186
s7,i-S7-j1,Human,Human (weak),Human,"**Human (100%)**, 486 words scanned",yes,yes,,s7/PREDICTIONS-s7.md:187
s7,i-S7-j3,Human,Human (weak),Human,**Human (100%)**,yes,yes,,s7/PREDICTIONS-s7.md:188
s7,i-S7-j4,Mixed,Mixed (weak),Human,**Human (100%)**,yes,no,one word,s7/PREDICTIONS-s7.md:189
s7,j-P4,Human,Human (weak),Human,**Human (100%)**,yes,yes,passed with P5,s7/PREDICTIONS-s7.md:197
s7,j-P7j1P8i,Human,Human (weak),Human,**Human (100%)**,yes,yes,each passed beside or alone,s7/PREDICTIONS-s7.md:198
s7,j-H7P1,Human,Human (weak),Human,**Human (100%)**,yes,yes,e1-P1 passed alone,s7/PREDICTIONS-s7.md:199
s7,j-P5P6v1,Human,Human (weak),Human,**Human (100%)**,yes,yes,,s7/PREDICTIONS-s7.md:200
s7,j-P7j4,Human,Human (weak),Human,**Human (100%)**,yes,yes,P7c passed alone,s7/PREDICTIONS-s7.md:201
s7,v2-P1a,Human,Human (weak),Human,Human (card),yes,yes,"""be reorganized by"", ""the labor""",s7/PREDICTIONS-s7.md:224
s7,v2-P3a,AI,AI (weak),AI,AI (card),no,yes,the most changed,s7/PREDICTIONS-s7.md:225
s7,v2-P4,Human,Human (weak),Human,Human (card),yes,yes,one phrase out,s7/PREDICTIONS-s7.md:226
s7,v2-P6,AI,AI (weak),Human,Human (card),yes,no,the published sentence shape back,s7/PREDICTIONS-s7.md:227
s7,v2-P7,AI,AI (weak),AI,"AI (100%, 61 words scanned)",no,yes,three changes,s7/PREDICTIONS-s7.md:228
s7,v2-P2P3a,AI,AI (weak),AI,AI (card),no,yes,,s7/PREDICTIONS-s7.md:229
s7,v2-P4P5,Human,Human (weak),Human,"**Human (100%, 77 words scanned)**",yes,yes,,s7/PREDICTIONS-s7.md:230
s7,v2-P7P8,AI,AI (weak),AI,AI (card),no,yes,,s7/PREDICTIONS-s7.md:231
s7,v2-S7a,Mixed,Mixed (weak),AI,"AI (100%, 456 words scanned)",no,yes,,s7/PREDICTIONS-s7.md:232
s7,v2-S7b,Mixed,Mixed (weak),AI,"AI (100%, 447 words scanned)",no,yes,,s7/PREDICTIONS-s7.md:233
s7,w-P3a,Human,Human (weak),AI,AI (card),no,no,P3u passed; four small changes,s7/PREDICTIONS-s7.md:243
s7,w-P3b,Human,Human (weak),AI,AI (card),no,no,,s7/PREDICTIONS-s7.md:244
s7,w-P7a,Human,Human (weak),AI,AI (card),no,no,P7j1 passed; one clause,s7/PREDICTIONS-s7.md:245
s7,w-P7b,AI,AI (weak),AI,AI (card),no,yes,"""can't become"" read AI in v2-P7",s7/PREDICTIONS-s7.md:246
s7,w-P7c,Human,Human (weak),AI,AI (card),no,no,,s7/PREDICTIONS-s7.md:247
s7,y-P3-1,Human,Human (weak),Human,**Human (100%)**,yes,yes,Emulate's last sentence,s7/PREDICTIONS-s7.md:261
s7,y-P3-2,Human,Human (weak),Human,**Human (100%)**,yes,yes,,s7/PREDICTIONS-s7.md:262
s7,y-P3-3,Human,Human (weak),Human,**Human (100%)**,yes,yes,P3u passed; one sentence swapped for Emulate's,s7/PREDICTIONS-s7.md:263
s7,z-P7-1,Human,Human (weak),AI,AI (card),no,no,one Emulate sentence,s7/PREDICTIONS-s7.md:264
s7,z-P7-2,Human,Human (weak),AI,AI (card),no,no,,s7/PREDICTIONS-s7.md:265
s7,a-P7-1,Human,Human (weak),Human,**Human (100%)**,yes,yes,two words added,s7/PREDICTIONS-s7.md:278
s7,a-P7-2,AI,AI (weak),Human,Human (card),yes,no,"""policy"" read AI before",s7/PREDICTIONS-s7.md:279
s7,a-P7-3,AI,AI (weak),Human,**Human (100%)**,yes,no,,s7/PREDICTIONS-s7.md:280
s7,a-P7-4,Human,Human (weak),Human,Human (card),yes,yes,,s7/PREDICTIONS-s7.md:281
s7,a-P7-5,AI,AI (weak),Human,**Human (100%)**,yes,no,,s7/PREDICTIONS-s7.md:282
s7,b-P7-1,Human,Human (weak),Human,**Human (100%)**,yes,yes,,s7/PREDICTIONS-s7.md:290
s7,b-P7-2,Human,Human (weak),Human,**Human (100%)**,yes,yes,,s7/PREDICTIONS-s7.md:291
s7,c-P7P8a,Human,Human (weak),Human,**Human (100%)**,yes,yes,,s7/PREDICTIONS-s7.md:292
s7,c-P7P8z,Human,Human (weak),Human,**Human (100%)**,yes,yes,,s7/PREDICTIONS-s7.md:293
s7,c-P8z,Human,Human (weak),Human,**Human (100%)**,yes,yes,Emulate's sentence,s7/PREDICTIONS-s7.md:294
s7,c-P2P3,Human,Human (weak),Human,Human (card),yes,yes,,s7/PREDICTIONS-s7.md:295
s7,c-S7a,Mixed,Mixed (weak),AI,"AI (100%, one window, 469 words scanned)",no,yes,,s7/PREDICTIONS-s7.md:296
s7,c-S7b,Mixed,Mixed (weak),AI,"AI (100%, one window)",no,yes,,s7/PREDICTIONS-s7.md:297
s7,d-S7-A,Human,Human (weak),Human,**Human (100%)**,yes,yes,,s7/PREDICTIONS-s7.md:305
s7,d-S7-B,Human,Human (weak),Mixed,"Mixed (30% AI): P1's commune sentence on (66 words), P6's last sentence with P7 (81)",no,no,,s7/PREDICTIONS-s7.md:306
s7,d-S7-C,AI,AI (weak),Mixed,"Mixed (59% AI): P1's commune sentence on (66), P4's ""They can change those agreements."" to the end (204)",no,yes,"""I do think"" out of P5",s7/PREDICTIONS-s7.md:307
s7,d-S7-D,Human,Human (weak),Mixed,"Mixed (59% AI): P1's commune sentence on (66), P3's middle (57), P6 to the end (153)",no,no,,s7/PREDICTIONS-s7.md:308
s7,d-S7-E,Human,Human (weak),Human,**Human (100%)**,yes,yes,,s7/PREDICTIONS-s7.md:309
s7,e-S7-AE,Human,Human (weak),Human,**Human (100%)**,yes,yes,each passed alone on v1,s7/PREDICTIONS-s7.md:317
s7,e-S7-AEC,Human,Human (weak),MostlyHuman,"Mostly Human (93%), card ""Human"": one AI window, P1's commune sentence (34 words)",no,no,smaller C,s7/PREDICTIONS-s7.md:318
s7,e-S7-AED,Human,Human (weak),Mixed,"Mixed (25% AI): P1's commune sentence (34), P6's second sentence into P7 (92)",no,no,smaller D,s7/PREDICTIONS-s7.md:319
s7,e-S7-AEB,Mixed,Mixed (weak),Mixed,"Mixed (34% AI): the heading and P1 (100), P6's last sentence into P7 (64)",no,yes,B tipped v1,s7/PREDICTIONS-s7.md:320
s7,e-S7-AEB3,Human,Human (weak),Human,**Human (100%)**,yes,yes,,s7/PREDICTIONS-s7.md:321
s7,f-S7-k0,Mixed,Mixed (weak),Mixed,"Mixed (44% AI): the heading and P1 (100), P6's second sentence to P7's end (112)",no,yes,the 93% text with B3 added,s7/PREDICTIONS-s7.md:329
s7,f-S7-k1,Human,Human (weak),Mixed,Mixed (48%),no,no,,s7/PREDICTIONS-s7.md:330
s7,f-S7-k3,Human,Human (weak),Mixed,Mixed (31%),no,no,,s7/PREDICTIONS-s7.md:331
s7,f-S7-k4,Human,Human (weak),Mixed,Mixed (71%),no,no,"Emulate's ""and … and"" in P3 read human",s7/PREDICTIONS-s7.md:332
s7,f-S7-k5,Mixed,Mixed (weak),Mixed,Mixed (78%),no,yes,,s7/PREDICTIONS-s7.md:333
s7,g-S7-p3-1,Human,Human (weak),Mixed,Mixed (18% AI): P6's second sentence into P7 (92),no,no,one word,s7/PREDICTIONS-s7.md:341
s7,g-S7-p3-2,Human,Human (weak),Human,**Human (100%)**,yes,yes,,s7/PREDICTIONS-s7.md:342
s7,g-S7-p3-3,Mixed,Mixed (weak),Human,**Human (100%)**,yes,no,,s7/PREDICTIONS-s7.md:343
s7,g-S7-p3-4,Mixed,Mixed (weak),Mixed,Mixed (15% AI): the heading and P1 to the commune sentence (69),no,yes,,s7/PREDICTIONS-s7.md:344
s7,g-S7-p3-5,Mixed,Mixed (weak),Human,**Human (100%)**,yes,no,,s7/PREDICTIONS-s7.md:345
s7,h-S7-p3-6,Mixed,Mixed (weak),Mixed,Mixed (22% AI): P6's second sentence to P7's end (112),no,yes,it tipped p3-2,s7/PREDICTIONS-s7.md:353
s7,h-S7-p5-2,Human,Human (weak),MostlyHuman,"Mostly Human (93%), card ""Human"": P1's commune sentence (34)",no,no,,s7/PREDICTIONS-s7.md:354
s7,h-S7-p5-4,Human,Human (weak),Mixed,Mixed (15%),no,no,,s7/PREDICTIONS-s7.md:355
s7,h-S7-p6-1,Human,Human (weak),Mixed,Mixed (17%): P6's last sentence into P7 (87),no,no,,s7/PREDICTIONS-s7.md:356
s7,h-S7-p6-4,Mixed,Mixed (weak),Mixed,Mixed (70%),no,yes,,s7/PREDICTIONS-s7.md:357
s7,i-S7-p5-5,Human,Human (weak),Human,**Human (100%)**,yes,yes,,s7/PREDICTIONS-s7.md:365
s7,i-S7-p5-6,Human,Human (weak),Human,**Human (100%)**,yes,yes,,s7/PREDICTIONS-s7.md:366
s7,i-S7-p6-5,Mixed,Mixed (weak),Mixed,Mixed (25%),no,yes,the published shape,s7/PREDICTIONS-s7.md:367
s7,i-S7-p6-6,Human,Human (weak),Mixed,Mixed (17%),no,no,,s7/PREDICTIONS-s7.md:368
s7,i-S7-p3-7,Mixed,Mixed (weak),Mixed,Mixed (16%),no,yes,,s7/PREDICTIONS-s7.md:369
s7,j-S7-v2b,Mixed,Mixed (weak),MostlyHuman,"Mostly Human (91%), card ""Human"": P7's last three sentences (51)",no,yes,every addition has tipped it so far,s7/PREDICTIONS-s7.md:379
s7,j-P1,Human,Human,Human,**Human (100%)**,yes,yes,its card said Human,s7/PREDICTIONS-s7.md:380
s7,j-P3,Human,Human (weak),Human,**Human (100%)**,yes,yes,,s7/PREDICTIONS-s7.md:381
s7,j-P2P3,Human,Human (weak),Human,**Human (100%)**,yes,yes,,s7/PREDICTIONS-s7.md:382
s7,j-P4P5,Human,Human (weak),Human,**Human (100%)**,yes,yes,,s7/PREDICTIONS-s7.md:383
s7,s7-S3,Human,Human (weak),Human,"**Human (100%)**, 479 words scanned",yes,yes,one sentence back to plain syntax; this section tips easily,s7/PREDICTIONS-s7.md:411
s7,s7-P3,Human,Human,Human,**Human (100%)**,yes,yes,he checked it,s7/PREDICTIONS-s7.md:412
s7,s7-P2P3,Human,Human (weak),Human,**Human (100%)**,yes,yes,,s7/PREDICTIONS-s7.md:413
s8,pub-S8a,Mixed,Mixed,Mixed,"Mixed (52% AI): P2's second sentence to P3's end (73 words) and P5's second sentence to P6 (44); P1, the caption, P4 (his video joke) and P5's first sentence read Human",no,yes,Joel's caption and his son's video joke beside the drafted paragraphs,s8/PREDICTIONS-s8.md:11
s8,pub-S8b,AI,AI,AI,AI (card),no,yes,,s8/PREDICTIONS-s8.md:12
s8,pub-S8c,AI,AI,AI,AI (card),no,yes,the five-part protection list,s8/PREDICTIONS-s8.md:13
s8,pub-S8d,AI,AI,AI,AI (card),no,yes,,s8/PREDICTIONS-s8.md:14
s8,pub-S8e,AI,AI,AI,AI (card),no,yes,,s8/PREDICTIONS-s8.md:15
s8,pub-S8,AI,AI (mostly),AI,"AI (97%, 1,374 words scanned): two AI windows, the heading to P3 (152) and P5's second sentence to the end (1,144)",no,yes,,s8/PREDICTIONS-s8.md:16
s8,95g-P2P3,AI,AI,AI,AI (100%),no,yes,"P3 is mostly the published wording, and P2's second sentence is mine",s8/PREDICTIONS-s8.md:35
s8,95g-P5P6,Human,Human,Human,**Human (100%)**,yes,yes,P5's first sentence read Human in the baseline; the rest is round c's sample with one word fixed,s8/PREDICTIONS-s8.md:36
s8,95g-P7,Human,Human (weak),Human,**Human (100%)**,yes,yes,"round c's sentence structure, my ""handle"" and ""a lot of the fathering""",s8/PREDICTIONS-s8.md:37
s8,95g-P8,AI,AI,Human,**Human (100%)**,yes,no,"long, and much of it is my rewording of round d's sample",s8/PREDICTIONS-s8.md:38
s8,95g-P9P10,AI,AI,AI,AI (100%),no,yes,P9 is close to the published sentences,s8/PREDICTIONS-s8.md:39
s8,96g-P5P6,Human,Human,Human,**Human (100%)**,yes,yes,the 95g pair with three word fixes,s8/PREDICTIONS-s8.md:74
s8,96g-P7,Human,Human (weak),Human,**Human (100%)**,yes,yes,the 95g paragraph with its end back in the published words,s8/PREDICTIONS-s8.md:75
s8,96g-P8,Human,Human (weak),AI,AI (100%),no,no,"the 95g paragraph with five fixes, three toward the published words",s8/PREDICTIONS-s8.md:76
s8,96g-P11P12,Human,Human (weak),Human,**Human (100%)**,yes,yes,round c's samples with fixes,s8/PREDICTIONS-s8.md:77
s8,96g-P13P14,AI,AI,AI,AI (100%),no,yes,P13 is mostly mine,s8/PREDICTIONS-s8.md:78
s8,97g-P8a,Human,Human (weak),Mixed,"Mixed (66% AI): ""Still, it's a powerful picture. In her account…"" to the end (64 words)",no,no,"one sentence changed, round d's verbs kept",s8/PREDICTIONS-s8.md:86
s8,97g-P8b,Human,Human (weak),Mixed,"Mixed (41% AI): the opening to ""…it's a powerful picture."" (41 words)",no,no,two phrases back to the published words,s8/PREDICTIONS-s8.md:87
s8,97g-P8c,Human,Human,AI,AI Assisted (100%),no,no,two small word changes,s8/PREDICTIONS-s8.md:88
s8,97g-P8d,AI,AI,AI,AI (100%),no,yes,"close to v2, which read AI",s8/PREDICTIONS-s8.md:89
s8,97g-P15P16P17,AI,AI,AI,AI (100%),no,yes,"rule-list style, mostly the published sentences",s8/PREDICTIONS-s8.md:90
s8,98g-P18,AI,AI,AI,AI (100%),no,yes,mostly my wording on the published structure,s8/PREDICTIONS-s8.md:100
s8,98g-P19,AI,AI,AI,AI (100%),no,yes,the same,s8/PREDICTIONS-s8.md:101
s8,98g-P20,AI,AI,Mixed,"Mixed (45% AI): ""In 1984, Vermont authorities…"" to the end (45 words); the first three sentences Human",no,yes,close to the published sentences,s8/PREDICTIONS-s8.md:102
s8,98g-P21,AI,AI,AI,AI (100%),no,yes,close to the published sentences,s8/PREDICTIONS-s8.md:103
s8,98g-P22P23,AI,AI,AI,AI (100%),no,yes,P23 is mine,s8/PREDICTIONS-s8.md:104
s8,99g-P24,AI,AI,Human,**Human (100%)**,yes,no,"my wording on m1, two phrases from round a",s8/PREDICTIONS-s8.md:114
s8,99g-P25,AI,AI,AI,AI (100%),no,yes,"long, list-heavy, close to the published sentences",s8/PREDICTIONS-s8.md:115
s8,99g-P25P26,AI,AI,AI,AI (100%),no,yes,the same,s8/PREDICTIONS-s8.md:116
s8,99g-P27P28,AI,AI,AI,AI (100%),no,yes,close to the published sentences,s8/PREDICTIONS-s8.md:117
s8,99g-P2P3,Human,Human (weak),AI,AI (100%),no,no,"round e's sentences, word fixes",s8/PREDICTIONS-s8.md:118
s8,100g-P8e,Human,Human (weak),Human,**Human (100%)**,yes,yes,"v1 with ""She writes that"" and without ""wherever they go""",s8/PREDICTIONS-s8.md:126
s8,100g-P8f,Human,Human,Mixed,"Mixed (42% AI): ""Children are around people of several ages…"" to the end (43 words)",no,no,"v1 with ""no single""",s8/PREDICTIONS-s8.md:127
s8,100g-P8g,Human,Human,Human,**Human (100%)**,yes,yes,"v1 with ""mimic""",s8/PREDICTIONS-s8.md:128
s8,100g-P8h,Human,Human (weak),Mixed,Mixed (43% AI): the same last two sentences,no,no,all three,s8/PREDICTIONS-s8.md:129
s8,100g-P9P10,Human,Human (weak),Human,**Human (100%)**,yes,yes,round e's sentences,s8/PREDICTIONS-s8.md:130
s8,101g-P13P14,Human,Human (weak),AI,AI (100%),no,no,round e u4's sentences,s8/PREDICTIONS-s8.md:138
s8,101g-P15P16P17,AI,AI,AI,AI (100%),no,yes,"rule-list style, though the sentences are round e's",s8/PREDICTIONS-s8.md:139
s8,101g-P18,AI,AI,AI,AI (100%),no,yes,more mine than round e's,s8/PREDICTIONS-s8.md:140
s8,101g-P19,Human,Human (weak),Human,**Human (100%)**,yes,yes,round e u6's sentences,s8/PREDICTIONS-s8.md:141
s8,101g-P20,Human,Human (weak),Mixed,"Mixed (44% AI): ""In 1984…"" to the end again (46 words)",no,no,the first half passed in 98g; the second half is round e u7's,s8/PREDICTIONS-s8.md:142
s8,102g-P2,Human,Human (weak),Human,**Human (100%)**,yes,yes,round f's sentences with three word fixes,s8/PREDICTIONS-s8.md:152
s8,102g-P2P3,Human,Human (weak),Human,**Human (100%)**,yes,yes,P3 from round e,s8/PREDICTIONS-s8.md:153
s8,102g-P8i,Human,Human,Mixed,Mixed (43% AI): the last two sentences,no,no,two fixes that each passed alone,s8/PREDICTIONS-s8.md:154
s8,102g-P8j,Human,Human (weak),AI,AI Assisted (100%),no,no,"the same, and the published ""one exhausted parent isn't expected""",s8/PREDICTIONS-s8.md:155
s8,102g-P21,AI,AI,AI,AI (100%),no,yes,close to the published sentences,s8/PREDICTIONS-s8.md:156
s8,103g-P13P14,Human,Human (weak),Mixed,"Mixed (42% AI): P13 (48 words) AI, P14 Human",no,no,"round b's and e's sentences, word fixes",s8/PREDICTIONS-s8.md:164
s8,103g-P15P16P17,AI,AI,AI,AI (100%),no,yes,rule lists still,s8/PREDICTIONS-s8.md:165
s8,103g-P18,Human,Human (weak),AI,AI (100%),no,no,round e's sentences,s8/PREDICTIONS-s8.md:166
s8,103g-P20,Human,Human (weak),Mixed,"Mixed (46% AI): from ""As the 1984 Island Pond raid showed…"" to the end (47 words)",no,no,round c's sentence for the raid,s8/PREDICTIONS-s8.md:167
s8,103g-P22P23,AI,AI,AI,AI (100%),no,yes,P23 is mine,s8/PREDICTIONS-s8.md:168
s8,104g-P25,AI,AI,AI,AI (100%),no,yes,"round d's structure, many of my word fixes, three lists",s8/PREDICTIONS-s8.md:176
s8,104g-P25P26,AI,AI,AI,AI (100%),no,yes,the same,s8/PREDICTIONS-s8.md:177
s8,104g-P27P28,Human,Human (weak),AI,AI (100%),no,no,round f and e sentences,s8/PREDICTIONS-s8.md:178
s8,104g-P8k,Human,Human (weak),Mixed,Mixed (43% AI): the last two sentences,no,no,"P8e with ""copy"" for ""recreate""",s8/PREDICTIONS-s8.md:179
s8,104g-P8l,Human,Human (weak),Mixed,Mixed (43% AI): the last two sentences,no,no,"P8e with the published ""imitate""",s8/PREDICTIONS-s8.md:180
s8,105g-P8m,Human,Human (weak),AI,AI Assisted (100%),no,no,P8e with the parent clause turned around,s8/PREDICTIONS-s8.md:190
s8,105g-P13P14,Human,Human (weak),Mixed,Mixed (41% AI): P13 (41 words) AI,no,no,P14 read Human in 103g,s8/PREDICTIONS-s8.md:191
s8,105g-P15P16P17,AI,AI,AI,AI (100%),no,yes,the rule list again,s8/PREDICTIONS-s8.md:192
s8,105g-P17,Human,Human (weak),Human,**Human (100%)**,yes,yes,round g's sentences,s8/PREDICTIONS-s8.md:193
s8,105g-P18,Human,Human (weak),Human,**Human (100%)**,yes,yes,round g's sentences,s8/PREDICTIONS-s8.md:194
s8,106g-P20,Human,Human (weak),Human,**Human (100%)**,yes,yes,round g's raid sentence,s8/PREDICTIONS-s8.md:200
s8,106g-P21,Human,Human (weak),AI,AI (100%),no,no,round g's sentences,s8/PREDICTIONS-s8.md:201
s8,106g-P22P23,AI,AI,AI,AI (100%),no,yes,P22 read AI with P23 before,s8/PREDICTIONS-s8.md:202
s8,106g-P25a,AI,AI,Human,**Human (100%)**,yes,no,a list,s8/PREDICTIONS-s8.md:203
s8,106g-P25b,AI,AI,AI,AI (100%),no,yes,lists,s8/PREDICTIONS-s8.md:204
s8,107g-S8e,Human,Human (weak),AI,AI (100%),no,no,round g's sentences,s8/PREDICTIONS-s8.md:212
s8,107g-P13aP14,Human,Human (weak),Human,**Human (100%)**,yes,yes,P13 without a three-item list,s8/PREDICTIONS-s8.md:213
s8,107g-P13bP14,AI,AI,Human,**Human (100%)**,yes,no,"three ""can't"" clauses",s8/PREDICTIONS-s8.md:214
s8,107g-P15P16P17,AI,AI,Human,**Human (100%)**,yes,no,the opener and the rule again,s8/PREDICTIONS-s8.md:215
s8,107g-P14,Human,Human,Human,**Human (100%)**,yes,yes,read Human inside two pairs,s8/PREDICTIONS-s8.md:216
s8,108g-P21,AI,AI,AI,AI (100%),no,yes,the stages as a range instead of a list,s8/PREDICTIONS-s8.md:222
s8,108g-P22,Human,Human (weak),Human,**Human (100%)**,yes,yes,round g's sentences,s8/PREDICTIONS-s8.md:223
s8,108g-P22P23,Human,Human (weak),AI,AI (100%),no,no,the same,s8/PREDICTIONS-s8.md:224
s8,108g-P25b,AI,AI,AI,AI (100%),no,yes,lists,s8/PREDICTIONS-s8.md:225
s8,108g-P25bP26,AI,AI,AI,AI (100%),no,yes,the same,s8/PREDICTIONS-s8.md:226
s8,109g-P15P16P17,Human,Human (weak),Human,**Human (100%)**,yes,yes,one phrase changed in a passing triple,s8/PREDICTIONS-s8.md:236
s8,109g-P22P23,Human,Human (weak),Human,**Human (100%)**,yes,yes,"P23 rebuilt from round g, ""for it"" covering every item",s8/PREDICTIONS-s8.md:237
s8,109g-P21,Human,Human (weak),AI,AI (100%),no,no,the stage list compressed,s8/PREDICTIONS-s8.md:238
s8,109g-P25,Human,Human (weak),AI,AI (100%),no,no,P25a with the lists cut,s8/PREDICTIONS-s8.md:239
s8,109g-P27P28,Human,Human (weak),AI,AI (100%),no,no,"round g's ""however sincere"" and ""without being so rigid""",s8/PREDICTIONS-s8.md:240
s8,110g-P25bs,AI,AI,AI,AI (100%),no,yes,it read AI inside P25,s8/PREDICTIONS-s8.md:248
s8,110g-P21,AI,AI,AI,AI (100%),no,yes,"round f's ""I failed to find one"", the same structure",s8/PREDICTIONS-s8.md:249
s8,110g-P27P28,Human,Human (weak),AI,AI (100%),no,no,round g's question form for P27,s8/PREDICTIONS-s8.md:250
s8,110g-S8e,Human,Human (weak),AI,AI (100%),no,no,the same,s8/PREDICTIONS-s8.md:251
s8,110g-S8e-newH4,Human,Human (weak),AI,AI (100%),no,no,the heading reworded with the same promise,s8/PREDICTIONS-s8.md:252
s8,111g-P21,AI,AI,AI,AI (100%),no,yes,the same claims in the same order,s8/PREDICTIONS-s8.md:260
s8,111g-P25b,AI,AI,AI,AI (100%),no,yes,lists,s8/PREDICTIONS-s8.md:261
s8,111g-P25,AI,AI,AI,AI (100%),no,yes,the same,s8/PREDICTIONS-s8.md:262
s8,111g-P27P28,Human,Human (weak),AI,AI (100%),no,no,the polished pair broken up,s8/PREDICTIONS-s8.md:263
s8,111g-S8e,Human,Human (weak),AI,AI (100%),no,no,the same,s8/PREDICTIONS-s8.md:264
s8,112g-P21,AI,AI,Mixed,Mixed (35% AI): only the last two sentences (39 words),no,yes,the same claims,s8/PREDICTIONS-s8.md:272
s8,112g-P25b,AI,AI,AI,AI (100%),no,yes,lists,s8/PREDICTIONS-s8.md:273
s8,112g-P25,AI,AI,AI,AI (100%),no,yes,the same,s8/PREDICTIONS-s8.md:274
s8,112g-P27P28,Human,Human (weak),AI,AI (100%),no,no,"round a's ""two people and two childhoods, not twenty and twenty""",s8/PREDICTIONS-s8.md:275
s8,112g-S8e,Human,Human (weak),AI,AI (100%),no,no,the same,s8/PREDICTIONS-s8.md:276
s8,113g-P21a,Human,Human (weak),Human,**Human (100%)**,yes,yes,"v11's passing start, round g u5 B's ""In the hardest cases""",s8/PREDICTIONS-s8.md:284
s8,113g-P21b,Human,Human (weak),AI,AI (100%),no,no,"v11's passing start, round h u1 B's ""I think it's essential""",s8/PREDICTIONS-s8.md:285
s8,113g-P25b,AI,AI,Human,**Human (100%)**,yes,no,"round h u2 A, lists",s8/PREDICTIONS-s8.md:286
s8,113g-P27P28,Human,Human (weak),AI,AI (100%),no,no,"round h's ""And that's just two people. Now think of twenty adults""",s8/PREDICTIONS-s8.md:287
s8,113g-S8e,Human,Human (weak),AI,AI (100%),no,no,the same,s8/PREDICTIONS-s8.md:288
s8,114g-P25,Human,Human (weak),AI,AI (100%),no,no,each half passed alone,s8/PREDICTIONS-s8.md:296
s8,114g-P25P26,Human,Human (weak),AI,AI (100%),no,no,"the same, with P26",s8/PREDICTIONS-s8.md:297
s8,114g-P27P28,Human,Human (weak),AI,AI (100%),no,no,"round h u3 A's ""still end up with very different opinions"", round h u3 B's ""it takes more than…""",s8/PREDICTIONS-s8.md:298
s8,114g-S8e,Human,Human (weak),AI,AI (100%),no,no,the same,s8/PREDICTIONS-s8.md:299
s8,114g-P27v12P28v13,Human,Human (weak),AI,AI (100%),no,no,to tell which paragraph carries the AI reading,s8/PREDICTIONS-s8.md:300
s8,115g-D1-P24P27,Mixed,Mixed,Human,**Human (100%)**,yes,no,P27's list,s8/PREDICTIONS-s8.md:308
s8,115g-D2-P24P28,Mixed,Mixed,Mixed,"Mixed (45% AI): P28, the whole of it (51 words)",no,yes,P28's close,s8/PREDICTIONS-s8.md:309
s8,115g-D3-P24P26,Human,Human (weak),Human,**Human (100%)**,yes,yes,round g's sentences,s8/PREDICTIONS-s8.md:310
s8,115g-P25bP26,Human,Human (weak),Human,**Human (100%)**,yes,yes,P25b passed alone,s8/PREDICTIONS-s8.md:311
s8,116g-P27P28a,Human,Human (weak),AI,AI (100%),no,no,"""So … to hang together. Parents still need room to be parents, though.""",s8/PREDICTIONS-s8.md:319
s8,116g-P27P28c,Human,Human (weak),AI,AI (100%),no,no,"round h u3 A's ""well, at least everyone means well""",s8/PREDICTIONS-s8.md:320
s8,116g-P27P28d,Human,Human (weak),AI,AI (100%),no,no,the plainest,s8/PREDICTIONS-s8.md:321
s8,116g-S8e-c,Human,Human (weak),AI,AI (100%),no,no,c under the heading,s8/PREDICTIONS-s8.md:322
s8,116g-S8e-d,Human,Human (weak),AI,AI (100%),no,no,d under the heading,s8/PREDICTIONS-s8.md:323
s8,117g-P27P28e,Human,Human (weak),AI,AI (100%),no,no,"no ""parents … parents""",s8/PREDICTIONS-s8.md:331
s8,117g-P27P28f,Human,Human (weak),AI,AI (100%),no,no,the same,s8/PREDICTIONS-s8.md:332
s8,117g-D-P24P28e,Human,Human (weak),AI,"AI (100%), P24 included",no,no,P28 beside a passing paragraph,s8/PREDICTIONS-s8.md:333
s8,117g-D-P24P28f,Human,Human (weak),Human,**Human (100%)**,yes,yes,the same,s8/PREDICTIONS-s8.md:334
s8,118g-P27v12P28f,Human,Human (weak),AI,AI (100%),no,no,"""And that's just two people. Now think of twenty adults""",s8/PREDICTIONS-s8.md:342
s8,118g-P27v11P28f,Human,Human (weak),AI,AI (100%),no,no,"""not twenty and twenty""",s8/PREDICTIONS-s8.md:343
s8,118g-P27v10P28f,Human,Human (weak),AI,AI (100%),no,no,"""Multiply that by twenty adults, each with their own childhood.""",s8/PREDICTIONS-s8.md:344
s8,118g-P27c6P28f,Human,Human (weak),AI,AI (100%),no,no,"round g's ""split apart over disagreements on""",s8/PREDICTIONS-s8.md:345
s8,118g-P27c4P28f,Human,Human (weak),AI,AI (100%),no,no,"round f's ""different experiences of how they were brought up""",s8/PREDICTIONS-s8.md:346
s8,119g-S8a,Human,Human (weak),Human,"**Human (100%)**, 276 words scanned",yes,yes,each paragraph passed alone or with its neighbor,s8/PREDICTIONS-s8.md:354
s8,119g-S8b,Human,Human (weak),AI,"AI (100%), 281 words scanned",no,no,the same,s8/PREDICTIONS-s8.md:355
s8,119g-S8c,Mixed,Mixed,Human,"**Human (100%)**, 673 words scanned",yes,no,"the same, but a long run, and section 7's parts didn't add up",s8/PREDICTIONS-s8.md:356
s8,119g-S8d,Human,Human (weak),AI,"AI (92%): from P22's second sentence (""Pop culture makes Rumspringa…"") to the end, 370 words",no,no,the same,s8/PREDICTIONS-s8.md:357
s8,119g-P27P28s2,Human,Human (weak),Human,**Human (100%)**,yes,yes,the restated heading cut,s8/PREDICTIONS-s8.md:358
s8,120g-S8b-noH,Human,Human (weak),Mixed,"Mixed (54% AI): P7 with P8 (148 words) AI, P9 and P10 Human",no,no,the tricolon heading may be what tips it,s8/PREDICTIONS-s8.md:366
s8,120g-S8b-H1c,Human,Human (weak),Mixed,Mixed (72% AI): P7's second sentence to P8's end (130 words) and P9's last sentence to P10's end (71) AI,no,no,the same,s8/PREDICTIONS-s8.md:367
s8,120g-D-S8d-1,Human,Human (weak),Human,**Human (100%)**,yes,yes,P22 with P23 passed,s8/PREDICTIONS-s8.md:368
s8,120g-D-S8d-2,Human,Human (weak),Human,**Human (100%)**,yes,yes,P24 passed alone,s8/PREDICTIONS-s8.md:369
s8,120g-S8e-prop,Human,Human (weak),Human,**Human (100%)**,yes,yes,the pair passed,s8/PREDICTIONS-s8.md:370
s8,121g-S8b-P8v1,Mixed,Mixed,AI,AI (84%): the heading to P8's end (163 words) and P9's last sentence to P10's end (71),no,yes,"does the ""She writes"" fix tip the pair?",s8/PREDICTIONS-s8.md:378
s8,121g-S8b-P8g,Mixed,Mixed,AI,AI (84%): the same two windows,no,yes,the same question,s8/PREDICTIONS-s8.md:379
s8,121g-D-S8d-3,Human,Human (weak),Mixed,"Mixed (41% AI): P22's second sentence to P23's first (55 words), P24's last sentence to P25a's second (41)",no,no,P25a passed alone,s8/PREDICTIONS-s8.md:380
s8,121g-D-S8d-4,Mixed,Mixed,AI,AI (91%): P22's second sentence to the end (328 words),no,yes,P25's halves read AI together,s8/PREDICTIONS-s8.md:381
s8,121g-D-S8d-5,Mixed,Mixed,AI,AI (100%),no,yes,the same,s8/PREDICTIONS-s8.md:382
s8,122g-S8b-P8n,Mixed,Mixed,AI,AI (84%): the same two windows,no,yes,one window changed,s8/PREDICTIONS-s8.md:392
s8,122g-S8b-P10n,Mixed,Mixed,AI,AI (100%),no,yes,the other window changed,s8/PREDICTIONS-s8.md:393
s8,122g-S8b-P8nP10n,Human,Human (weak),AI,AI (83%): the same two windows,no,no,both,s8/PREDICTIONS-s8.md:394
s8,122g-P8n,Human,Human (weak),Human,**Human (100%)**,yes,yes,round c's sentences,s8/PREDICTIONS-s8.md:395
s8,122g-P9P10n,Human,Human (weak),Human,**Human (100%)**,yes,yes,round f's sentences,s8/PREDICTIONS-s8.md:396
s8,123g-S8b-P7c,Mixed,Mixed,AI,AI (100%),no,yes,P7 reworded,s8/PREDICTIONS-s8.md:404
s8,123g-S8b-P9b,Mixed,Mixed,AI,AI (83%): the same two windows,no,yes,P9's last sentence in two plain sentences,s8/PREDICTIONS-s8.md:405
s8,123g-S8b-P7cP9b,Human,Human (weak),AI,AI (100%),no,no,both,s8/PREDICTIONS-s8.md:406
s8,123g-P7c,Human,Human (weak),Human,**Human (100%)**,yes,yes,,s8/PREDICTIONS-s8.md:407
s8,123g-P9bP10n,Human,Human (weak),Human,**Human (100%)**,yes,yes,,s8/PREDICTIONS-s8.md:408
s8,124g-S8-prop,Mixed,Mixed,Mixed,"Mixed (27% AI, 1,732 words scanned): one AI window, P22's second sentence to the end (448 words); S8a, S8b and S8c read Human in the section",no,yes,S8b and S8d read AI as subsections,s8/PREDICTIONS-s8.md:418
s8,124g-S8-P28f,Mixed,Mixed,Mixed,"Mixed (28% AI, 1,747 words scanned): the same window (462 words)",no,yes,"the same, and P27 with P28",s8/PREDICTIONS-s8.md:419
s8,124g-D-S8d-3-a1,Human,Human (weak),Mixed,"Mixed (64% AI): P22's second sentence to P23's first (55 words), P24's third sentence to P25a's end (100)",no,no,"""Nobody can offer unlimited freedom, so…""",s8/PREDICTIONS-s8.md:420
s8,124g-D-S8d-3-a3,Human,Human (weak),Mixed,"Mixed (41% AI): the same P22–P23 window, and P24's last sentence to P25a's second (42)",no,no,"""Unlimited freedom isn't on the table anyway.""",s8/PREDICTIONS-s8.md:421
s8,125g-S8de,AI,AI,AI,AI (93%): P22's second sentence to the end (448 words),no,yes,the section's AI window,s8/PREDICTIONS-s8.md:429
s8,125g-S8de-P22a,Mixed,Mixed,AI,AI (93%): the same window,no,yes,"P22's second sentence from round a and c (""blown out of proportion"", ""not as infants"")",s8/PREDICTIONS-s8.md:430
s8,125g-S8de-P22b,Mixed,Mixed,AI,AI (93%): the same window,no,yes,another wording of it,s8/PREDICTIONS-s8.md:431
s8,125g-S8de-P22aP24b,Mixed,Mixed,AI,AI (card),no,yes,"and P24's last sentence (""less cash to go around"")",s8/PREDICTIONS-s8.md:432
s8,125g-P22a-alone,Human,Human (weak),AI,AI (card),no,no,,s8/PREDICTIONS-s8.md:433
s8,126g-S8de-v20,Mixed,Mixed,AI,AI (93%): P22's second sentence to the end (447 words),no,yes,a new run,s8/PREDICTIONS-s8.md:441
s8,126g-P22,Human,Human (weak),Human,**Human (100%)**,yes,yes,round i's second sentence,s8/PREDICTIONS-s8.md:442
s8,126g-P22P23,Human,Human (weak),AI,AI (100%),no,no,,s8/PREDICTIONS-s8.md:443
s8,126g-P24,Human,Human (weak),Human,**Human (100%)**,yes,yes,round i's sentences,s8/PREDICTIONS-s8.md:444
s8,126g-P25a,Human,Human (weak),AI,AI (100%),no,no,,s8/PREDICTIONS-s8.md:445
s8,127g-P2a,Human,Human (weak),Human,"**Human (100%)**, 04:40:21",yes,yes,both fixes go toward the published wording; P2 passed alone in 102g,s8/PREDICTIONS-s8.md:460
s8,127g-P2aP3a,Human,Human (weak),AI,"AI (100%), 04:40:25",no,no,"P3 with ""talk about"" and ""who lived through it""",s8/PREDICTIONS-s8.md:461
s8,127g-P2aP3d,Mixed,Mixed,AI,"AI (100%), 04:40:29",no,yes,"P3d opens with my anchor for ""All of this""",s8/PREDICTIONS-s8.md:462
s8,127g-P2b,Human,Human (weak),Human,"**Human (100%)**, 04:40:33",yes,yes,"""only saying that"" in place of ""but … do need""",s8/PREDICTIONS-s8.md:463
s8,127g-P5P6,Human,Human,Human,"**Human (100%)**, 04:40:38",yes,yes,two word fixes in P5,s8/PREDICTIONS-s8.md:464
s8,127g-P5,Human,Human,Human,"**Human (100%)**, 04:40:43",yes,yes,"P5 is 50 words, so it has to pass alone",s8/PREDICTIONS-s8.md:465
s8,127g-P7,Human,Human,Human,"**Human (100%)**, 04:40:48",yes,yes,a comma,s8/PREDICTIONS-s8.md:466
s8,127g-P8a,Mixed,Mixed,Human,"**Human (100%)**, 04:40:52",yes,no,four fixes in a paragraph where fixes have not combined before,s8/PREDICTIONS-s8.md:467
s8,127g-P8b,Mixed,Mixed,Human,"**Human (100%)**, 04:40:57",yes,no,"the same, and ""One of the biggest reasons""",s8/PREDICTIONS-s8.md:468
s8,127g-P9a,AI,AI,Human,"**Human (100%)**, 04:41:02",yes,no,"three phrases back toward the published sentences, which read AI in 95g",s8/PREDICTIONS-s8.md:469
s8,127g-P9aP10a,Mixed,Mixed,Human,"**Human (100%)**, 04:41:06",yes,no,"P10 with ""should study … directly"" and ""expands a kid's circle""",s8/PREDICTIONS-s8.md:470
s8,127g-P9aP10c,AI,AI,Human,"**Human (100%)**, 04:41:11",yes,no,P10c is close to the published sentence,s8/PREDICTIONS-s8.md:471
s8,127g-P11P12,Human,Human (weak),Human,"**Human (100%)**, 04:41:15",yes,yes,word fixes,s8/PREDICTIONS-s8.md:472
s8,127g-P13aP14a,Mixed,Mixed,Mixed,"Mixed (63% AI), 04:51:41: P13a and P14a's first sentence (71 words)",no,yes,P13a opens with the published sentence; P13 alone read AI in 103g and 105g,s8/PREDICTIONS-s8.md:473
s8,127g-P13bP14b,Mixed,Mixed,AI,"AI (100%), 04:51:44",no,yes,"the other order, and P14 with ""reject"" and ""without actually preventing""",s8/PREDICTIONS-s8.md:474
s8,127g-P14a,Human,Human (weak),Human,"**Human (100%)**, 04:51:49",yes,yes,"""don't buy the suburban panic"", ""can … and still not prevent""",s8/PREDICTIONS-s8.md:475
s8,127g-P14b,AI,AI,Human,"**Human (100%)**, 04:51:54",yes,no,"the published ""reject"" and ""without actually preventing abuse""",s8/PREDICTIONS-s8.md:476
s8,127g-P15P16aP17,AI,AI,AI,"AI (100%), 04:51:58",no,yes,"""Their \""no\"" matters"" read AI in this triple before (103g, 105g)",s8/PREDICTIONS-s8.md:477
s8,127g-P15P16bP17,Human,Human (weak),AI,"AI (100%), 04:52:03",no,no,"""When kids say no, it counts""",s8/PREDICTIONS-s8.md:478
s8,127g-P17,Human,Human (weak),Human,"**Human (100%)**, 04:52:10",yes,yes,"the definition cut, ""secrets meant to isolate a kid""",s8/PREDICTIONS-s8.md:479
s8,127g-P18a,Human,Human (weak),AI,"AI (100%), 04:52:15",no,no,"limits on the teaching back, in round g's rhythm",s8/PREDICTIONS-s8.md:480
s8,127g-P18b,Human,Human (weak),AI,"AI (100%), 04:52:19",no,no,"""Make sure the kids understand""",s8/PREDICTIONS-s8.md:481
s8,127g-P19b,Human,Human (weak),Human,"**Human (100%)**, 04:52:25",yes,yes,"""accuse"", ""Decide on the response process"", safety first",s8/PREDICTIONS-s8.md:482
s8,127g-P20a,Mixed,Mixed,AI,"AI (100%), 04:52:28",no,yes,"the raid sentence changed, and ""perspective, and somewhere to speak""",s8/PREDICTIONS-s8.md:483
s8,127g-P20b,Human,Human (weak),Human,"**Human (100%)**, 04:52:33",yes,yes,only the raid sentence and the next one changed,s8/PREDICTIONS-s8.md:484
s8,127g-P21c,AI,AI,AI,"AI (100%), 04:52:41",no,yes,"both search conditions before ""I couldn't find one"": the published structure",s8/PREDICTIONS-s8.md:485
s8,127g-P21b,Human,Human (weak),Human,"**Human (100%)**, 04:52:45",yes,yes,"""but I couldn't find any where the whole sequence was on record""",s8/PREDICTIONS-s8.md:486
s8,127g-P22a,Human,Human (weak),Human,"**Human (100%)**, 04:52:50",yes,yes,"""Amish young people decide as adults whether…""",s8/PREDICTIONS-s8.md:487
s8,127g-P22aP23,Human,Human (weak),Human,"**Human (100%)**, 04:52:54",yes,yes,"P23 with ""a community's kids"" and ""encounter""",s8/PREDICTIONS-s8.md:488
s8,127g-P22cP23,Human,Human (weak),AI,"AI (100%), 04:52:59",no,no,"""The Amish let their young people decide whether…""",s8/PREDICTIONS-s8.md:489
s8,127g-P25a,Human,Human (weak),Human,"**Human (100%)**, 04:53:04",yes,yes,"""learn enough … that they aren't helpless in it""",s8/PREDICTIONS-s8.md:490
s8,127g-P25b1,AI,AI,Mixed,"Mixed (65% AI), 04:53:11: ""It would be great if…"" to the end (80 words)",no,yes,"lists, and it read AI in most wordings",s8/PREDICTIONS-s8.md:491
s8,127g-P25b2,AI,AI,AI,"AI (100%), 04:53:15",no,yes,"the same, ""If the community can…, great.""",s8/PREDICTIONS-s8.md:492
s8,127g-P25b1P26,AI,AI,AI,"AI (100%), 04:53:20",no,yes,the same,s8/PREDICTIONS-s8.md:493
s8,127g-P27aP28a,AI,AI,AI,"AI (100%), 04:53:25",no,yes,the pair has read AI in about 20 wordings,s8/PREDICTIONS-s8.md:494
s8,127g-P27bP28a,AI,AI,AI,"AI (100%), 04:53:30",no,yes,"the same, ""split over""",s8/PREDICTIONS-s8.md:495
s8,127g-P27aP28c,AI,AI,AI,"AI (100%), 04:53:34",no,yes,"the same, ""to be consistent with them""",s8/PREDICTIONS-s8.md:496
s8,127g-P24P27a,Human,Human (weak),Human,"**Human (100%)**, 04:53:43",yes,yes,P27 passed beside P24 in 115g,s8/PREDICTIONS-s8.md:497
s8,127g-P24P28a,Mixed,Mixed,Human,"**Human (100%)**, 04:53:47",yes,no,P28 beside P24 passed once (117g) and failed once,s8/PREDICTIONS-s8.md:498
s8,128g-P2aP3e,Human,Human (weak),AI,"AI (100%), 04:53:51",no,no,"c4-P3 with only ""who lived through it"" added",s8/PREDICTIONS-s8.md:507
s8,128g-P2aP3f,Mixed,Mixed,AI,"AI (100%), 04:53:55",no,yes,"c4-P3 with only ""talk about""",s8/PREDICTIONS-s8.md:508
s8,128g-P2aP3g,Human,Human (weak),AI,"AI (100%), 04:54:00",no,no,"""who grew up in it""",s8/PREDICTIONS-s8.md:509
s8,128g-P2aP3h,Mixed,Mixed,AI,"AI (100%), 04:54:05",no,yes,"""who actually lived through it""",s8/PREDICTIONS-s8.md:510
s8,128g-P2aP3c4,Human,Human (weak),AI,"AI (100%), 04:54:12",no,no,P2a beside the P3 that passed with c4-P2 in 102g,s8/PREDICTIONS-s8.md:511
s8,128g-P9aP10e,Human,Human (weak),Mixed,"Mixed (59% AI), 04:54:17: P9a's last sentence and P10e (66 words)",no,no,"""deserves direct study"" with ""expands a kid's circle""",s8/PREDICTIONS-s8.md:512
s8,129g-P2bP3e,Mixed,Mixed,AI,"AI (100%), 04:58:59",no,yes,P2b passed alone; the pair is the question,s8/PREDICTIONS-s8.md:522
s8,129g-P2bP3g,Mixed,Mixed,AI,"AI (100%), 04:59:03",no,yes,"the same, ""who grew up in it""",s8/PREDICTIONS-s8.md:523
s8,129g-P2bP3f,Mixed,Mixed,Mixed,"Mixed (40% AI), 04:59:07: P3f (42 words)",no,yes,"""talk about""",s8/PREDICTIONS-s8.md:524
s8,129g-P2bP3c4,Human,Human (weak),Human,"**Human (100%)**, 04:59:12",yes,yes,diagnostic: P2b beside the P3 that passed in 102g,s8/PREDICTIONS-s8.md:525
s8,129g-P2g,Human,Human (weak),Human,"**Human (100%)**, 04:59:17",yes,yes,"round f's ""only … there needs to be"" kept, in the present",s8/PREDICTIONS-s8.md:526
s8,129g-P2gP3e,Mixed,Mixed,AI,"AI (100%), 04:59:21",no,yes,P2g beside P3e,s8/PREDICTIONS-s8.md:527
s8,129g-P13cP14b,Human,Human (weak),AI,"AI (100%), 04:59:28",no,no,"round b's ""lord it over"" and ""pass for"" kept, the duty on the adults",s8/PREDICTIONS-s8.md:528
s8,129g-P13dP14b,Mixed,Mixed,AI,"AI (100%), 04:59:33",no,yes,the published order of P13's first sentence,s8/PREDICTIONS-s8.md:529
s8,129g-P13eP14b,Human,Human (weak),Human,"**Human (100%)**, 04:59:39",yes,yes,only the first sentence changed from the passing c7-P13a,s8/PREDICTIONS-s8.md:530
s8,129g-P13dP14a,Mixed,Mixed,Human,"**Human (100%)**, 04:59:42",yes,no,P14a in place of P14b,s8/PREDICTIONS-s8.md:531
s8,129g-P15P16c8P17f,Human,Human (weak),AI,"AI (100%), 04:59:47",no,no,diagnostic: the old P16 with the fixed P17,s8/PREDICTIONS-s8.md:532
s8,129g-P15P16bP17c6,Mixed,Mixed,Human,"**Human (100%)**, 04:59:52",yes,no,diagnostic: the fixed P16 with the old P17,s8/PREDICTIONS-s8.md:533
s8,129g-P15P16fP17,Mixed,Mixed,AI,"AI (100%), 05:00:00",no,yes,"""Kids are allowed to say no, and it counts.""",s8/PREDICTIONS-s8.md:534
s8,129g-P15P16gP17,Mixed,Mixed,AI,"AI (100%), 05:00:04",no,yes,"""A kid's no counts""",s8/PREDICTIONS-s8.md:535
s8,129g-P18c,Human,Human (weak),Human,"**Human (100%)**, 05:00:09",yes,yes,only the third sentence fixed on the passing c6-P18,s8/PREDICTIONS-s8.md:536
s8,129g-P18h,Mixed,Mixed,AI,"AI (100%), 05:00:14",no,yes,"and ""adults will take what they say seriously""",s8/PREDICTIONS-s8.md:537
s8,129g-P18i,Mixed,Mixed,AI,"AI (100%), 05:00:20",no,yes,"and ""may not tell the story perfectly""",s8/PREDICTIONS-s8.md:538
s8,129g-P21f,AI,AI,AI,"AI (100%), 05:00:23",no,yes,"""I couldn't find any."" after the long sentence, close to P21c",s8/PREDICTIONS-s8.md:539
s8,129g-P25b3,Human,Human (weak),Mixed,"Mixed (66% AI), 05:00:30: ""It would be great if…"" to the end (85 words)",no,no,only the first sentence's fixes on the passing v12,s8/PREDICTIONS-s8.md:540
s8,129g-P25b4,Mixed,Mixed,Mixed,"Mixed (66% AI), 05:00:35: the same (86 words)",no,yes,"and ""help with travel""",s8/PREDICTIONS-s8.md:541
s8,129g-P25b3P26,Mixed,Mixed,AI,"AI (100%), 05:00:41",no,yes,P26 passed beside v12 in 115g,s8/PREDICTIONS-s8.md:542
s8,129g-H4P27aP28s2,Human,Human (weak),Human,"**Human (100%)**, 05:00:45",yes,yes,the cut passed in 119g and 120g,s8/PREDICTIONS-s8.md:543
s8,129g-H4P27bP28s2,Human,Human (weak),Mixed,"Mixed (49% AI), 05:00:49: ""And that's just two people…"" to the end (37 words)",no,no,"""split over""",s8/PREDICTIONS-s8.md:544
s8,130g-P15P16bP17j,Mixed,Mixed,Human,"**Human (100%)**, 05:03:16",yes,no,"only ""secrets meant to isolate a kid"" in the triple",s8/PREDICTIONS-s8.md:552
s8,130g-P15P16bP17k,Mixed,Mixed,AI,"AI (100%), 05:03:20",no,yes,"only ""A surprise has an end date.""",s8/PREDICTIONS-s8.md:553
s8,130g-P17j,Human,Human (weak),Human,"**Human (100%)**, 05:03:25",yes,yes,,s8/PREDICTIONS-s8.md:554
s8,130g-P17k,Human,Human (weak),Human,"**Human (100%)**, 05:03:30",yes,yes,,s8/PREDICTIONS-s8.md:555
s8,130g-P18j,Human,Human (weak),Human,"**Human (100%)**, 05:03:34",yes,yes,"""tell it badly"" on the passing P18c",s8/PREDICTIONS-s8.md:556
s8,130g-P25b5,Mixed,Mixed,Human,"**Human (100%)**, 05:03:39",yes,no,"only ""Kids also need"" on v12",s8/PREDICTIONS-s8.md:557
s8,130g-P25b6,Mixed,Mixed,Human,"**Human (100%)**, 05:03:47",yes,no,"and the next step without ""outside the community"", with ""or""",s8/PREDICTIONS-s8.md:558
s8,130g-P25b8,Human,Human (weak),Human,"**Human (100%)**, 05:03:52",yes,yes,"only the two ""good""s out",s8/PREDICTIONS-s8.md:559
s8,130g-P25b5P26,Mixed,Mixed,Human,"**Human (100%)**, 05:03:55",yes,no,,s8/PREDICTIONS-s8.md:560
s8,130g-P25b6P26,Mixed,Mixed,AI,"AI (100%), 05:04:00",no,yes,,s8/PREDICTIONS-s8.md:561
s8,130g-P2bP3i,Mixed,Mixed,AI,"AI (100%), 05:04:04",no,yes,"""the kids who lived it""",s8/PREDICTIONS-s8.md:562
s8,130g-P2bP3k,Mixed,Mixed,AI,"AI (100%), 05:04:09",no,yes,"""reviewed by the kids who grew up with it""",s8/PREDICTIONS-s8.md:563
s8,131g-S8-v21-P28whole,Mixed,Mixed,Mixed,"Mixed (61% AI, 1,693 words scanned), 05:06:33: four AI windows: P7's second sentence to P10's end (244 words), P12's second sentence to P16's end (177), P17's third sentence to P19's last (142), P22's second sentence to the end (462)",no,yes,"every paragraph now passes alone or with its neighbor, but 124g's window (P22's second sentence to the end) read AI over six rebuilds",s8/PREDICTIONS-s8.md:574
s8,131g-S8-v21-P28cut,Mixed,Mixed,Mixed,"Mixed (61% AI, 1,678 words scanned), 05:06:37: the same four windows (the last 447 words)",no,yes,"the same, with P28's first sentence cut (Joel's question 3)",s8/PREDICTIONS-s8.md:575
s8,131g-S8de-v21,AI,AI,AI,"AI (100%), 05:06:41",no,yes,"the stretch that read AI in 124g to 126g, with P25b and P27–P28 changed",s8/PREDICTIONS-s8.md:576
s8,131g-P25b9,Human,Human (weak),Human,"**Human (100%)**, 05:06:46",yes,yes,"""Kids also need"" and the two ""good""s out, on v12",s8/PREDICTIONS-s8.md:577
s8,131g-P25b9P26,Mixed,Mixed,Human,"**Human (100%)**, 05:06:51",yes,no,,s8/PREDICTIONS-s8.md:578
s8,132g-S8-v21b,Mixed,Mixed,Mixed,"Mixed (64% AI), 05:09:54: P7–P10 (244 words), P12–P19 (373), P22–end (457)",no,yes,131g's section with P25b9 (a check of the baseline),s8/PREDICTIONS-s8.md:586
s8,132g-S8-oldS8b,Mixed,Mixed,Mixed,"Mixed (41% AI), 05:09:58: P13–P16 (132), P18–P19 (100), P22–end (457)",no,yes,"P7–P10 back to v3, which read Human inside the section in 124g",s8/PREDICTIONS-s8.md:587
s8,132g-S8-oldS8c,Mixed,Mixed,Mixed,"Mixed (35% AI), 05:10:05: P7–P8 (137), P22–end (457)",no,yes,P11–P21 back to v3,s8/PREDICTIONS-s8.md:588
s8,132g-S8-oldP8,Mixed,Mixed,Mixed,"Mixed (59% AI), 05:10:08: P7–P8 (75), P9–P10 (94), P12–P19 (373), P22–end (457)",no,yes,only P8 back,s8/PREDICTIONS-s8.md:589
s8,132g-S8-oldP9P10,Mixed,Mixed,Mixed,"Mixed (36% AI), 05:10:12: P16 (33), P18–P19 (100), P22–end (457)",no,yes,only P9 and P10 back,s8/PREDICTIONS-s8.md:590
s8,132g-S8-oldP11P12,Mixed,Mixed,Mixed,"Mixed (66% AI), 05:10:19: P7–P10 (244), P12–P20 (407), P22–end (457)",no,yes,,s8/PREDICTIONS-s8.md:591
s8,132g-S8-oldP13P14,Mixed,Mixed,Mixed,"Mixed (38% AI), 05:10:24: P7–P8 (75), P18–P19 (100), P22–end (457)",no,yes,,s8/PREDICTIONS-s8.md:592
s8,132g-S8-oldP16P17,Mixed,Mixed,Mixed,"Mixed (68% AI), 05:10:29: P7–P19 (686), P22–end (457)",no,yes,,s8/PREDICTIONS-s8.md:593
s8,132g-S8-oldP18P19,Mixed,Mixed,Mixed,"Mixed (47% AI), 05:10:33: P7–P10 (244), P12–P14 (89), P22–end (457)",no,yes,,s8/PREDICTIONS-s8.md:594
s8,133g-P2n,Human,Human (weak),Human,"**Human (100%)**, 05:50:52",yes,yes,"two sentences where ""only saying that"" was",s8/PREDICTIONS-s8.md:607
s8,133g-P2nP3c4,Mixed,Mixed,AI,"AI (100%), 05:50:56",no,yes,the P2–P3 pair has read AI with every new P2 but P2b,s8/PREDICTIONS-s8.md:608
s8,133g-P2nP3e,AI,AI,AI,"AI (100%), 05:51:02",no,yes,"and P3 with ""who lived through it""",s8/PREDICTIONS-s8.md:609
s8,133g-P7n,Human,Human,Human,"**Human (100%)**, 05:51:05",yes,yes,"""should"" out",s8/PREDICTIONS-s8.md:610
s8,133g-P8n2,Mixed,Mixed,Human,"**Human (100%)**, 05:51:09",yes,no,"""She talks about how"" out; P8 is fragile",s8/PREDICTIONS-s8.md:611
s8,133g-P9aP10g,Human,Human (weak),Human,"**Human (100%)**, 05:51:14",yes,yes,P10c with the system as the agent,s8/PREDICTIONS-s8.md:612
s8,133g-P13fP14c,Mixed,Mixed,Mixed,"Mixed (63% AI), 05:51:22: P13f and P14c's first sentence (68 words)",no,yes,"""dominate""; P14 with ""reject"" and ""every""",s8/PREDICTIONS-s8.md:613
s8,133g-P13gP14c,Mixed,Mixed,Human,"**Human (100%)**, 05:51:26",yes,no,"""treated as independence""",s8/PREDICTIONS-s8.md:614
s8,133g-P13dP14c,Human,Human (weak),Human,"**Human (100%)**, 05:51:32",yes,yes,the passing P13d beside the new P14,s8/PREDICTIONS-s8.md:615
s8,133g-P13fP14a,Mixed,Mixed,AI,"AI (100%), 05:51:35",no,yes,,s8/PREDICTIONS-s8.md:616
s8,133g-P14c,Human,Human (weak),Human,"**Human (100%)**, 05:51:40",yes,yes,,s8/PREDICTIONS-s8.md:617
s8,133g-P15P16hP17j,Mixed,Mixed,Human,"**Human (100%)**, 05:51:45",yes,no,the no in its own sentence,s8/PREDICTIONS-s8.md:618
s8,133g-P15P16hP17l,AI,AI,AI,"AI (100%), 05:51:53",no,yes,"""Surprises have an end date."" read AI in the triple as ""A surprise…""",s8/PREDICTIONS-s8.md:619
s8,133g-P18l,Mixed,Mixed,Human,"**Human (100%)**, 05:51:57",yes,no,"""Make sure the kids understand""",s8/PREDICTIONS-s8.md:620
s8,133g-P18m,Mixed,Mixed,Human,"**Human (100%)**, 05:52:02",yes,no,"""may get mixed up telling it""",s8/PREDICTIONS-s8.md:621
s8,133g-P19c,Human,Human (weak),AI,"AI (100%), 05:52:07",no,no,"""the accused"", ""whoever's at risk""",s8/PREDICTIONS-s8.md:622
s8,133g-P21g,AI,AI,Human,"**Human (100%)**, 05:52:11",yes,no,"""I couldn't find one."" after the long sentence read AI twice",s8/PREDICTIONS-s8.md:623
s8,133g-P22dP23n,Mixed,Mixed,AI,"AI (100%), 05:52:16",no,yes,,s8/PREDICTIONS-s8.md:624
s8,133g-P22eP23n,AI,AI,AI,"AI (100%), 05:52:23",no,yes,close to the published sentence,s8/PREDICTIONS-s8.md:625
s8,133g-P22d,Human,Human (weak),Human,"**Human (100%)**, 05:52:28",yes,yes,,s8/PREDICTIONS-s8.md:626
s8,133g-P25a2,Human,Human (weak),AI,"AI (100%), 05:52:33",no,no,"""It's that leaving shouldn't be made…""",s8/PREDICTIONS-s8.md:627
s8,133g-P25b10,Human,Human (weak),AI,"AI (100%), 05:52:37",no,no,"""help with travel"", ""a small reserve""",s8/PREDICTIONS-s8.md:628
s8,133g-P25b10P26n,Mixed,Mixed,AI,"AI (100%), 05:52:42",no,yes,"""and that others will start""",s8/PREDICTIONS-s8.md:629
s8,134g-P2oP3c4,AI,AI,AI,"AI (100%), 05:54:40",no,yes,the pair reads AI with every P2 but P2b,s8/PREDICTIONS-s8.md:637
s8,134g-P2oP3e,AI,AI,AI,"AI (100%), 05:54:45",no,yes,,s8/PREDICTIONS-s8.md:638
s8,134g-P2nP3l,AI,AI,AI,"AI (100%), 05:54:49",no,yes,P3 in the active voice,s8/PREDICTIONS-s8.md:639
s8,134g-P2o,Human,Human (weak),Human,"**Human (100%)**, 05:54:53",yes,yes,the published semicolon,s8/PREDICTIONS-s8.md:640
s8,134g-P13hP14c,Mixed,Mixed,Human,"**Human (100%)**, 05:55:01",yes,no,"""boss the younger ones around""",s8/PREDICTIONS-s8.md:641
s8,134g-P18n,Mixed,Mixed,Human,"**Human (100%)**, 05:55:02",yes,no,133g's two passing P18 fixes together,s8/PREDICTIONS-s8.md:642
s8,134g-P19d,Mixed,Mixed,Human,"**Human (100%)**, 05:55:10",yes,no,"only ""the accused is someone people love""",s8/PREDICTIONS-s8.md:643
s8,134g-P19e,Human,Human (weak),AI,"AI (100%), 05:55:15",no,no,"only ""Keep whoever's at risk safe first""",s8/PREDICTIONS-s8.md:644
s8,134g-P22dP23f,Human,Human (weak),AI,"AI (100%), 05:55:19",no,no,diagnostic: P22d beside the P23 that passed with P22a,s8/PREDICTIONS-s8.md:645
s8,134g-P22aP23n,AI,AI,AI,"AI (100%), 05:55:24",no,yes,diagnostic: is P23n the problem?,s8/PREDICTIONS-s8.md:646
s8,134g-P22dP23o,Mixed,Mixed,AI,"AI (100%), 05:55:29",no,yes,"""without the community treating them as traitors""",s8/PREDICTIONS-s8.md:647
s8,134g-P25a3,Mixed,Mixed,Human,"**Human (100%)**, 05:55:33",yes,no,"""just"" out",s8/PREDICTIONS-s8.md:648
s8,134g-P25a5,Mixed,Mixed,AI,"AI (100%), 05:55:42",no,yes,"""It's making sure leaving isn't artificially impossible.""",s8/PREDICTIONS-s8.md:649
s8,134g-P25b11,Mixed,Mixed,Human,"**Human (100%)**, 05:55:46",yes,no,"only ""help with travel""",s8/PREDICTIONS-s8.md:650
s8,134g-P25b12,Mixed,Mixed,AI,"AI (100%), 05:55:51",no,yes,"only ""a small reserve""",s8/PREDICTIONS-s8.md:651
s8,134g-P25b9P26n,Human,Human (weak),Mixed,"Mixed (39% AI), 05:55:55: ""No upbringing can provide…"" to P26's end (69 words)",no,no,"P26 with ""and that others""",s8/PREDICTIONS-s8.md:652
s8,135g-P23nP24,Human,Human (weak),Human,"**Human (100%)**, 05:57:23",yes,yes,P23 beside its other neighbor,s8/PREDICTIONS-s8.md:660
s8,135g-P23oP24,Mixed,Mixed,Human,"**Human (100%)**, 05:57:27",yes,no,,s8/PREDICTIONS-s8.md:661
s8,135g-P25b13,Mixed,Mixed,Human,"**Human (100%)**, 05:57:32",yes,no,"""a small stash""",s8/PREDICTIONS-s8.md:662
s8,135g-P25b11P26o,Mixed,Mixed,Mixed,"Mixed (39% AI), 05:57:36: ""No upbringing can provide…"" to P26's end (68 words)",no,yes,"""and others may start""",s8/PREDICTIONS-s8.md:663
s8,135g-P25b11P26,Human,Human (weak),Human,"**Human (100%)**, 05:57:41",yes,yes,the P26 that passed beside P25b9,s8/PREDICTIONS-s8.md:664
s8,135g-P2rP3c4,Mixed,Mixed,AI,"AI (100%), 05:57:46",no,yes,"P2b without ""among the parents""",s8/PREDICTIONS-s8.md:665
s8,135g-P2r,Human,Human (weak),Human,"**Human (100%)**, 05:57:53",yes,yes,,s8/PREDICTIONS-s8.md:666
s8,136g-S8-v22-P28whole,Mixed,Mixed,Mixed,"Mixed (42% AI, 1,669 words scanned), 05:59:29: P8 (81 words), P9's last sentence and P10 (65), P13's end and P14's start (42), P18's middle to P19's first words (49), P22's second sentence to the end (460)",no,yes,the d4 fixes changed b and c again; P22 to the end has read AI in every version,s8/PREDICTIONS-s8.md:676
s8,136g-S8-v22-P28cut,Mixed,Mixed,Mixed,"Mixed (41% AI, 1,654 words scanned), 05:59:34: the same five windows (the last 445)",no,yes,"the same, with the cut",s8/PREDICTIONS-s8.md:677
s8,136g-S8de-v22,AI,AI,AI,"AI (100%), 05:59:38",no,yes,the stretch alone,s8/PREDICTIONS-s8.md:678
s8,136g-S8bc-v22,Mixed,Mixed,Mixed,"Mixed (38% AI, 913 words scanned), 05:59:43: H1 to P10 (265), P12's second sentence to P14's first (87)",no,yes,subsections b and c together (878 words),s8/PREDICTIONS-s8.md:679
s8,137g-S8-v23,Mixed,Mixed,MostlyHuman,"Mostly Human (4% AI, 1,732 words scanned), 15:12:24: one AI window, P27's last sentence to P1's second (68 words)",no,yes,"your rewrite of P22 to the end read Human (your 14:59 check), but P27 with P28 has read AI as a pair, and b and c had short windows in 136g",s8/PREDICTIONS-s8.md:711
s8,137g-H0P27P28,AI,AI,AI,"AI (100%), 15:12:27",no,yes,the pair read AI in about 20 wordings,s8/PREDICTIONS-s8.md:712
s8,137g-P27P28P1,Mixed,Mixed,AI,"AI (100%), 15:12:31",no,yes,the pair beside your P1,s8/PREDICTIONS-s8.md:713
s8,137g-P2bP3j,Human,Human (weak),Human,"**Human (100%)**, 15:12:36",yes,yes,both pass alone,s8/PREDICTIONS-s8.md:714
s8,137g-P9aP10j,Human,Human (weak),Human,"**Human (100%)**, 15:12:43",yes,yes,your P10,s8/PREDICTIONS-s8.md:715
s8,137g-P10j,Human,Human (weak),Human,"**Human (100%)**, 15:12:51",yes,yes,your P10 alone (53 words),s8/PREDICTIONS-s8.md:716
s8,137g-P18j,Human,Human,Human,"**Human (100%)**, 15:12:56",yes,yes,your P18,s8/PREDICTIONS-s8.md:717
s8,137g-P21j,Human,Human,Human,"**Human (100%)**, 15:13:00",yes,yes,"your final P21 (""the rare, but real threat…""); your 13:54 check was the earlier wording",s8/PREDICTIONS-s8.md:718
s8,137g-S8d-j,Human,Human,Human,"**Human (100%)**, 15:13:04",yes,yes,your 14:59 check with the two typos fixed and the last line on its own,s8/PREDICTIONS-s8.md:719
s8,137g-H1P8P9P10,Mixed,Mixed,AI,"AI (100%), 15:13:06 (the subsection alone; inside the section it reads Human)",no,yes,the new subsection,s8/PREDICTIONS-s8.md:720
s8,137g-P19f,Mixed,Mixed,AI,"AI (100%), 15:13:15",no,yes,"""Keep the child and anyone else at risk safe first""",s8/PREDICTIONS-s8.md:721
s8,137g-P19h,Mixed,Mixed,AI,"AI (100%), 15:13:20",no,yes,"""Safety comes first, right away.""",s8/PREDICTIONS-s8.md:722
s8,139g-S8-B1-cut-dontbuy,Human,Human (weak),MostlyHuman,"Mostly Human (2% AI, 1,719), 15:22:11: P13–P14 (44)",no,no,"the cut, with ""don't buy"" for ""reject"" in P14 (the 42-word window's end)",s8/PREDICTIONS-s8.md:755
s8,139g-S8-B2-cut-passfor,Human,Human (weak),MostlyHuman,"Mostly Human (2% AI, 1,716), 15:22:16: P13–P14 (41)",no,no,"the cut, with ""can't pass for"" in P13 (the window's start; 133g's wording)",s8/PREDICTIONS-s8.md:756
s8,140g-S8-cut-K2,Human,Human (weak),MostlyHuman,"Mostly Human (5% AI, 1,719), 15:26:16: the same stretch (88)",no,no,"K1, and P14 opens ""At the same time, I reject"" (the window's end)",s8/PREDICTIONS-s8.md:766
s8,140g-S8-cut-K3,Human,Human (weak),MostlyHuman,"Mostly Human (5% AI, 1,717), 15:26:22: the same stretch (86)",no,no,"K1, and P13's last sentence split in two, ""keeping secrets"" for ""secrecy"" (the window's start)",s8/PREDICTIONS-s8.md:767
s8,140g-S8-cut-K5,Human,Human (weak),Human,"**Human (100%, 1,718 words scanned)**, 15:26:32",yes,yes,only P13's split,s8/PREDICTIONS-s8.md:769
s8,141g-S8-cut-K6,Human,Human (weak),MostlyHuman,"Mostly Human (5% AI, 1,717 words scanned), 15:27:30: P13's third sentence to P14's end (86 words)",no,no,K5 with the tell fixed (K4 showed the fix alone is neutral),s8/PREDICTIONS-s8.md:778
s8,142g-S8-K5-Ta,Human,Human (weak),Human,"**Human (100%, 1,720 words scanned)**, 15:28:32",yes,yes,"""and it doesn't actually prevent abuse"": two plain clauses",s8/PREDICTIONS-s8.md:788
s8,142g-S8-K5-Tb,Human,Human (weak),Human,"**Human (100%, 1,720)**, 15:28:37",yes,yes,"""doesn't even""",s8/PREDICTIONS-s8.md:789
s8,142g-S8-K5-Tc,Mixed,Mixed,Human,"**Human (100%, 1,719)**, 15:28:41",yes,no,"""but it won't""",s8/PREDICTIONS-s8.md:790
s8,142g-S8-K5-Td,Mixed,Mixed,MostlyHuman,"Mostly Human (3% AI, 1,719), 15:28:46: P13–P14 (43 words)",no,yes,two sentences,s8/PREDICTIONS-s8.md:791
s8,143g-S8-E1-Ta,Human,Human (weak),MostlyHuman,"Mostly Human (5% AI, 1,719 words scanned), 15:52:16: P13's third sentence to P14's end (88 words)",no,no,"""secrecy"" back (the trace: ""keeping secrets"" narrows it to single acts); P14 as in v24",s8/PREDICTIONS-s8.md:801
s8,143g-S8-E2-witheven,Mixed,Mixed,MostlyHuman,"Mostly Human (2% AI, 1,716), 15:52:20: P13–P14 (42)",no,yes,"""secrecy"" back; P14 keeps one ""can"" over both halves, as published, with ""even"" for ""actually""",s8/PREDICTIONS-s8.md:802
s8,143g-S8-E3-mightnot,Human,Human (weak),MostlyHuman,"Mostly Human (2% AI, 1,719), 15:52:23: P13–P14 (42)",no,no,"""secrecy"" back; P14 says ""might not"", a possibility, as v23's ""can … still not"" did",s8/PREDICTIONS-s8.md:803
s8,143g-S8-E4-still,Human,Human (weak),MostlyHuman,"Mostly Human (2% AI, 1,717), 15:52:28: P13–P14 (42)",no,no,"""secrecy"" back; P14 as v23 (the tell kept), to see what the restore does alone",s8/PREDICTIONS-s8.md:804
s8,144g-S8-K5-witheven,Human,Human (weak),MostlyHuman,"Mostly Human (3% AI, 1,717 words scanned), 15:53:12: P13–P14 (43 words)",no,no,"the published ""without … preventing"", ""even"" for ""actually""",s8/PREDICTIONS-s8.md:812
s8,144g-S8-K5-mightnot,Human,Human (weak),Human,"**Human (100%, 1,720 words scanned)**, 15:53:16",yes,yes,"""might not"": a possibility, as v23 had",s8/PREDICTIONS-s8.md:813
s8,145g-S8-v25-P19-everyoneatrisk,Human,Human (weak),Human,"**Human (100%, 1,722 words scanned)**, 16:05:58",yes,yes,"""everyone at risk"": the d5 logic checks found ""everyone"" could take in the accused; the published ""Immediate safety comes first"" meant the child and others at risk",s8/PREDICTIONS-s8.md:821
s8,145g-S8-v25-P19-anyoneatrisk,Human,Human (weak),Human,"**Human (100%, 1,722)**, 16:06:03",yes,yes,"""anyone at risk""",s8/PREDICTIONS-s8.md:822
s9,147g-pub-S9,Mixed,Mixed,AI,"AI (96%, 887 words scanned), 23:58:18: one AI window, P1's second sentence to the end (847 words)",no,yes,your story (P1 to P5) beside expository paragraphs that carry the published article's polish,s9/PREDICTIONS-s9.md:11
s9,147g-pub-P1P2P3,Human,Human (weak),AI,"AI (100%), 23:58:21",no,no,"your 2005 trip; but ""a nice combination when you're trying to visit a revolution"" reads like a polished quip",s9/PREDICTIONS-s9.md:12
s9,147g-pub-P4,AI,AI,Human,"**Human (100%)**, 23:58:26",yes,no,"ends ""to make the communities less easy to attack in silence""",s9/PREDICTIONS-s9.md:13
s9,147g-pub-P4P5,AI,AI,Human,"**Human (100%)**, 23:58:31",yes,no,"P5 (33 words) needs a neighbor; ""not as fact"" tail",s9/PREDICTIONS-s9.md:14
s9,147g-pub-P6P7,AI,AI,AI,"AI (100%), 23:58:35",no,yes,"""not merely a voting method"", the list of six",s9/PREDICTIONS-s9.md:15
s9,147g-pub-P8,AI,AI,Human,"**Human (100%)**, 23:58:44",yes,no,the book summary,s9/PREDICTIONS-s9.md:16
s9,147g-pub-P9,AI,AI,AI,"AI (100%), 23:58:50",no,yes,,s9/PREDICTIONS-s9.md:17
s9,147g-pub-P9P10,AI,AI,AI,"AI (100%), 23:58:54",no,yes,P10 (38) beside P9,s9/PREDICTIONS-s9.md:18
s9,147g-pub-P11P12,AI,AI,AI,"AI (100%), 23:58:59",no,yes,"""The useful thing is not their diagram. It is how they learn""",s9/PREDICTIONS-s9.md:19
s9,147g-pub-P13,AI,AI,AI,"AI (100%), 23:59:03",no,yes,,s9/PREDICTIONS-s9.md:20
s9,147g-pub-P14P15,AI,AI,AI,"AI (100%), 23:59:13",no,yes,"""The point is not to make people feel transformed for a week. It is to teach""",s9/PREDICTIONS-s9.md:21
s9,147g-pub-P15,AI,AI,AI,"AI (100%), 23:59:17",no,yes,,s9/PREDICTIONS-s9.md:22
s9,147g-pub-P16,AI,AI,AI,"AI (100%), 23:59:22",no,yes,"""not claiming the Zapatistas already proved my whole model""",s9/PREDICTIONS-s9.md:23
s9,147g-pub-P16P17,AI,AI,AI,"AI (100%), 23:59:26",no,yes,P17 (41) beside P16,s9/PREDICTIONS-s9.md:24
s9,148g-S9-v2,Mixed,Mixed,AI,"AI (86%, 1,034 words scanned), 00:09:07: one window, P4's second sentence to the end (872 words)",no,yes,"new P1–P3 and P6–P17 beside the published P4, P5 and P8",s9/PREDICTIONS-s9.md:38
s9,148g-v2-P1P2P3,Human,Human (weak),Human,"**Human (100%)**, 00:09:10",yes,yes,"Emulate's ""college buddies"", ""on its last legs"", ""grilled us""; your jokes kept",s9/PREDICTIONS-s9.md:39
s9,148g-v2-P6P7,Mixed,Mixed,AI,"AI (100%), 00:09:15",no,yes,P7's list split into sentences,s9/PREDICTIONS-s9.md:40
s9,148g-v2-P7,Mixed,Mixed,Human,"**Human (100%)**, 00:09:20",yes,no,,s9/PREDICTIONS-s9.md:41
s9,148g-v2-P9,AI,AI,Human,"**Human (100%)**, 00:09:25",yes,no,the 2023 change is official names and a description; hard to make plain,s9/PREDICTIONS-s9.md:42
s9,148g-v2-P9P10,Mixed,Mixed,AI,"AI (100%), 00:09:34",no,yes,,s9/PREDICTIONS-s9.md:43
s9,148g-v2-P11,Human,Human (weak),Human,"**Human (100%)**, 00:09:38",yes,yes,the list split,s9/PREDICTIONS-s9.md:44
s9,148g-v2-P11P12,Mixed,Mixed,AI,"AI (100%), 00:09:45",no,yes,,s9/PREDICTIONS-s9.md:45
s9,148g-v2-P13,AI,AI,AI,"AI (100%), 00:09:49",no,yes,the economic path sentence and the outside-help warning stay abstract,s9/PREDICTIONS-s9.md:46
s9,148g-v2-P14P15,Mixed,Mixed,AI,"AI (100%), 00:09:53",no,yes,,s9/PREDICTIONS-s9.md:47
s9,148g-v2-P15,Mixed,Mixed,AI,"AI (100%), 00:10:04",no,yes,"""It shouldn't be about … It should teach""",s9/PREDICTIONS-s9.md:48
s9,148g-v2-P16,Mixed,Mixed,AI,"AI (100%), 00:10:08",no,yes,the research trail kept,s9/PREDICTIONS-s9.md:49
s9,148g-v2-P16P17,Mixed,Mixed,AI,"AI (100%), 00:10:12",no,yes,,s9/PREDICTIONS-s9.md:50
s9,148g-v2-P17,Human,Human (weak),AI,"AI (100%), 00:10:18",no,no,,s9/PREDICTIONS-s9.md:51
s9,149g-P6aP7f,Mixed,Mixed,Mixed,"Mixed (38% AI), 00:27:23",no,yes,,s9/PREDICTIONS-s9.md:61
s9,149g-P6bP7f,Mixed,Mixed,AI,"AI (100%), 00:27:28",no,yes,"Emulate c's ""Basically,""",s9/PREDICTIONS-s9.md:62
s9,149g-P7f,Human,Human (weak),Human,"**Human (100%)**, 00:27:31",yes,yes,the trace's fixes on a passing P7,s9/PREDICTIONS-s9.md:63
s9,149g-P9f,Human,Human (weak),Human,"**Human (100%)**, 00:27:35",yes,yes,the published last clause back,s9/PREDICTIONS-s9.md:64
s9,149g-P9fP10a,Mixed,Mixed,AI,"AI (100%), 00:27:41",no,yes,,s9/PREDICTIONS-s9.md:65
s9,149g-P9fP10b,Mixed,Mixed,AI,"AI (100%), 00:27:49",no,yes,"Emulate c's ""The pattern in most institutions""",s9/PREDICTIONS-s9.md:66
s9,149g-P11f,Human,Human (weak),Human,"**Human (100%)**, 00:27:54",yes,yes,"""share language""",s9/PREDICTIONS-s9.md:67
s9,149g-P11fP12a,Mixed,Mixed,AI,"AI (100%), 00:27:59",no,yes,"Emulate c's ""It's okay to copy how they learn, though""",s9/PREDICTIONS-s9.md:68
s9,149g-P11fP12b,Mixed,Mixed,AI,"AI (100%), 00:28:03",no,yes,,s9/PREDICTIONS-s9.md:69
s9,149g-P13a,Mixed,Mixed,AI,"AI (100%), 00:28:08",no,yes,,s9/PREDICTIONS-s9.md:70
s9,149g-P13b,Mixed,Mixed,AI,"AI (100%), 00:28:13",no,yes,,s9/PREDICTIONS-s9.md:71
s9,149g-P14P15a,Mixed,Mixed,AI,"AI (100%), 00:28:25",no,yes,"Emulate c's ""a performance of community""",s9/PREDICTIONS-s9.md:72
s9,149g-P14P15b,Mixed,Mixed,AI,"AI (100%), 00:28:29",no,yes,,s9/PREDICTIONS-s9.md:73
s9,149g-P16a,Mixed,Mixed,Human,"**Human (100%)**, 00:28:34",yes,no,,s9/PREDICTIONS-s9.md:74
s9,149g-P16b,AI,AI,Human,"**Human (100%)**, 00:28:38",yes,no,close to the published,s9/PREDICTIONS-s9.md:75
s9,149g-P17a,Mixed,Mixed,AI,"AI (100%), 00:28:43",no,yes,"Emulate c's ""landed on""",s9/PREDICTIONS-s9.md:76
s9,149g-P17b,Mixed,Mixed,AI,"AI (100%), 00:28:48",no,yes,,s9/PREDICTIONS-s9.md:77
s9,150g-P6cP7f,Human,Human (weak),AI,"AI (100%), 00:30:42",no,no,"P6 plainer, ""the people who sent them""",s9/PREDICTIONS-s9.md:85
s9,150g-P6dP7f,Mixed,Mixed,AI,"AI (100%), 00:30:47",no,yes,,s9/PREDICTIONS-s9.md:86
s9,150g-P10aP11f,Mixed,Mixed,AI,"AI (100%), 00:30:51",no,yes,"P10 beside its other neighbor, which passes alone",s9/PREDICTIONS-s9.md:87
s9,150g-P10bP11f,Mixed,Mixed,AI,"AI (100%), 00:30:56",no,yes,,s9/PREDICTIONS-s9.md:88
s9,150g-P10cP11f,Mixed,Mixed,AI,"AI (100%), 00:31:00",no,yes,,s9/PREDICTIONS-s9.md:89
s9,150g-P9fP10c,Mixed,Mixed,AI,"AI (100%), 00:31:07",no,yes,,s9/PREDICTIONS-s9.md:90
s9,150g-P11fP12c,Mixed,Mixed,Human,"**Human (100%)**, 00:32:42",yes,no,"Emulate c's ""have been clear about"", ""It's okay to copy how they learn, though""",s9/PREDICTIONS-s9.md:91
s9,150g-P13c,AI,AI,AI,"AI (100%), 00:32:46",no,yes,,s9/PREDICTIONS-s9.md:92
s9,150g-P15a,Mixed,Mixed,Human,"**Human (100%)**, 00:32:51",yes,no,P15 alone (66 words),s9/PREDICTIONS-s9.md:93
s9,150g-P15b,Mixed,Mixed,AI,"AI (100%), 00:32:56",no,yes,,s9/PREDICTIONS-s9.md:94
s9,150g-P15e,Human,Human (weak),Human,"**Human (100%)**, 00:33:01",yes,yes,Emulate c's sentence with its meaning fixed,s9/PREDICTIONS-s9.md:95
s9,150g-P17c,Mixed,Mixed,AI,"AI (100%), 00:33:05",no,yes,,s9/PREDICTIONS-s9.md:96
s9,151g-P6eP7f,Mixed,Mixed,AI,"AI (100%), 00:43:43",no,yes,"closest to 149g's 38% (P6a), ""are in charge of carrying out"" from Emulate d",s9/PREDICTIONS-s9.md:106
s9,151g-P6fP7f,AI,AI,Mixed,"Mixed (60% AI), 00:43:47: P7",no,yes,"""which they call""",s9/PREDICTIONS-s9.md:107
s9,151g-P6gP7f,Human,Human (weak),Human,"**Human (100%)**, 00:43:52",yes,yes,"""how they do authority"", a colon",s9/PREDICTIONS-s9.md:108
s9,151g-P6hP7f,AI,AI,Mixed,"Mixed (42% AI), 00:43:57: P7 from its second sentence",no,yes,,s9/PREDICTIONS-s9.md:109
s9,151g-P9fP10d,AI,AI,AI,"AI (100%), 00:44:02",no,yes,P10 fails beside P9 in every wording so far,s9/PREDICTIONS-s9.md:110
s9,151g-P9fP10e,AI,AI,AI,"AI (100%), 00:44:12",no,yes,"Emulate d's ""took stock of what they'd built""",s9/PREDICTIONS-s9.md:111
s9,151g-P9fP10f,AI,AI,AI,"AI (100%), 00:44:16",no,yes,,s9/PREDICTIONS-s9.md:112
s9,151g-P10dP11f,Mixed,Mixed,AI,"AI (100%), 00:44:21",no,yes,"""more and more layers"", a comma splice",s9/PREDICTIONS-s9.md:113
s9,151g-P10eP11f,AI,AI,AI,"AI (100%), 00:44:26",no,yes,,s9/PREDICTIONS-s9.md:114
s9,151g-P10fP11f,AI,AI,AI,"AI (100%), 00:44:30",no,yes,"""Usually the older an institution gets""",s9/PREDICTIONS-s9.md:115
s9,151g-P11fP12d,AI,AI,Human,"**Human (100%)**, 00:44:37",yes,no,"the published ""isn't their diagram"" back, as its own sentence",s9/PREDICTIONS-s9.md:116
s9,151g-P11fP12g,Human,Human (weak),AI,"AI (100%), 00:44:42",no,no,"150g's passing P12c with ""The useful thing to copy"" and ""find out where""",s9/PREDICTIONS-s9.md:117
s9,151g-P13d,AI,AI,AI,"AI (100%), 00:44:46",no,yes,"lists split; ""the one where … come first""",s9/PREDICTIONS-s9.md:118
s9,151g-P13f,AI,AI,AI,"AI (100%), 00:44:51",no,yes,,s9/PREDICTIONS-s9.md:119
s9,151g-P13h2,AI,AI,AI,"AI (100%), 00:44:57",no,yes,the path in parentheses,s9/PREDICTIONS-s9.md:120
s9,151g-P13i,AI,AI,AI,"AI (100%), 00:45:03",no,yes,closest to the published,s9/PREDICTIONS-s9.md:121
s9,151g-P13k,Mixed,Mixed,AI,"AI (100%), 00:45:09",no,yes,"""off the market""; the specialist, donor and organization split",s9/PREDICTIONS-s9.md:122
s9,151g-P15f,Human,Human (weak),Human,"**Human (100%)**, 00:45:13",yes,yes,"150g's passing P15a with ""residents' lives""",s9/PREDICTIONS-s9.md:123
s9,151g-P15g,Human,Human (weak),AI,"AI (100%), 00:45:18",no,no,"and ""visitor business"" back",s9/PREDICTIONS-s9.md:124
s9,151g-P14xP15f,Mixed,Mixed,Human,"**Human (100%)**, 00:45:22",yes,no,"P14 from Emulate d: ""day to day life there""",s9/PREDICTIONS-s9.md:125
s9,151g-P14y2P15f,Mixed,Mixed,Human,"**Human (100%)**, 00:45:29",yes,no,,s9/PREDICTIONS-s9.md:126
s9,151g-P16aP17d,Mixed,Mixed,AI,"AI (100%), 00:45:33",no,yes,P17 beside a passing P16,s9/PREDICTIONS-s9.md:127
s9,151g-P16bP17d,AI,AI,AI,"AI (100%), 00:45:40",no,yes,,s9/PREDICTIONS-s9.md:128
s9,151g-P16aP17e,AI,AI,AI,"AI (100%), 00:45:43",no,yes,,s9/PREDICTIONS-s9.md:129
s9,151g-P16bP17e,AI,AI,AI,"AI (100%), 00:45:47",no,yes,,s9/PREDICTIONS-s9.md:130
s9,152g-P10oP11f,AI,AI,AI,"AI (100%), 01:22:48",no,yes,"Emulate e's order (the Zapatistas first, ""unlike most institutions""), its ""Note that""",s9/PREDICTIONS-s9.md:140
s9,152g-P10o2P11f,AI,AI,AI,"AI (100%), 01:22:53",no,yes,"the same without ""Note that""",s9/PREDICTIONS-s9.md:141
s9,152g-P10pP11f,AI,AI,AI,"AI (100%), 01:22:56",no,yes,"Emulate e's ""there's a tendency""",s9/PREDICTIONS-s9.md:142
s9,152g-P10nP11f,Mixed,Mixed,Mixed,"Mixed (66% AI), 01:23:01: from ""No, they changed"" to the end",no,yes,"a question and ""No,""",s9/PREDICTIONS-s9.md:143
s9,152g-P9fP10n,AI,AI,AI,"AI (100%), 01:23:06",no,yes,,s9/PREDICTIONS-s9.md:144
s9,152g-P9fP10o2,AI,AI,AI,"AI (100%), 01:23:16",no,yes,,s9/PREDICTIONS-s9.md:145
s9,152g-P13o,Mixed,Mixed,AI,"AI (100%), 01:23:20",no,yes,"the last two sentences plainer: ""stop buying … on the market"", ""make a community more capable""",s9/PREDICTIONS-s9.md:146
s9,152g-P13p,Mixed,Mixed,Mixed,"Mixed (75% AI), 01:23:25: from ""Their communities use"" to the end",no,yes,"""Now,"" and the path in parentheses",s9/PREDICTIONS-s9.md:147
s9,152g-P16a3,Human,Human (weak),Mixed,"Mixed (53% AI), 01:23:29: the first 55 words",no,no,"the trace's fixes I made myself: ""alone"" back, ""replicate"" without ""it"", ""clear"" for the linter's ""clean""",s9/PREDICTIONS-s9.md:148
s9,152g-P16b3,Human,Human (weak),Human,"**Human (100%)**, 01:23:34",yes,yes,the same fixes on P16b,s9/PREDICTIONS-s9.md:149
s9,152g-P16b3P17f,AI,AI,AI,"AI (100%), 01:23:42",no,yes,"Emulate e's ""on the fly""",s9/PREDICTIONS-s9.md:150
s9,152g-P16b3P17g,AI,AI,AI,"AI (100%), 01:23:46",no,yes,"Emulate e's ""origin story"", ""arrived at""",s9/PREDICTIONS-s9.md:151
s9,152g-P16b3P17h,Mixed,Mixed,AI,"AI (100%), 01:23:50",no,yes,"a question and ""No.""",s9/PREDICTIONS-s9.md:152
s9,152g-P16a3P17g,AI,AI,AI,"AI (100%), 01:23:55",no,yes,,s9/PREDICTIONS-s9.md:153
s9,152g-P16a3P17h,Mixed,Mixed,AI,"AI (100%), 01:23:59",no,yes,,s9/PREDICTIONS-s9.md:154
s9,153g-P10r,Mixed,Mixed,Human,"**Human (100%)**, 01:26:38",yes,no,"50 words, so it has to pass alone; ""Nope"", ""just went and changed""",s9/PREDICTIONS-s9.md:162
s9,153g-P13q,Mixed,Mixed,Mixed,"Mixed (47% AI), 01:26:39: from ""What they do show"" to the end",no,yes,"a question and ""Yes."" for the support sentence; ""sure""",s9/PREDICTIONS-s9.md:166
s9,153g-P13s,AI,AI,AI,"AI (100%), 01:26:46",no,yes,"""yes"" tacked on; ""off the market""",s9/PREDICTIONS-s9.md:167
s9,153g-P13t,Mixed,Mixed,Mixed,"Mixed (75% AI), 01:26:51: from ""Their communities support"" to the end",no,yes,"Emulate b's ""by pooling their work"", ""make money selling""",s9/PREDICTIONS-s9.md:168
s9,153g-P13u,Mixed,Mixed,AI,"AI (100%), 01:26:55",no,yes,"and ""Outside help is double-edged, though""",s9/PREDICTIONS-s9.md:169
s9,153g-P17g,AI,AI,AI,"AI (100%), 01:27:00",no,yes,52 words: alone,s9/PREDICTIONS-s9.md:170
s9,153g-P17h,AI,AI,AI,"AI (100%), 01:27:04",no,yes,55 words: alone,s9/PREDICTIONS-s9.md:171
s9,153g-P17j,Mixed,Mixed,AI,"AI (100%), 01:27:12",no,yes,"""Then there's sociocracy"", the question",s9/PREDICTIONS-s9.md:172
s9,153g-P17l,Mixed,Mixed,AI,"AI (100%), 01:27:17",no,yes,"""Now, the resemblance""",s9/PREDICTIONS-s9.md:173
s9,153g-P16b3P17j,AI,AI,AI,"AI (100%), 01:27:21",no,yes,,s9/PREDICTIONS-s9.md:174
s9,154g-P13v,Mixed,Mixed,Human,"**Human (100%)**, 01:35:54",yes,no,"153g's q with ""you can stop buying"" and the last sentence's condition first",s9/PREDICTIONS-s9.md:182
s9,154g-P13w,Mixed,Mixed,Human,"**Human (100%)**, 01:35:57",yes,no,"a second question (""So what do they show?"")",s9/PREDICTIONS-s9.md:183
s9,154g-P13y,Mixed,Mixed,Human,"**Human (100%)**, 01:36:03",yes,no,q with only the last sentence changed,s9/PREDICTIONS-s9.md:184
s9,154g-P17m,Mixed,Mixed,AI,"AI (100%), 01:36:07",no,yes,the four forms split into two sentences,s9/PREDICTIONS-s9.md:185
s9,154g-P17r,Mixed,Mixed,Human,"**Human (100%)**, 01:36:12",yes,no,"""anyway"", ""Nope.""",s9/PREDICTIONS-s9.md:186
s9,154g-P16b3P17p,AI,AI,AI,"AI (100%), 01:36:16",no,yes,,s9/PREDICTIONS-s9.md:187
s9,155g-P1v2,Human,Human (weak),Human,"**Human (100%)**, 01:38:19",yes,yes,passed inside P1 to P3 (148g); never alone,s9/PREDICTIONS-s9.md:197
s9,155g-P1v2P2v2,Human,Human (weak),Human,"**Human (100%)**, 01:38:23",yes,yes,,s9/PREDICTIONS-s9.md:198
s9,155g-P3v2P4,Human,Human (weak),Human,"**Human (100%)**, 01:38:27",yes,yes,"P3 leaning on P4, which passes alone",s9/PREDICTIONS-s9.md:199
s9,155g-P6g2P7f,Human,Human (weak),Human,"**Human (100%)**, 01:38:32",yes,yes,"151g's passing pair with ""carry"" for ""carry out""",s9/PREDICTIONS-s9.md:200
s9,155g-P12d2,Mixed,Mixed,Human,"**Human (100%)**, 01:38:36",yes,no,"51 words, alone for the first time; ""themselves"" back, ""though"" out",s9/PREDICTIONS-s9.md:201
s9,155g-P15f2,Human,Human (weak),Human,"**Human (100%)**, 01:38:44",yes,yes,"""residents spend their lives performing community""",s9/PREDICTIONS-s9.md:202
s9,155g-P14y2P15f2,Human,Human (weak),Human,"**Human (100%)**, 01:38:49",yes,yes,,s9/PREDICTIONS-s9.md:204
s9,155g-P16b4,Human,Human (weak),Human,"**Human (100%)**, 01:38:54",yes,yes,"""and then evidence""",s9/PREDICTIONS-s9.md:205
s9,155g-S9v3,Mixed,Mixed,AI,"AI (82%, 1,063 words scanned), 01:38:58: two windows, P4's second sentence to the end of P13 (601 words), and the end of P14 to the end of P17 (254 words)",no,yes,"every paragraph's current pick; P4, P5 and P8 published",s9/PREDICTIONS-s9.md:206
s9,156g-W-P4toP8,AI,AI,Human,"**Human (100%)**, 01:40:43",yes,no,"the published P4, P5 and P8 around two passing rewrites",s9/PREDICTIONS-s9.md:214
s9,156g-W-P9toP13,Human,Human (weak),AI,"AI (100%), 01:40:48",no,no,"five passing rewrites, no published paragraph",s9/PREDICTIONS-s9.md:215
s9,156g-W-P6toP13,AI,AI,AI,"AI (100%), 01:40:54",no,yes,with the published P8,s9/PREDICTIONS-s9.md:216
s9,156g-W-CAP2toP17,AI,AI,AI,"AI (100%), 01:40:58",no,yes,the second window as in the section,s9/PREDICTIONS-s9.md:217
s9,156g-W-P15toP17,Mixed,Mixed,AI,"AI (100%), 01:41:04",no,yes,,s9/PREDICTIONS-s9.md:218
s9,156g-W-CAP2toP16,Mixed,Mixed,Human,"**Human (100%)**, 01:41:09",yes,no,,s9/PREDICTIONS-s9.md:219
s9,156g-W-CAP2toP17-b3,AI,AI,AI,"AI (100%), 01:41:15",no,yes,"P16 as b3 (""with evidence"")",s9/PREDICTIONS-s9.md:220
s9,156g-W-P16toP17,Mixed,Mixed,AI,"AI (100%), 01:41:18",no,yes,,s9/PREDICTIONS-s9.md:221
s9,157g-P9fP10r,AI,AI,AI,"AI (100%), 01:42:12",no,yes,P9 is the most formal of the five,s9/PREDICTIONS-s9.md:229
s9,157g-P10rP11f,Mixed,Mixed,Mixed,"Mixed (47% AI), 01:42:17: P11 from its second sentence",no,yes,,s9/PREDICTIONS-s9.md:230
s9,157g-P11fP12d2,Human,Human (weak),AI,"AI (100%), 01:42:22",no,no,"151g passed with ""though""",s9/PREDICTIONS-s9.md:231
s9,157g-P12d2P13y,Mixed,Mixed,AI,"AI (100%), 01:42:26",no,yes,,s9/PREDICTIONS-s9.md:232
s9,157g-P9toP11,AI,AI,AI,"AI (100%), 01:42:31",no,yes,,s9/PREDICTIONS-s9.md:233
s9,157g-P11toP13,Mixed,Mixed,AI,"AI (100%), 01:42:38",no,yes,,s9/PREDICTIONS-s9.md:234
s9,157g-P10toP12,Mixed,Mixed,AI,"AI (100%), 01:42:44",no,yes,,s9/PREDICTIONS-s9.md:235
s9,157g-P16b3P17r,AI,AI,AI,"AI (100%), 01:42:49",no,yes,,s9/PREDICTIONS-s9.md:236
s9,157g-P15f2P16b4,Human,Human (weak),Mixed,"Mixed (54% AI), 01:42:53: P16 from its second sentence",no,no,inside the passing caption-to-P16 window,s9/PREDICTIONS-s9.md:237
s9,158g-wA1,AI,AI,AI,"AI (100%), 02:17:24",no,yes,"fresh writer 1, P9 to P13 as a group; close to the published wording",s9/PREDICTIONS-s9.md:247
s9,158g-wA2,AI,AI,AI,"AI (100%), 02:17:28",no,yes,writer 2; sentences reordered,s9/PREDICTIONS-s9.md:248
s9,158g-wA3,AI,AI,AI,"AI (100%), 02:17:33",no,yes,"writer 3; ""I mean,""",s9/PREDICTIONS-s9.md:249
s9,158g-wB1,AI,AI,AI,"AI (100%), 02:17:38",no,yes,"writer 1, P16 with P17; P17 ends on the caveat",s9/PREDICTIONS-s9.md:250
s9,158g-wB2,Mixed,Mixed,AI,"AI (100%), 02:17:42",no,yes,writer 2; P16 opens with the borrowing,s9/PREDICTIONS-s9.md:251
s9,158g-wB3,AI,AI,AI,"AI (100%), 02:17:47",no,yes,writer 3,s9/PREDICTIONS-s9.md:252
s9,159g-emuG-u1A,Human,Human (weak),Human,"**Human (100%)**, 02:19:16",yes,yes,"Emulate g's raw output for P9 to P13, unedited: a diagnostic, not a candidate (it invents and drops claims)",s9/PREDICTIONS-s9.md:260
s9,159g-emuG-u1B,Human,Human (weak),Human,"**Human (100%)**, 02:19:19",yes,yes,"the same, sample B",s9/PREDICTIONS-s9.md:261
s9,159g-emuG-u2A,Human,Human (weak),Human,"**Human (100%)**, 02:19:24",yes,yes,"raw, P16 with P17",s9/PREDICTIONS-s9.md:262
s9,159g-emuG-u2B,Human,Human (weak),Human,"**Human (100%)**, 02:19:29",yes,yes,,s9/PREDICTIONS-s9.md:263
s9,160g-gA-fixed,Mixed,Mixed,AI,"AI (100%), 02:22:49",no,yes,"Emulate g's raw B for P9 to P13 (100% Human) with every meaning error fixed in place, its own syntax kept",s9/PREDICTIONS-s9.md:271
s9,160g-gA-fix9to10,Human,Human (weak),Human,"**Human (100%)**, 02:22:53",yes,yes,"a split to find which fixes break it: P9 and P10 fixed, P11 to P13 raw",s9/PREDICTIONS-s9.md:272
s9,160g-gA-fix11to13,Mixed,Mixed,AI,"AI (91%), 02:22:58: P9 raw (58 words), and from P10's ""And did they publish"" to the end",no,yes,"P9 and P10 raw, P11 to P13 fixed",s9/PREDICTIONS-s9.md:273
s9,160g-gB-fixed,Mixed,Mixed,AI,"AI (100%), 02:23:03",no,yes,"raw B for P16 with P17, every error fixed",s9/PREDICTIONS-s9.md:274
s9,160g-gB-fixed-17e2,Mixed,Mixed,Human,"**Human (100%)**, 02:23:07",yes,no,P17 from raw A instead,s9/PREDICTIONS-s9.md:275
s9,160g-gB-fix16,Human,Human (weak),Human,"**Human (100%)**, 02:23:12",yes,yes,"split: P16 fixed, P17 raw",s9/PREDICTIONS-s9.md:276
s9,160g-gB-fix17,Human,Human (weak),Human,"**Human (100%)**, 02:23:17",yes,yes,"split: P16 raw, P17 fixed",s9/PREDICTIONS-s9.md:277
s9,161g-gA-fix9to11,Human,Human (weak),Mixed,"Mixed (52% AI), 02:23:57: from P11's second sentence into P13",no,no,split: P11's fixes alone added,s9/PREDICTIONS-s9.md:285
s9,161g-gA-fix9to10-12,Human,Human (weak),Human,"**Human (100%)**, 02:24:02",yes,yes,split: P12's fixes alone,s9/PREDICTIONS-s9.md:286
s9,161g-gA-fix9to10-13,AI,AI,AI,"AI (100%), 02:24:07",no,yes,split: P13's fixes alone; the most changed,s9/PREDICTIONS-s9.md:287
s9,161g-gA-fixed-13y,Mixed,Mixed,AI,"AI (100%), 02:24:11",no,yes,"all fixed, with my P13y (passes alone) for P13e",s9/PREDICTIONS-s9.md:288
s9,161g-P16e,Human,Human (weak),Human,"**Human (100%)**, 02:24:16",yes,yes,alone: 114 words,s9/PREDICTIONS-s9.md:289
s9,161g-P17e2,Human,Human (weak),Human,"**Human (100%)**, 02:24:20",yes,yes,alone: 59 words,s9/PREDICTIONS-s9.md:290
s9,162g-gA-11e3,Mixed,Mixed,AI,"AI (100%), 02:26:20",no,yes,"P11 with Emulate's ""long periods of defending what they have"" and ""in terms of"" kept",s9/PREDICTIONS-s9.md:298
s9,162g-gA-11e4,Human,Human (weak),AI,"AI (100%), 02:26:23",no,no,"the same with Emulate's ""a note of caution here"" kept too",s9/PREDICTIONS-s9.md:299
s9,162g-gA-13e4,Mixed,Mixed,Mixed,"Mixed (29% AI), 02:26:28: from P13's second sentence",no,yes,"P13 fixed in place sentence by sentence, its lists split (e3 failed the linter with two lists of three; e4 pairs the four items)",s9/PREDICTIONS-s9.md:300
s9,162g-gA-full-11e3,AI,AI,AI,"AI (100%), 02:26:33",no,yes,,s9/PREDICTIONS-s9.md:301
s9,162g-gA-full-11e4,Mixed,Mixed,AI,"AI (100%), 02:26:38",no,yes,,s9/PREDICTIONS-s9.md:302
s9,163g-gA-11x1,Human,Human (weak),AI,"AI (100%), 02:27:55",no,no,diagnostic: raw P11 with only the trust clause added back,s9/PREDICTIONS-s9.md:310
s9,163g-gA-11x2,AI,AI,AI,"AI (100%), 02:27:59",no,yes,diagnostic: raw P11 with only its three invented qualifiers out,s9/PREDICTIONS-s9.md:311
s9,163g-gA-11e5,Mixed,Mixed,AI,"AI (100%), 02:28:04",no,yes,"both, the trust clause as a plain last sentence",s9/PREDICTIONS-s9.md:312
s9,163g-gA-13e5,Mixed,Mixed,Mixed,"Mixed (29% AI), 02:28:08: from P13's second sentence",no,yes,"P13 keeping Emulate's parenthesis and ""on the market"" placement",s9/PREDICTIONS-s9.md:313
s9,163g-gA-full5,AI,AI,AI,"AI (100%), 02:28:13",no,yes,,s9/PREDICTIONS-s9.md:314
s9,164g-P16e2,Human,Human (weak),Human,"**Human (100%)**, 03:44:34",yes,yes,"the trace's fixes: ""what happened after"" for ""long-term impact"", ""Nonetheless"" out, the founder left open, ""the Zapatistas'"" back",s9/PREDICTIONS-s9.md:331
s9,164g-P17e3,Human,Human (weak),Human,"**Human (100%)**, 03:44:38",yes,yes,"four forms again (""distributed authority, and linking between the levels"")",s9/PREDICTIONS-s9.md:332
s9,164g-P16e2P17e3,Mixed,Mixed,Human,"**Human (100%)**, 03:44:43",yes,no,the group that passed before the fixes (160g),s9/PREDICTIONS-s9.md:333
s9,164g-W-CAP2toP17,Mixed,Mixed,Human,"**Human (100%)**, 03:44:51",yes,no,"the caption to the end, as in the section",s9/PREDICTIONS-s9.md:334
s9,165g-gA-joel,Human,Human,Mixed,"Mixed (39% AI), 05:15:21: P11 from ""They share language"" (37 words; your P11 kept my sentences there), and P13 from its parenthesis (104 words)",no,no,"your P9 to P12 (you checked them: ""hum high conf""), with my P13 after them; obvious typos fixed in your P12",s9/PREDICTIONS-s9.md:346
s9,165g-P12jP13y,Human,Human (weak),Human,"**Human (100%)**, 05:15:24",yes,yes,your P12 beside my P13,s9/PREDICTIONS-s9.md:347
s9,165g-S9v4,Mixed,Mixed,Mixed,"Mixed (25% AI, 1,088 words scanned), 05:15:29: P4's second sentence to the end of P7 (178 words), and P14's last words into P15's first (39 words)",no,yes,the whole section with your P9 to P12; P13 is the paragraph still mine in that window,s9/PREDICTIONS-s9.md:348
s9,166g-gA-13z2,Mixed,Mixed,AI,"AI (90%), 05:19:01: your P9 to ""And that's not me saying that"" (176 words), and P12's end through P13 (146 words)",no,yes,"P13y with the trace's fix only (""taken out of ordinary market purchase"")",s9/PREDICTIONS-s9.md:356
s9,166g-gA-13w2,Mixed,Mixed,Mixed,"Mixed (28% AI), 05:19:05: P13 from its parenthesis (102 words)",no,yes,"P13w (passed alone in 154g) with ""ordinary market purchase""",s9/PREDICTIONS-s9.md:357
s9,166g-gA-13z4,Human,Human (weak),Mixed,"Mixed (30% AI), 05:19:10: P13 from its parenthesis (110 words)",no,no,"P13 linked the way you linked P9 to P12: ""I should also say"", and ""so they haven't gotten rid of outside money"" spelling out why it isn't proof",s9/PREDICTIONS-s9.md:358
s9,166g-P13z2,Human,Human (weak),AI,"AI (100%), 05:19:16",no,no,alone,s9/PREDICTIONS-s9.md:359
s9,166g-P13w2,Human,Human (weak),Human,"**Human (100%)**, 05:19:19",yes,yes,alone,s9/PREDICTIONS-s9.md:360
s9,166g-P13z4,Human,Human (weak),AI,"AI (100%), 05:19:26",no,no,alone,s9/PREDICTIONS-s9.md:361
s9,166g-P16e3,Human,Human (weak),Human,"**Human (100%)**, 05:19:31",yes,yes,"""my research"" back for ""this research""",s9/PREDICTIONS-s9.md:362
s9,166g-P16e3P17e3,Human,Human (weak),Human,"**Human (100%)**, 05:19:36",yes,yes,,s9/PREDICTIONS-s9.md:363
s9,166g-P4f,Human,Human (weak),Human,"**Human (100%)**, 05:19:41",yes,yes,"the published P4 through Emulate f with its meaning fixed (""outside"" for ""on an outdoor court""; ""in silence"" kept)",s9/PREDICTIONS-s9.md:364
s9,166g-P4fP5f,Human,Human (weak),Human,"**Human (100%)**, 05:19:45",yes,yes,,s9/PREDICTIONS-s9.md:365
s9,166g-W-P4fToP8,Mixed,Mixed,Human,"**Human (100%)**, 05:19:54",yes,no,"the window that read AI in 165g's section, with the new P4 and P5",s9/PREDICTIONS-s9.md:366
s9,166g-P14y3P15f2,Human,Human (weak),Human,"**Human (100%)**, 05:19:58",yes,yes,"P14's last sentence as Emulate b had it (""Around 1,500 students came to the first sessions"")",s9/PREDICTIONS-s9.md:367
s9,166g-S9v5,Mixed,Mixed,Mixed,"Mixed (20% AI, 1,103 words scanned), 05:20:04: P6's second sentence through P7 (94 words), and P14's last words through most of P15 (69 words)",no,yes,the whole section with this batch's picks,s9/PREDICTIONS-s9.md:368
s9,167g-gA-13j4,Mixed,Mixed,Mixed,"Mixed (50% AI), 05:22:28: your P11 from ""They share language"" to ""And that's not me saying that"" (44 words), and P12 from ""The useful thing"" through P13 (140 words)",no,yes,"no parenthesis or question (j2, with ""Sure,"" opening the support sentence, failed the linter's owner ban and wasn't sent; j4 drops it)",s9/PREDICTIONS-s9.md:376
s9,167g-gA-13j3,Mixed,Mixed,Mixed,"Mixed (24% AI), 05:22:31: P13 from ""Do their communities"" to the end (82 words)",no,yes,"P13w2 without the parenthesis, where the window started",s9/PREDICTIONS-s9.md:377
s9,167g-P13j4,Human,Human (weak),AI,"AI (100%), 05:22:36",no,no,,s9/PREDICTIONS-s9.md:378
s9,167g-P13j3,Human,Human (weak),Human,"**Human (100%)**, 05:22:40",yes,yes,,s9/PREDICTIONS-s9.md:379
s9,167g-P6g3P7f,Human,Human (weak),AI,"AI (100%), 05:22:45",no,no,"""They call it mandar obedeciendo … which means""",s9/PREDICTIONS-s9.md:380
s9,167g-P15h,Human,Human (weak),Human,"**Human (100%)**, 05:22:53",yes,yes,"looser: ""turns into"", ""end up spending"", ""outsiders who pay"", ""show up"", ""go build it""",s9/PREDICTIONS-s9.md:381
s9,167g-P14y3P15h,Human,Human (weak),Human,"**Human (100%)**, 05:22:57",yes,yes,,s9/PREDICTIONS-s9.md:382
s9,167g-S9v6a,Mixed,Mixed,Mixed,"Mixed (63% AI, 1,098 words scanned), 05:23:03: P1 from ""The mountain road"" through P3 (103 words), P5's second sentence through P8 (216 words), P12's end through P13 (107 words), and P14 through P17 (274 words)",no,yes,,s9/PREDICTIONS-s9.md:383
s9,167g-S9v6b,Mixed,Mixed,Mixed,"Mixed (32% AI, 1,098 words scanned), 05:23:07: P1 from ""The mountain road"" through P3 (103 words), P5's second sentence through P8 (216 words), and P14's last words into P15 (45 words)",no,yes,,s9/PREDICTIONS-s9.md:384
s9,168g-gA-13k1,Mixed,Mixed,AI,"AI (100%), 05:34:45",no,yes,"your P9 to P12 with P13k1: statements only, ""taken out of"" back, closer to j4 (AI alone)",s9/PREDICTIONS-s9.md:392
s9,168g-gA-13k2,Mixed,Mixed,AI,"AI (100%), 05:34:48",no,yes,"k2: ""Also,"" and a spaced hyphen before ""but they also sell""",s9/PREDICTIONS-s9.md:393
s9,168g-gA-13k3,Mixed,Mixed,Mixed,"Mixed (66% AI), 05:34:52: P10 through your P11 (96 words), and P12 from ""The useful thing"" through P13 (138 words)",no,yes,"k3: j3 with the questions turned into statements and ""taken out of"" back",s9/PREDICTIONS-s9.md:394
s9,168g-gA-13k4,Mixed,Mixed,Mixed,"Mixed (49% AI), 05:34:57: your P11 from ""They share language"" (37 words), and P12 from ""The useful thing"" through P13 (140 words)",no,yes,"k4: j3 (24% in this group) with ""taken out of"" back for ""come out of"", which can read as ""come from""",s9/PREDICTIONS-s9.md:395
s9,168g-gA-13k5,Mixed,Mixed,Mixed,"Mixed (36% AI), 05:35:00: P12 from ""It's how they learn"" through P13 (125 words)",no,yes,"k5: the link spelled out the way you linked P9 to P12 (""because along with the collective work …"")",s9/PREDICTIONS-s9.md:396
s9,168g-gA-13k6,Mixed,Mixed,Mixed,"Mixed (48% AI), 05:35:11: your P11 from ""They share language"" (37 words), and P12 from ""The useful thing"" through P13 (139 words)",no,yes,"k6: Emulate h's order (collective work, then the selling), ""to no outside money at all""",s9/PREDICTIONS-s9.md:397
s9,168g-P13k1,AI,AI,AI,"AI (100%), 05:35:14",no,yes,,s9/PREDICTIONS-s9.md:398
s9,168g-P13k2,Human,Human (weak),AI,"AI (100%), 05:35:18",no,no,,s9/PREDICTIONS-s9.md:399
s9,168g-P13k3,Human,Human (weak),AI,"AI (100%), 05:35:23",no,no,,s9/PREDICTIONS-s9.md:400
s9,168g-P13k4,Human,Human (weak),AI,"AI (100%), 05:35:29",no,no,,s9/PREDICTIONS-s9.md:401
s9,168g-P13k5,AI,AI,AI,"AI (100%), 05:35:32",no,yes,,s9/PREDICTIONS-s9.md:402
s9,168g-P13k6,Human,Human (weak),AI,"AI (100%), 05:35:39",no,no,,s9/PREDICTIONS-s9.md:403
s9,168g-P7k1,Human,Human (weak),Human,"**Human (100%)**, 05:35:41",yes,yes,"P7 as one run-on list with ""and"" (""education and health care and justice"")",s9/PREDICTIONS-s9.md:404
s9,168g-P6g2P7k1,Human,Human (weak),Human,"**Human (100%)**, 05:35:46",yes,yes,,s9/PREDICTIONS-s9.md:405
s9,168g-S9v7a,Mixed,Mixed,MostlyHuman,"**Human, ""Mostly Human Written"" (8% AI, 1,097 words scanned)**, 05:35:52: P7 from ""They've set up their own"" (41 words), and P14's last words into P15 (45 words)",no,yes,166g's best section (20%) with P13j3 and P15h; P6g2 back,s9/PREDICTIONS-s9.md:406
s9,168g-S9v7b,Mixed,Mixed,MostlyHuman,"**Human, ""Mostly Human Written"" (7% AI, 1,086 words scanned)**, 05:35:56: P7 from ""They've set up their own"" (41 words), and P14's last words into P15 (39 words)",no,yes,the same with P15f2,s9/PREDICTIONS-s9.md:407
s9,169g-P4g,Human,Human (weak),Human,"**Human (100%)**, 05:47:42",yes,yes,"trace E: ""were coming"" back for ""had come"" (an ongoing stream of visitors)",s9/PREDICTIONS-s9.md:416
s9,169g-P4gP5g,Human,Human (weak),Human,"**Human (100%)**, 05:47:45",yes,yes,P5g is under 50 words,s9/PREDICTIONS-s9.md:417
s9,169g-P6g2P7k2,Human,Human (weak),AI,"AI (100%), 05:47:49",no,no,,s9/PREDICTIONS-s9.md:420
s9,169g-P7k3,Human,Human (weak),Human,"**Human (100%)**, 05:48:07",yes,yes,"only ""political formation"" changed from k1",s9/PREDICTIONS-s9.md:421
s9,169g-P6g2P7k3,Human,Human (weak),Human,"**Human (100%)**, 05:48:12",yes,yes,,s9/PREDICTIONS-s9.md:422
s9,169g-P13m1,Human,Human (weak),AI,"AI (100%), 05:48:17",no,no,"trace E: ""come out of ordinary market purchase"" can read as ""come from"" it, so ""move out of""; ""it can also create"" moved next to ""Outside help"" so ""it"" can't be the organization",s9/PREDICTIONS-s9.md:423
s9,169g-P13m2,Human,Human (weak),AI,"AI (100%), 05:48:23",no,no,"""get out of"" instead",s9/PREDICTIONS-s9.md:424
s9,169g-P14zP15h,Human,Human (weak),Human,"**Human (100%)**, 05:48:29",yes,yes,P14z is under 50 words,s9/PREDICTIONS-s9.md:426
s9,169g-S9v8a,Mixed,Mixed,Mixed,"Mixed (30% AI, 1,082 words), 05:48:33: P1 from ""The mountain road"" into P2 (73 words), P6's second sentence through P8 (165 words), P13 from ""do they show?"" (46 words), P14's end into P15 (45 words)",no,yes,"168g's 8% section with the trace's fixes in P4, P5, P7 (k2), P13 (m1) and P14",s9/PREDICTIONS-s9.md:427
s9,169g-S9v8b,Mixed,Mixed,Mixed,"Mixed (44% AI, 1,082 words), 05:48:41: the same P1 to P2 and P6 to P8 windows, P13 from ""outside support. So what"" (51 words), P14's end through P15 (80 words), P16's end through P17 (108 words)",no,yes,with P13m2,s9/PREDICTIONS-s9.md:428
s9,169g-S9v8c,Mixed,Mixed,Mixed,"Mixed (26% AI, 1,086 words), 05:48:46: P1 from ""The mountain road"" into P2 (73 words), P6's second sentence through P8 (169 words), P14's end into P15 (45 words)",no,yes,with P7k3,s9/PREDICTIONS-s9.md:429
s9,169g-S9v8d,Mixed,Mixed,Mixed,"Mixed (44% AI, 1,086 words), 05:48:51: as S9v8b",no,yes,with P7k3 and P13m2,s9/PREDICTIONS-s9.md:430
s9,170g-P13n1,Human,Human (weak),Human,"**Human (100%)**, 05:51:16",yes,yes,"j3 (Human alone) plus ""instead"", which rules out the ""come from"" reading",s9/PREDICTIONS-s9.md:438
s9,170g-P13n2,AI,AI,AI,"AI (100%), 05:51:20",no,yes,"""don't have to come from ordinary market purchase. They can be governed collectively instead.""",s9/PREDICTIONS-s9.md:439
s9,170g-P13n5,AI,AI,Mixed,"Mixed (45% AI), 05:51:25: from ""That you can take"" (47 words)",no,yes,"""you can take … out of ordinary market purchase and govern them collectively""",s9/PREDICTIONS-s9.md:440
s9,170g-P4fP5g,Human,Human (weak),Human,"**Human (100%)**, 05:51:29",yes,yes,P5g beside the P4 that's in the 7% section,s9/PREDICTIONS-s9.md:441
s9,170g-P14zP15f2,Human,Human (weak),Mixed,"Mixed (59% AI), 05:51:34: P15f2 (69 words)",no,no,P14z beside the P15 that's in the 7% section,s9/PREDICTIONS-s9.md:442
s9,170g-S9w7,Human,Human,Mixed,"Mixed (22% AI, 1,078 words), 05:51:42: P1 from ""The mountain road"" into P2 (73 words), P6's second sentence through P8 (169 words)",no,no,168g's 7% section (S9v7b) with one fix: P7k3 (P7f's list was a window),s9/PREDICTIONS-s9.md:443
s9,170g-S9w5,Human,Human,MostlyHuman,"**Human, ""Mostly Human Written"" (7% AI)**, 05:51:46: the base's two windows (P7f's list, 41 words; P14's end into P15, 39 words)",no,no,one fix: P5g,s9/PREDICTIONS-s9.md:444
s9,170g-S9w4,Human,Human,MostlyHuman,"**Human, ""Mostly Human Written"" (7% AI)**, 05:51:51: the base's two windows",no,no,one fix: P4g,s9/PREDICTIONS-s9.md:445
s9,170g-S9w14,Human,Human,Mixed,"Mixed (12% AI), 05:51:55: P6's second sentence through P7 (94 words), P14's end into P15 (39 words)",no,no,one fix: P14z,s9/PREDICTIONS-s9.md:446
s9,170g-S9w13n1,Human,Human,MostlyHuman,"**Human, ""Mostly Human Written"" (4% AI, 1,087 words)**, 05:52:03: only P7f's list (41 words)",no,no,one fix: P13n1,s9/PREDICTIONS-s9.md:447
s9,170g-S9w13n2,Mixed,Mixed,MostlyHuman,"**Human, ""Mostly Human Written"" (8% AI)**, 05:52:07: P6's second sentence through P7 (94 words)",no,yes,one fix: P13n2,s9/PREDICTIONS-s9.md:448
s9,170g-S9w13n5,Mixed,Mixed,Mixed,"Mixed (14% AI), 05:52:13: P7f's list (41 words), P13 from ""do they show?"" (47 words), P14's end through P15 (69 words)",no,yes,one fix: P13n5,s9/PREDICTIONS-s9.md:449
s9,170g-S9wAll,Mixed,Mixed,Mixed,"Mixed (22% AI), 05:52:17: P1 from ""The mountain road"" into P2 (73 words), P6's second sentence through P8 (169 words)",no,yes,"all five with P13n1, to compare",s9/PREDICTIONS-s9.md:450
s9,171g-P7p1,Human,Human (weak),Human,"**Human (100%)**, 05:54:23",yes,yes,"P7f with ""political formation"" (trace E on k1)",s9/PREDICTIONS-s9.md:458
s9,171g-P6g2P7p1,Human,Human (weak),Human,"**Human (100%)**, 05:54:27",yes,yes,,s9/PREDICTIONS-s9.md:459
s9,171g-P7q7,Human,Human (weak),Human,"**Human (100%)**, 05:54:32",yes,yes,"P7p1 with ""the closest whole example I found"" too (trace E's other P7 finding)",s9/PREDICTIONS-s9.md:460
s9,171g-P6g2P7q7,Human,Human (weak),Human,"**Human (100%)**, 05:54:38",yes,yes,,s9/PREDICTIONS-s9.md:461
s9,171g-P7q5,Human,Human (weak),Human,"**Human (100%)**, 05:54:42",yes,yes,"another order: ""education and health care and justice"", then ""collective production of their own""",s9/PREDICTIONS-s9.md:462
s9,171g-P6g2P7q5,Human,Human (weak),Human,"**Human (100%)**, 05:54:50",yes,yes,,s9/PREDICTIONS-s9.md:463
s9,171g-S9x-p1,Mixed,Mixed,MostlyHuman,"**Human, ""Mostly Human Written"" (10% AI, 1,095 words)**, 05:54:54: P7p1 from ""They've set up"" (41 words), and P16's end through P17 (61 words)",no,yes,"every trace fix in (P4g, P5g, P13n1, P14z with P15h) and P7p1; P7f's window was its list",s9/PREDICTIONS-s9.md:464
s9,171g-S9x-q7,Mixed,Mixed,Mixed,"Mixed (14% AI), 05:54:59: P6's second sentence through P7 (90 words), P16's end through P17 (61 words)",no,yes,with P7q7,s9/PREDICTIONS-s9.md:465
s9,171g-S9x-q5,Mixed,Mixed,Mixed,"Mixed (14% AI), 05:55:03: P1 from ""The mountain road"" through P3 (103 words), P16's end through P17 (61 words)",no,yes,with P7q5,s9/PREDICTIONS-s9.md:466
s9,172g-P7r1,Human,Human (weak),Human,"**Human (100%)**, 05:57:16",yes,yes,"the list fronted before a colon: ""Education, health care, … : they've built their own versions of all of it""",s9/PREDICTIONS-s9.md:474
s9,172g-P6g2P7r1,Human,Human (weak),Human,"**Human (100%)**, 05:57:20",yes,yes,,s9/PREDICTIONS-s9.md:475
s9,172g-P7r2,Human,Human (weak),Human,"**Human (100%)**, 05:57:25",yes,yes,"one sentence for the five, ""On top of that"" for teaching outsiders",s9/PREDICTIONS-s9.md:476
s9,172g-P6g2P7r2,Human,Human (weak),Human,"**Human (100%)**, 05:57:30",yes,yes,,s9/PREDICTIONS-s9.md:477
s9,172g-P14z3P15f2,Human,Human (weak),Human,"**Human (100%)**, 05:57:34",yes,yes,"P14 with ""lived … learned"" only (""In celebration of"" kept, my opinion: ""for the anniversary"" means to mark it)",s9/PREDICTIONS-s9.md:478
s9,172g-P14z4P15f2,Mixed,Mixed,Human,"**Human (100%)**, 05:57:42",yes,no,"P14 with ""For the 10th anniversary"" only (""came to live"" kept)",s9/PREDICTIONS-s9.md:479
s9,172g-S9y-A,Human,Human,MostlyHuman,"**Human, ""Mostly Human Written"" (4% AI, 1,088 words)**, 05:57:46: P7p1 from ""They've set up"" (41 words)",no,no,"170g's 4% section (P14y3, P15f2, P13n1) with P4g, P5g and P7p1 (formation)",s9/PREDICTIONS-s9.md:480
s9,172g-S9y-B,Human,Human,MostlyHuman,"**Human, ""Mostly Human Written"" (6% AI)**, 05:57:51: P1 from ""The mountain road"" into P2 (77 words)",no,no,with P7r1,s9/PREDICTIONS-s9.md:481
s9,172g-S9y-C,Human,Human,Human,"**Human, ""Human Written"" (0% AI, 1,090 words scanned)**, 05:57:59",yes,yes,with P7r2,s9/PREDICTIONS-s9.md:482
s9,172g-S9y-D,Mixed,Mixed,MostlyHuman,"**Human, ""Mostly Human Written"" (4% AI)**, 05:58:03: P7p1's list (41 words)",no,yes,A with P14z3,s9/PREDICTIONS-s9.md:483
s9,172g-S9y-E,Mixed,Mixed,MostlyHuman,"**Human, ""Mostly Human Written"" (4% AI)**, 05:58:07: P7p1's list (41 words)",no,yes,A with P14z4,s9/PREDICTIONS-s9.md:484
s9,173g-P14z5P15f2,Human,Human (weak),Mixed,"Mixed (59% AI), 05:59:12: P15f2 (69 words)",no,no,"both of P14's fixes, in two sentences (""opened up the Escuelita. Outsiders lived with families there and learned …"")",s9/PREDICTIONS-s9.md:492
s9,173g-S9z-z3,Human,Human,Human,"**Human, ""Human Written"" (0% AI, 1,088 words scanned)**, 05:59:17",yes,yes,"172g's 0% section with P14z3 (""lived … learned""; ""In celebration of"" kept)",s9/PREDICTIONS-s9.md:493
s9,173g-S9z-z5,Human,Human,MostlyHuman,"**Human, ""Mostly Human Written"" (4% AI)**, 05:59:21: P14's end into P15 (39 words)",no,no,with P14z5 (both fixes),s9/PREDICTIONS-s9.md:494
s9,173g-S9z-z4,Human,Human,Human,"**Human, ""Human Written"" (0% AI, 1,088 words scanned)**, 05:59:26",yes,yes,"with P14z4 (""For""; ""came to live"" kept)",s9/PREDICTIONS-s9.md:495
s9,176g-P13o1,Human,Human (weak),Human,"**Human (100%)**, 06:16:34",yes,yes,"trace F and trace E both: ""it"" can attach to the organization, so ""that help can also create""",s9/PREDICTIONS-s9.md:517
s9,176g-P13o2,AI,AI,AI,"AI (100%), 06:16:38",no,yes,"o1 with the published ""be taken out of … and governed"" (trace F: ""come out of"" drops the agent and reads as ""come from"" until ""instead"")",s9/PREDICTIONS-s9.md:518
s9,176g-P13o3,AI,AI,AI,"AI (100%), 06:16:42",no,yes,"o1 with ""be pulled out of … and governed""",s9/PREDICTIONS-s9.md:519
s9,176g-P7s1,Human,Human (weak),Human,"**Human (100%)**, 06:16:47",yes,yes,"traces E and F: ""the closest whole example that I found""; F: ""built"" (not ""run"") for production and formation, and the coordinating covers all six (""They do all of this while"")",s9/PREDICTIONS-s9.md:520
s9,176g-P6g2P7s1,Human,Human (weak),Human,"**Human (100%)**, 06:16:52",yes,yes,,s9/PREDICTIONS-s9.md:521
s9,176g-P7s2,Human,Human (weak),Human,"**Human (100%)**, 06:16:59",yes,yes,"the same fixes, one list",s9/PREDICTIONS-s9.md:522
s9,176g-P6g2P7s2,Human,Human (weak),Human,"**Human (100%)**, 06:17:03",yes,yes,,s9/PREDICTIONS-s9.md:523
s9,176g-P15g1,Human,Human (weak),Human,"**Human (100%)**, 06:17:08",yes,yes,"stance d6: ""build it"" made it the same system (the essay forks the method), so ""build somewhere else""; ""how many daughter communities there are"" (not ""get started"": the essay asks whether they last)",s9/PREDICTIONS-s9.md:524
s9,176g-P14z3P15g1,Mixed,Mixed,Human,"**Human (100%)**, 06:17:13",yes,no,P15 has tipped beside P14 fixes before,s9/PREDICTIONS-s9.md:525
s9,176g-P15g2,Human,Human (weak),Human,"**Human (100%)**, 06:17:17",yes,yes,the same two fixes in P15h,s9/PREDICTIONS-s9.md:526
s9,176g-P14z3P15g2,Human,Human (weak),Human,"**Human (100%)**, 06:17:26",yes,yes,,s9/PREDICTIONS-s9.md:527
s9,176g-P4h,Human,Human (weak),Human,"**Human (100%)**, 06:17:30",yes,yes,"trace F: ""on an outdoor court"" back, ""and I translated"" (not ""which"")",s9/PREDICTIONS-s9.md:528
s9,176g-P3v2P4h,Human,Human (weak),Human,"**Human (100%)**, 06:17:35",yes,yes,,s9/PREDICTIONS-s9.md:529
s9,176g-P4hP5g,Human,Human (weak),Human,"**Human (100%)**, 06:17:39",yes,yes,,s9/PREDICTIONS-s9.md:530
s9,176g-F7a,Mixed,Mixed,MostlyHuman,"**Human, ""Mostly Human Written"" (5% AI)**, 06:17:45: P1 from ""The mountain road"" into P2 (73 words)",no,yes,v9 (173g's 0% section) with P7s1: every P7 change so far moved a window,s9/PREDICTIONS-s9.md:531
s9,176g-F7b,Mixed,Mixed,Mixed,"Mixed (16% AI), 06:18:34: P1 from ""The mountain road"" through P3 (103 words), P6's second sentence through P7 (89 words)",no,yes,with P7s2,s9/PREDICTIONS-s9.md:532
s9,176g-F13a,Human,Human,MostlyHuman,"**Human, ""Mostly Human Written"" (4% AI)**, 06:18:38: P14's end into P15 (39 words)",no,no,with P13o1,s9/PREDICTIONS-s9.md:533
s9,176g-F13b,Mixed,Mixed,MostlyHuman,"**Human, ""Mostly Human Written"" (4% AI)**, 06:18:43: the same window",no,yes,with P13o2,s9/PREDICTIONS-s9.md:534
s9,176g-F13c,Mixed,Mixed,MostlyHuman,"**Human, ""Mostly Human Written"" (4% AI)**, 06:18:49: the same window",no,yes,with P13o3,s9/PREDICTIONS-s9.md:535
s9,176g-F15a,Mixed,Mixed,Human,"**Human, ""Human Written"" (0% AI, 1,087 words)**, 06:18:00",yes,no,with P15g1,s9/PREDICTIONS-s9.md:536
s9,176g-F15b,Mixed,Mixed,MostlyHuman,"**Human, ""Mostly Human Written"" (6% AI)**, 06:18:05: P16's end through P17 (61 words)",no,yes,with P15g2,s9/PREDICTIONS-s9.md:537
s9,176g-F4,Human,Human,MostlyHuman,"**Human, ""Mostly Human Written"" (4% AI)**, 06:18:10: P7r2 from ""They've set up"" (43 words)",no,no,with P4h,s9/PREDICTIONS-s9.md:538
s9,177g-C1,Human,Human,Human,"**Human, ""Human Written"" (0% AI, 1,088 words scanned)**, 06:19:42",yes,yes,"v9 with P15g1 (0% in 176g) and P13o1: P13o1's window was P14's end into P15f2, and P15 is now g1",s9/PREDICTIONS-s9.md:546
s9,177g-C2,Mixed,Mixed,MostlyHuman,"**Human, ""Mostly Human Written"" (5% AI)**, 06:19:47: P1 from ""The mountain road"" into P2 (73 words)",no,yes,C1 with P7s1,s9/PREDICTIONS-s9.md:547
s9,177g-C3,Mixed,Mixed,MostlyHuman,"**Human, ""Mostly Human Written"" (4% AI)**, 06:19:52: P7r2 from ""They've set up"" (43 words)",no,yes,C1 with P4h,s9/PREDICTIONS-s9.md:548
s9,177g-C4,Mixed,Mixed,Mixed,"Mixed (25% AI), 06:19:58: P1 to P3 (103 words), P6's second sentence through P8 (181 words)",no,yes,C1 with P7s1 and P4h,s9/PREDICTIONS-s9.md:549
s9,177g-C5,Mixed,Mixed,Mixed,"Mixed (12% AI), 06:20:03: P1 to P3 (103 words), P7's list (48 words)",no,yes,v9 with P15g1 and P7s1,s9/PREDICTIONS-s9.md:550
s9,177g-C6,Mixed,Mixed,MostlyHuman,"**Human, ""Mostly Human Written"" (4% AI)**, 06:20:08: P7r2 from ""They've set up"" (43 words)",no,yes,v9 with P15g1 and P4h,s9/PREDICTIONS-s9.md:551
s9,178g-P7t1,Human,Human (weak),Human,"**Human (100%)**, 06:21:30",yes,yes,"P7r2 with ""the closest whole example that I found"" (traces E and F)",s9/PREDICTIONS-s9.md:559
s9,178g-P6g2P7t1,Human,Human (weak),Human,"**Human (100%)**, 06:21:35",yes,yes,,s9/PREDICTIONS-s9.md:560
s9,178g-V-t1,Mixed,Mixed,MostlyHuman,"**Human, ""Mostly Human Written"" (6% AI)**, 06:21:39: P1 from ""The mountain road"" into P2 (77 words)",no,yes,v10 with P7t1,s9/PREDICTIONS-s9.md:561
s9,178g-P7t2,Human,Human (weak),Human,"**Human (100%)**, 06:21:43",yes,yes,"t1 with ""they've built"" for ""they run"" (trace F)",s9/PREDICTIONS-s9.md:562
s9,178g-P6g2P7t2,Human,Human (weak),Human,"**Human (100%)**, 06:21:48",yes,yes,,s9/PREDICTIONS-s9.md:563
s9,178g-V-t2,Mixed,Mixed,MostlyHuman,"**Human, ""Mostly Human Written"" (5% AI)**, 06:21:57: P1 from ""The mountain road"" into P2 (73 words)",no,yes,v10 with P7t2,s9/PREDICTIONS-s9.md:564
s9,178g-P7t3,Human,Human (weak),Human,"**Human (100%)**, 06:22:00",yes,yes,"t2 with ""and they do all of this while coordinating"" (trace F: the scope)",s9/PREDICTIONS-s9.md:565
s9,178g-P6g2P7t3,Human,Human (weak),Human,"**Human (100%)**, 06:22:04",yes,yes,,s9/PREDICTIONS-s9.md:566
s9,178g-V-t3,Mixed,Mixed,MostlyHuman,"**Human, ""Mostly Human Written"" (8% AI)**, 06:22:10: P1 from ""The mountain road"" through P3 (103 words)",no,yes,v10 with P7t3,s9/PREDICTIONS-s9.md:567
s9,179g-P14z6P15g1,Human,Human (weak),Human,"**Human (100%)**, 06:24:56",yes,yes,"P14 with both trace fixes (""To mark"", ""lived … learned"") beside the new P15g1",s9/PREDICTIONS-s9.md:577
s9,179g-P14z4P15g1,Human,Human (weak),Human,"**Human (100%)**, 06:25:00",yes,yes,"""For"", ""came to live"" kept",s9/PREDICTIONS-s9.md:578
s9,179g-P14z5P15g1,Mixed,Mixed,Human,"**Human (100%)**, 06:25:05",yes,no,both fixes in two sentences; it tipped P15f2 in 173g,s9/PREDICTIONS-s9.md:579
s9,179g-W-z6,Mixed,Mixed,MostlyHuman,"**Human, ""Mostly Human Written"" (6% AI)**, 06:25:13: P16's end through P17 (61 words)",no,yes,"v10 with P14z6: the linter's hard B13 (four paragraphs open with ""In""; the published has three) and trace E both point at ""In celebration of""",s9/PREDICTIONS-s9.md:580
s9,179g-W-z4,Human,Human,Human,"**Human, ""Human Written"" (0% AI, 1,088 words)**, 06:25:18",yes,yes,v10 with P14z4,s9/PREDICTIONS-s9.md:581
s9,179g-W-z5,Mixed,Mixed,Human,"**Human, ""Human Written"" (0% AI, 1,086 words)**, 06:25:22",yes,no,v10 with P14z5,s9/PREDICTIONS-s9.md:582
s9,180g-P1v2P2w,Human,Human (weak),Human,"**Human (100%)**, 06:26:22",yes,yes,"P2 opening ""At a café in San Cristóbal"" (same facts) so only two paragraphs open with ""In""",s9/PREDICTIONS-s9.md:590
s9,180g-P16w,Human,Human (weak),Human,"**Human (100%)**, 06:26:27",yes,yes,"P16 opening ""As part of my research"" for ""In the context of my research""",s9/PREDICTIONS-s9.md:591
s9,180g-P16wP17e3,Human,Human (weak),Human,"**Human (100%)**, 06:26:31",yes,yes,,s9/PREDICTIONS-s9.md:592
s9,180g-X-P2w,Mixed,Mixed,Human,"**Human, ""Human Written"" (0% AI)**, 06:26:39",yes,no,v11 with P2w: P1 to P3 has opened windows in this section before,s9/PREDICTIONS-s9.md:593
s9,180g-X-P16w,Mixed,Mixed,Human,"**Human, ""Human Written"" (0% AI)**, 06:26:44",yes,no,v11 with P16w: P16's end to P17 too,s9/PREDICTIONS-s9.md:594
s9,180g-X-both,Mixed,Mixed,Human,"**Human, ""Human Written"" (0% AI, 1,085 words)**, 06:26:49",yes,no,,s9/PREDICTIONS-s9.md:595
s9,181g-P1v2P2x,Human,Human (weak),Human,"**Human (100%)**, 06:27:38",yes,yes,"""The only white man we met in San Cristóbal de las Casas sat us down in a café"": the town stays the scope",s9/PREDICTIONS-s9.md:603
s9,181g-P2xP3v2,Human,Human (weak),Human,"**Human (100%)**, 06:27:43",yes,yes,both under 50 words; diagnostic,s9/PREDICTIONS-s9.md:604
s9,181g-v12,Human,Human,Human,"**Human, ""Human Written"" (0% AI, 1,085 words scanned)**, 06:27:47",yes,yes,v11 with P2x and P16w,s9/PREDICTIONS-s9.md:605
s9,182g-P1v2P2y,Human,Human (weak),Human,"**Human (100%)**, 06:29:05",yes,yes,"""San Cristóbal de las Casas is where the only white man we met …"": the linter now fails v12 on three ""The"" openers (P2x, P7, the published P8)",s9/PREDICTIONS-s9.md:613
s9,182g-P1v2P2z,Human,Human (weak),Human,"**Human (100%)**, 06:29:09",yes,yes,"""We only met one white man in San Cristóbal de las Casas, and he …""",s9/PREDICTIONS-s9.md:614
s9,182g-v13y,Human,Human,Human,"**Human, ""Human Written"" (0% AI, 1,086 words scanned)**, 06:29:14",yes,yes,v12 with P2y,s9/PREDICTIONS-s9.md:615
s9,182g-v13z,Human,Human,Human,"**Human, ""Human Written"" (0% AI, 1,087 words)**, 06:29:19",yes,yes,v12 with P2z,s9/PREDICTIONS-s9.md:616
s9,184g-P8j,Human,Human (weak),Human,"**Human (100%)**, 22:11:28",yes,yes,"the published P8, which passed alone, with ""Good Government Juntas (Boards)"" (your 22:08 answer: the Spanish name first, explained)",s9/PREDICTIONS-s9.md:628
s9,184g-P13jj,Human,Human (weak),Human,"**Human (100%)**, 22:11:31",yes,yes,"your new P13, alone; information, since it's yours",s9/PREDICTIONS-s9.md:629
s9,184g-gA-joel,Human,Human,Human,"**Human (100%)**, 22:11:37 (300 words scanned)",yes,yes,"your P9 to P12 with the four typo fixes, and your P13 (your own check, 22:05 UTC, was of the version without the fixes: Human)",s9/PREDICTIONS-s9.md:630
s9,184g-v14,Human,Human,Human,"**Human, ""Human Written"" (0% AI, 1,034 words scanned)**, 22:11:41",yes,yes,v13 with P8j and your P13,s9/PREDICTIONS-s9.md:631
