path	bytes	sha256	classification
/root/.ssh/authorized_keys	0	-	CREDENTIAL_EXCLUDED
/root/.vast_api_key	65	-	CREDENTIAL_EXCLUDED
/tmp/.ipynb_checkpoints/pilot-agent-guide-checkpoint.txt	27526	1b260fbb3396bbaf2d0f1c5041f8a46c3b97f53584f98acb39bbdcb423b0c6e7	remainder
/tmp/pilot-agent-guide.txt	27526	1b260fbb3396bbaf2d0f1c5041f8a46c3b97f53584f98acb39bbdcb423b0c6e7	remainder
/tmp/reverse-pilot-range-probe	8388608	48a00661a7a627b24ae8ad94c3a8a5b11a118236e2e3488cce7d49495a3447e8	remainder
/tmp/torchinductor_root/2a/2c49efb9bf6bafd93aef849cab95816b2a5d734d5caf9dd33f12331fa5145ce4.best_config	256	66f7e19b8c29f4454ea943168a98eaaf855d5a2b31cc5a85870d804d52c2ea53	remainder
/tmp/torchinductor_root/2a/c2aautqv6xg5gcangxy7d5vs5mhqokf3nlqxrqrbbg7wdnzkasr6.py	3082	7a3b9d939095ce76e07ace09234c3d189bc012168fd9b21f953019fe9edd7261	remainder
/tmp/torchinductor_root/2f/1b89d20cdcdc7349777d4acd5636dca2e04a61c76862e23dc04d3f95b099e943.best_config	259	63a51e0edd5ed901be76c6aeef679ab4d43c3450b1a6d4b097bf0b25197e6b68	remainder
/tmp/torchinductor_root/2f/c2f64ysssthffwo2w45czabm2kgblgfd7aqjex4bz77h6owrkpq2.py	2038	37c838eb045dd2557e648653ed525a64316571c5f4f5322584b4d4c431bce417	remainder
/tmp/torchinductor_root/2j/c2jmb5ymlsn3lnmwe2j3eqrcn5ullydkvhwy5rwlarh6buxfzguv.py	3749	6e2a2ee47dda49f6efc0772663598103f713752b3574c032227c49d718d29dc5	remainder
/tmp/torchinductor_root/33/235c0405f8a03b24a9254401d798d95e2ba1ee2a89542d7ca075210cff2612cd.best_config	258	74fe8a05622354fc13fb30f4ac4fe2c5307d669e3386707dd7785e59d3ff61a8	remainder
/tmp/torchinductor_root/33/c33y33iv3f3jei5g2wxppe7amwnrf245zrqphmzcquxg47dkdplf.py	2820	c77856e984ac9c5fd36fd211f0dc93d0d7dc0bcdc0b118b68774187c49498346	remainder
/tmp/torchinductor_root/3b/c3bonfh7yayyqqqj2rwxbxhdk2t3wmebuph6dydaoz3xdsyhmkal.py	6029	c0d33e20b2ee2fddebd7f1671cee55a931e3314cebed11b01013d7a979a9f0e9	remainder
/tmp/torchinductor_root/3d/c3dakwjhoyzpn5aarnr734rpc32s32u56ffqw7jjc5bofdcn67rp.py	13963	0356ed09cfebb61b00367c007db4d114cd7ff4bc920f4f9033e026d4ceb22008	remainder
/tmp/torchinductor_root/3n/c3ne6w3ioj24aqes5bc2dn5e4aozcfkxf3mcmxpei5gt7tr7hntk.py	7438	b862546bc4ebeea4534c086c0ecbad9bc26b1c70f8bc235bdd0f3448fd475c21	remainder
/tmp/torchinductor_root/3p/04ad6cafb8cac4915982a514c71118773cf07e9f6cb1cffbe33de164e4628f5d.best_config	256	8c8db9242175e2df89bde410ad12048f169540a2e4fc094d1c59774d0e4fd390	remainder
/tmp/torchinductor_root/3p/c3pmewkda5tcdyv7byd7r53bduseqepuy7nr6tdvh4wmgraohi3p.py	3080	eb075aded76b8a082e6a585f81a5215c4f92efc7ddbae539671db291a530ed85	remainder
/tmp/torchinductor_root/3s/c3smkhnj4fojcok7ngmcyusrd3t3jddwqmcqlrwgmso3mcaxhw3f.py	2030	9e32e7b8351338fe79cd8d70e8cb8bf6b672e8524c7a1c355b363180d72a82a2	remainder
/tmp/torchinductor_root/43/c43oz6mmsptl265cjcfdcy2tyoavsg2qz4pcrlmzih6v3l5zslw3.py	6496	709e2c4e8b5667cff9f4d26005c64cd21e510b94011890cdf5e2f478600c8c2b	remainder
/tmp/torchinductor_root/4e/891d352d224ce0794cd7807cb81ab2cb04173922034bed5f6c05fc03d2829c55.best_config	256	42a2d9da3b38b6f51c9b51013ee0ea25439f71d1e9d316f2a079f75feae044cd	remainder
/tmp/torchinductor_root/4e/c4euwzhiwbtfhgo23wtj6hv25vbuusuynzjh4rt2kwo6okaayy7s.py	3082	b618985266ab641fd7dd5eaa4e73f537dce7ebabf2b546eb05af829949919520	remainder
/tmp/torchinductor_root/5v/c5vhswflwo5jkhqxg5w6526e2nnzrjtngynhdxfsota7ibi4txoe.py	7424	fdd7529bff3eba9801fe8d6438cf451ab6e6bd8260cb2f2c0233684e102b3d1c	remainder
/tmp/torchinductor_root/6m/c6mmsqba5kyejjvkgrtfvqjnapjrpfemitd5m3b7i4djxtggyjak.py	5811	d2c722246da88de3ba8eb04d6709fb4c4ba1e51f36406c0ee72564f5af240e91	remainder
/tmp/torchinductor_root/74/c74ximrsurlkoy5bjtlscgyllh42zubhnyw5kcwhl3zsg45lx24w.py	9833	9dcace2f6409e35660130ff5eeb2e83df39feaf0b0934d2c2ee8549c5d06f913	remainder
/tmp/torchinductor_root/7b/c7bhvegenfaxcypibrh3ydpag74beiksdj6ed3fvpxj6cnszzybp.py	13602	961f10b3a9df99070980f94e073234adb9321b211c0dc8a941b6667e183abd03	remainder
/tmp/torchinductor_root/7k/b9b8fe39f425ac57dfccf13868475e80c7cb604db23baac6cf3ddcfc4ed182e6.best_config	256	7de5c1279534588e2bb258cb6d5773b1ab6f3fdeffbe119b179d3700768f65aa	remainder
/tmp/torchinductor_root/7k/c7knvo6cwtcq7uxyxu6iu4lqils2od35fongjwzj3ppm42fuqk5j.py	3236	2ee2dcb41c747ba127f704637c4d7c58fac0a1285efdb59a215693eca249be68	remainder
/tmp/torchinductor_root/ao/caodv2gqqj6mu4ux52r2m4ovgql6m7xq7kpruhxm4uzeeycrwync.py	2821	28518b3ddd32678cad428c05e22ac02f4aa6afa33f57e37793450db9ed5405ab	remainder
/tmp/torchinductor_root/ao/da366999db0a52acc4d50561cba7374c1a40fa43ed4acbfbf87ecfde6ad5969c.best_config	258	e9abd705b532383a96697ef246a0671000ac8aa51c59673016383c5c91b7fc05	remainder
/tmp/torchinductor_root/aotautograd/a2enucvdwpxoovvmaq4s5c7hkpsoxdhneoibpe4rsh3xu5kqahef/3j7e6paa2r5a5xyrdspn5kclkiwk47ovfew4wnqs6nxwqzeg4in	59976	da7e4f3c00d47a0edf111c9edea84b522cae7dd5292dcb3612f36f686486e21b	remainder
/tmp/torchinductor_root/aotautograd/a2yrvowcpqs4ug3wpokia7enterfvg7iqdco7alm6m3f6iukobkm/6vf6sfkjkeknbkswtezhdnpu3ergcynb7vexrl5snulcxdgs2we	57737	f54be915495114d0aa56993271b5f4d9226161a1fd4978afb26d162b8cd2d589	remainder
/tmp/torchinductor_root/aotautograd/aa4o2ckq3xyx47kbynrkmzzbgaibsqta5bqwgyac5ihslegis6ju/cwm7b3texq663lcc5d6rbtgn3k5gh5oyqvchuv3okm72ackat4z	124570	1599f0ee64bc3dedac42e8fd10cccddaba63f5d885447a576e533fa009409f33	remainder
/tmp/torchinductor_root/aotautograd/abcyuikbyf25jbfwlssqjoenyw57fxkdjowovcarz5uvzrbglz23/z6q6sdkimfzuo5h7xqdmic4iuyz4eldssrzvdbdhcodb2lwprxm	59919	cfa1e90d4861734774ffbc06c40b88a633c22c72947351846713861d2ecf8dd9	remainder
/tmp/torchinductor_root/aotautograd/adngeorr7g6dieekvzdk554eyc7rhnq5vuwisga3zpotorigwmlk/qkbcdnbyqomnhoqm3vclq6g7rtead43inn5yzlzaxb2ldithffj	60348	828221b4388398d3ba0cdd44b878df8cc801f3686b7b8caf20b874b1a2672952	remainder
/tmp/torchinductor_root/aotautograd/aegkv4p3kmnqwjqt7di7ftxtgn5kzfy6qbxkbbczoq7lmtttjbds/hmknrhrwaagmcvpstkkd2o2gwf7nmqpcy3mqtkfj6r5cpzdjxeh	60793	3b14d89e36000cc155f29a943d3b46b17ed641e2c6d909a8a9f47a27e469b90f	remainder
/tmp/torchinductor_root/aotautograd/afi2epmsa4dssb3psa3ctjb6zkl7bpaylz3wysu6nzhp6brihyyr/ttuw4fqfmf2sn4emapsmieorkn4oa3w5cw4sqn22oznpvc567et	59739	9ce96e1605617526f08c03e4c411d15378e06edd15b928375a765afa8bbef926	remainder
/tmp/torchinductor_root/aotautograd/aft6u6csolucq23y7fqnzkt5vnef3ienxwkjqhpcefvhx7craks2/uzzjq3iukyra67zizpjgjbnw4alj62t33ub7u2jrv6p7z7ddwlw	64010	a672986d1456220f7f28cbd26485b6e0169f6a7bdd03fa6931af9ffcfc63b2ec	remainder
/tmp/torchinductor_root/aotautograd/ahbhadtsr23luerv7dzclhekgzlxxmbofoawl4o3hilzv5lc62mc/slfihzf7ac465p7lqwt45wa2pfitm6jmxgb7uvgppbpc7hugexg	60315	92ca83e4bf00b9eebfeb85a7ced81a795136792cb983fa54cf785e2f9e8625cc	remainder
/tmp/torchinductor_root/aotautograd/ahh6umh6gjhhdb6jayvyahhad4qbqraqo5rx3kmdu2pozim2eeoz/2n7gjaf4xew27mvwp3gu5n3qrlcy22rrxihpgy6c6fu4wcslhgh	59976	d37e6480bcb92dafb2b67ecd4eb7708ac58d6a31ba0ef363c2f169cb0a4b398f	remainder
/tmp/torchinductor_root/aotautograd/ai4wjv2yg663wdm23mnehbqqnh2wyabzevzanewosmnwcdxx5a26/m5afbvtxoc5ibr7tk2ksmjd252o42utxdlkv34klzttejx6oh2s	60315	674050d67770ba80c7f3569526247aee9dcd52771ad55df14bcce644dfce3ea5	remainder
/tmp/torchinductor_root/aotautograd/aiyfiqmrkam3d3ljhdjcd2r2ugqn3ya4kml5nocxctfdxmtus7pu/fyfchdmas55uwkywpjsch5ukqtuge2jy7lnqh5fnovcdmo3z5qc	127880	2e0a238d80977b4b2b167a6423f68a84e8626938fadb03f4ad7544363b79ec05	remainder
/tmp/torchinductor_root/aotautograd/aiyusz52ng5rv6zppjt56kg5xx33ecf4dcpqygbxsyvbxcbq2dyv/tu3gorcgn7k2h6obx6ggbry47ronnys62gj3rrb6s4bhkmf3mx5	60397	9d366744466fd5a3f9c1bf8c60c71cfc5cd6e25ed193b8c43e97027530bb65fb	remainder
/tmp/torchinductor_root/aotautograd/aj7ntg3rxa7mlajkkvo4drx2bj2ovio3d5d23o4ddhyy3co6zrnt/ooinqgjf55nbkyp3pwa7k5cidjexb4nuq7e7zij6d43o72pzrj5	59987	7390d81925ef5a1561fb7d81f574481a4970f1b487c9fca13e1f36efe9f98a7b	remainder
/tmp/torchinductor_root/aotautograd/aki4h345w5t7ro2prh4bum3ojl6scatjlr4rerhatd2qjte3jt4x/w2nqgabc6e7mupetavl3wx327q5qldfglamqrg6q2zwpqnbbqgg	64415	b69b030022f13eca3c930557bb5f7afc3b058ca65819089bd0d66cf83421818d	remainder
/tmp/torchinductor_root/aotautograd/am4k65tvxtranfzf65ar62wcbr6mchh4vdg24fknngtip7gco6q3/mowbmwzybllvzwi2b2s3bhcme62wxc7lhaxoa77gyjoljnuddhm	59017	63ac165b380ad75cd91a0ea5b09c4c27b56b8beb382ee07fe6c25cb4b68319d8	remainder
/tmp/torchinductor_root/aotautograd/amrhembrhsahqr5ablx5235ogxvxfiatmhu72jrxmcxjo4fjgoey/zwodzquyk3sda4dyfnuvmxs4qstx5fl64fzcmt6ral6uxnenevf	59919	cd9c3cc29856e43070782b69565e5c84a77e957ee172264fd102fd4bb48d254b	remainder
/tmp/torchinductor_root/aotautograd/an5awjovwtig6gpoxwojzezojzuh4ph3kq3nym35d2jdjzexpr7h/gkulq4nmd3gzvcoeofzs76wgeywkbyr52a6wiytl6on3vxyntkw	71523	32a8b871ac1ecd9a89c471732ffac6262ca0e23dd03d64626bf39bbadf0d9aad	remainder
/tmp/torchinductor_root/aotautograd/aoilayalqddoqns3427364vp4a57guazpr6vf7c2qsevovfceczt/7uo4hxenrmcwyf4sptf4w75bucb574jrk7o2eiybx5q76tkoqhs	59437	fd1dc3dc8d8b056c17927ccbcb7fa1a083dff13157dda22301bf61ff4d4e81e4	remainder
/tmp/torchinductor_root/aotautograd/aqaseuepndwnyjl5o2qqbcqkumtxtjgv4fufsthwruk54eqh37ql/hyswtz2xq7odv2hbygumcgmatmzl4eukgzzpemnyzr7ll7a46st	64696	3e2569e75787dc3ae8e1c1a8c119809b32be128a3672f231b8cc7eb5fc1cf4a7	remainder
/tmp/torchinductor_root/aotautograd/arr7zbhg4sejh35bng7y4ziwmmgc75y7ooud5ufj3jtjdyfcz6sb/kyykykglahj2dsbaqs7mqjqzoajcflnn7rj7vkmc3rjd5phz4n4	57271	5630ac28cb01d3a1c82084bec82619701222adadfc53faa982dc523ebcf9e378	remainder
/tmp/torchinductor_root/aotautograd/asq6oh3fdn2usvlc2gdj53f7drsiccvbnhytvmtqiptx6tkuavte/wwybzqcigxkzwcijnqtypxlne3657jqlcr5ibsod4qp2rogi36g	133341	b5b01cc04835d59b09096c2787dd6d26fddfa60b147a80c9c3e41fa8b8c8df8d	remainder
/tmp/torchinductor_root/aotautograd/asurnxizj7roxv4wzjkb7dgwlspzmrmuygpzbrqndoppzvlcfvww/nkretw2yavi3rhpjap7zcrilpoly4ga3n4t2bedwyio652ka5sv	59700	6aa249db580551b89de903ff91450b7b978e181b6f27a09076c21deee940ecaa	remainder
/tmp/torchinductor_root/aotautograd/atw4cegwvg2zwiaxggqg2rf4h3v6t52ghfln25fc2ydrb45emjkr/wwo3j5mw4ijqpln3essfnwb7mw5eekrpimt4et3v5lzu7h2dibu	129596	b59db4f596e21307adbb24a456d83f65ba422a2f4327c24f75eaf34f9f434069	remainder
/tmp/torchinductor_root/aotautograd/auuad54pyluwq4ei5w5d7p6hp5w5hmlb3ycqg5a4l2o2iy2eddgs/dvy4vvdyagox7wdiolra5ffhdwng6qcelbnno6xuhqoli5g3nrf	61318	1d71cad478019d7fd86872e20e94a71d9a6f4044585ad77af43c1cb474db6c4a	remainder
/tmp/torchinductor_root/aotautograd/avqq4igle55rmtpdqfxdkcpkiu5rqhsamr7fdwnyq6zssjdtpk72/3o74rwnqmduz4xak2mscfytj6txdbmnvhnwydjak7h7sw7haavi	59416	dbbfc8d9b060e99e5c0ad32422e269f4ee30b1b53b6d81a40af9ff2b7ce00551	remainder
/tmp/torchinductor_root/aotautograd/aztcbh37g2rbis6avxejmcthbr5blr4wzjh7aims6inzx25kprl2/4pa5swufvmaadejn5o6wylkri53p54gvr35hbshrfhebhpem7ex	60457	e3c1d95a85ab0001912debbd6c2d514776fef0d58efa70c8f129c813bc8cf92f	remainder
/tmp/torchinductor_root/ay/4cd5520420f30339f59949cf4dc87982a77ed95d565cbcbcd73fbd3295b01104.best_config	256	53e91c6c9eebc86fd365c3ba7ce64c06ac2412c2ec81c9571bc3a4189bafc057	remainder
/tmp/torchinductor_root/ay/cayy52idduphbtnpfcitysn2dcafmxwbrmcnuixrfyeoe3pvba5u.py	3046	bf1b5b2fba32e315eaa4129182186efc2831c4f4e37231dd9f02f34b92bf5fa6	remainder
/tmp/torchinductor_root/bc/cbcwbpi7wsovnzphncufkenecuhepv4dsetz7mb6g6hwoxjvxwry.py	6181	2415f165af364862e8525defb418cf7e783af2febdd50937ab9af457e6f38b4a	remainder
/tmp/torchinductor_root/c6/cc64enj6jntaimd5ikzfq4v5ilafcmhov6bksc2uteqxl7deb34m.py	9691	7bd879d17922c2b59d1480cfacbe7b0f2ddf8a7431f12de3957912997e2e5393	remainder
/tmp/torchinductor_root/dc/ac80b2429ed5219e3ffba13897da9b3456d60dbb6b77b8cd661ccc29a4ac5329.best_config	258	e6659cbda696b7693de30e04150e7667ff9124fe3b2dc0164bd4bdb40e9f64f3	remainder
/tmp/torchinductor_root/dc/cdcf5acnzxgrstjczmfhns3vu7feeokzylf6f5fhpnfdgl4rtrx5.py	2751	e93a0772350ad39ebb683513e8c0bb92b1f8256b54b40a92a9dfeebc2aa14308	remainder
/tmp/torchinductor_root/de/cdepip2vin7a3z3rnfykjkxkngsbnbftytc44gs5g4tcww34edxh.py	12901	22870b8a7f18417fe18ad7a45e871a2261b43902ea3a1a714f77992a9dd69370	remainder
/tmp/torchinductor_root/dh/5d18e4ef7f993d60e773cd0b8953747090be6f13c6e2a18bc73e827743cb342c.best_config	271	2c57e28e511eb81444f83774aa9f8dc0eef80d19dddc65ff4879385571934fc2	remainder
/tmp/torchinductor_root/dh/cdhy2zxdyqyzr3tk36qwt4mho3k7ehiz7u6gchxbiq7lmho3npsc.py	3203	deeff8b2ffc5682228fd69508677a71b2395e0fb8d31d61bc07f5459be523c1d	remainder
/tmp/torchinductor_root/di/cdi7g5fx2yvrsle6fgqphciqfmbxaoutzhwutkccoqlbsmz65dfb.py	20841	583a96ffab850914bf5ac983f23473c21ba5a84b26cc2ab2d2639105ca5c444e	remainder
/tmp/torchinductor_root/ed/cedyzwbfadp4jofnourfe2d36fy34l6rhncqnsv4y3g22gafdpqj.py	7682	d2a4ff33d03b5bda873bf9881bbaa9e855fbea28127ab5a3ecd3d611508c244a	remainder
/tmp/torchinductor_root/eg/cegqggcu2zvlqajo7iugrk2pjlnq7moxqvqdljvaddhbohp5boht.py	4377	9e004d248ba2661ea741b04f1a16877a82fff55871bb5036014027237dfe2422	remainder
/tmp/torchinductor_root/ey/cey7gfs5awukdrznhbve33p2mop4wahc3pzttbvxoolrl2ocgzwm.py	2752	6caa2e8208130f0ba3bba305269db468a5f676019135bdce289da7c8c2ae04a2	remainder
/tmp/torchinductor_root/ey/d5649547561ba8f91645f947ed7f70b297c26ed327b1d9252393fafa85cf43dd.best_config	258	e6659cbda696b7693de30e04150e7667ff9124fe3b2dc0164bd4bdb40e9f64f3	remainder
/tmp/torchinductor_root/fxgraph/23/f23hlrnmfkx75fbeph6pcjw6djc35zcbsm7n64va477hyndktjw3/eudf4dg4cbsz76mehmylps4n25bqi5enkwaykmzq5ss4ttwyld6	137171	25065e0cdc10659ff9843b30b7cb8dd74304748d5581853330eca5c9ced858fc	remainder
/tmp/torchinductor_root/fxgraph/3c/f3cnlkuuochuhloestyjg4ljcccis7kvvmn5nid2g6rtq2injp24/as32zga7nchy2sfdtwkhqnr5tqcemmaf7bhsit6mguczekzif32	230196	04b7ac981f688f8d48a39d9478363d9c04463005f84f244fcc3505922b282ef5	remainder
/tmp/torchinductor_root/fxgraph/3y/f3ytzlzqhqskpmhbz26xlfymkhe3kxtvaqti3kdhcr5kennujwse/xo7idgatxavlcr4kps2v7hxxqih5qbe4tdmqnclkkavllhzm5tu	205570	bbbe819813b82ab1478a7cb55f9ef7820fd8049c98d906896a502ab59f2cece8	remainder
/tmp/torchinductor_root/fxgraph/4u/f4uhgqpdgrlnykp7ickqqflgioisxbyaiilkccagzqbe7qot3cu6/6cttibpk4ajhk4zsgb3kyvgx5g5iszkrtcrlmyyds6liqw5sd2c	368752	f0a73405eae0127573323076ac54d7e9ba89655198a2b663039796885bb21e85	remainder
/tmp/torchinductor_root/fxgraph/5l/f5lsy5gdjf2msrtim5lrbbxitjwpf3m2gqxltaf7mfypez2ssdz4/vesdmn3g4nwoeza2ivas3d7i3xy2tigtgrmiug62efdfibvjsvz	270850	a924363766e36ce2641a45412d8fe8ddf1a9a0d334588a1bda21465406a99573	remainder
/tmp/torchinductor_root/fxgraph/6m/f6m3dzxfwj3qmpuqxxfw7trqar2yyjvpe5ruwbkatfwjrplckrq2/gfhkh2kyevv5zkuwmaewndam5zkkq4u3xsg4amoe4sxtxf5fvxv	271151	314ea3e958256bdcaa966009668c0cee54a8729bbc8dc031c4e4af3b97a5adea	remainder
/tmp/torchinductor_root/fxgraph/7r/f7ruoaarhuvnop5zw6ngmwgihlzdwme3a6edywtdifmnbmnghily/bdrvxkhumg7h6626hm2e37xmjdyrfpzs7vczhlg4fyl7brrt325	104401	08e35ba8f461be7f7b5e3b344dfeec48f112bf32fd4593acdc2e17f0c633deba	remainder
/tmp/torchinductor_root/fxgraph/7y/f7yjlkic6tyvldzjpsgbqjj5w74rwyhwgh5zh7esjezgfrjnhcee/hcq5vrt5qjahnnwbexx7bdjgqpdaauplhdodz4mbi62ahxv3n3t	807687	38a1dac67d824076b6c125eff08d2683c60051eb38dc3cf18147b403debb6ee7	remainder
/tmp/torchinductor_root/fxgraph/bq/fbqc4ohc4tkyino2bf6i7pex3cxb2p3n2n4vqqp3qrydahr2tc3d/nc2kjnu4kzowdmze2bvxbz3tdkronxfomixyhsf4sj53xcjq5i7	694680	68b4a4b69c565d61b324d06b70e7731aa2e6dcae622f83c8bc927bbb8930ea3f	remainder
/tmp/torchinductor_root/fxgraph/cv/fcvywlahpwdjthzp6ep2kwnbnwsbgd4t733hdro4f46zhly4ddid/elphuii3emoacgf4m22buqm2joexnx7uwctihugtae55hsikrtk	762674	22de7a211b231c0118bc66b41a419a4b8976dff4b0a683d0d3013bd3c90a8cd5	remainder
/tmp/torchinductor_root/fxgraph/dk/fdkj7mrnwdib3y5o2hziath6ascuu2wntj42vwl6qziiitjjifgi/56nqvhsnua3xxvclh6sks24iht7oatxpl32zv3hmfo2rmg4yjdf	92676	ef9b0a9e4da0377bd44b3fa4a96b883cfee04eef5ef59aecec2bb5161b9848cb	remainder
/tmp/torchinductor_root/fxgraph/du/fduw2mxl7h67oekdfd6t3id6vb2nwpv6rr55ms56migemqcmgn5b/6qek6q6252zqsmmcitenv5rwrqdvjkxxoc2ecoitcrhsv7m4k5s	2777643	f408af43daeeb309318244c8daf6368c0754aaf770b4413913144f2afd9c5764	remainder
/tmp/torchinductor_root/fxgraph/dx/fdxumluikfwk5wdjcfwa5cdx2j7neps63ztqbrnn3zomjeorjjff/eehfnyetkm5fxhpmi55c4ifyaxfzf4ccpid5apu5k6ykwg3jx3c	106590	210e56e093533a5b9dec477a2e20b805cb92f0427a07d03e9d57b0ab1b69bec5	remainder
/tmp/torchinductor_root/fxgraph/ek/fek6jn2rbbmrf6rtxvwwmmir65jevrddcofqgf5irbsylnhgpz26/5f6apbcktptts3ewn4k5zurduzflwhztgnj5eng3yfbbzmnwryd	160072	e97c07844a9be7396c966f15dcd223a64abb1f333353d234dbc1421cb1b68e07	remainder
/tmp/torchinductor_root/fxgraph/ga/fgapx2robknmvsyixovr5y6ofsvujnzs6rkvppusn2rubf3sxjhf/7ebvwnwgcjyziee4zkq54dbgayquxnonaugefsdgkxvaabgknxr	103988	f9035b36c6127194109ccaa1de0c2606214bb5cd050c42c86655ea0004ca6de3	remainder
/tmp/torchinductor_root/fxgraph/gi/fgilie5iscehr4hovwg3xn45cti2jnaul3zh7j46yhnj7o4mvhnc/iu3cgzrpzxwdvfz35w3y3mqt2noxjzrpjzlj4vrjjlvmceqoxxk	288139	453623662fcdec3a973bedb78db213d35d74e62f4e569e56294aeac1120ebdd5	remainder
/tmp/torchinductor_root/fxgraph/gs/fgsxthb3vf54mmpee4g4nd3sd3hp6n42dqtw2r2ehzjfzhhjvc23/n2ylyibhjsuyuly5kyekzgtqpnh6u6e4gim6qbfgeke3x7tuzld	135485	6eb0bc20274ca98a2f1d5608ac9a707b4fea789c3219e804a62289bbfe74cac6	remainder
/tmp/torchinductor_root/fxgraph/ij/fijrrxyxcwawh6pp2jg6qbxikcfv6wuzohrbkdlw2nsr5u3uvy4t/4v6xroyy6ntf57x5nbcm4hia62icqw6rzzw7u5wgdp7bvt2voqo	2822435	e57d78bb18f3665efefd6844ce1d00f690285bd1ce6dfa76c61bfe1acf55741c	remainder
/tmp/torchinductor_root/fxgraph/ix/fixvotua5s2o4js7u3kyc2d56ryc5ga3xg43vsgroc7dztaxfgn7/44xgglsl2eqahi5yqo42secpqovjjdcra2ky7rffgnwkhuxmm56	135419	e72e632e4bd12003a3b883b9a9104f83aa948c5106958fc4a5336ca3d2ec677d	remainder
/tmp/torchinductor_root/fxgraph/lj/fljtgxro76mpszh7qtqlq32rqwddplfzua4bm6qwkovcvulw2wzx/gc5q4nr5q45i2mlb6eqiso4fhca4cydvr6yiuw74le276copz3k	109657	30bb0e363d873a8d3161f120893b853881c160758fb08a5bfc5935ff09cfced4	remainder
/tmp/torchinductor_root/fxgraph/lk/flkupd7kyfia2cyvipkvdwlq7lvqj24a3w6kx6eiyqyzy4juoxkl/mux3vkmcpdwfj6dfnuwhniogkiv3iskiew7ssveukw4b7hndnj6	91981	652fbaa98278ec54f8656d2c76a1c6522bb4494825bf29549455b81f9da36a7c	remainder
/tmp/torchinductor_root/fxgraph/pf/fpfjqfjdo664e3inzzxct65wylppgfgt7ajwe73oyrd6hw4xx623/oeolhqwjlzeddjcocyzjzzopx5n2y3mfraj26j5xu6kg6qyav7c	205072	711cb3c2c95e4831a44e16329ce5cfbf5bac6d858813af27b7a7946f4300afc5	remainder
/tmp/torchinductor_root/fxgraph/qk/fqkfvmkjzujt5i4hknvty6ge3uu2z7rn4wb2rlx6s3tzdday2pcv/7vzkznndmy2htedb3hsvhhu6v7uaymgzsmc43nvtjdh35tyeydy	141789	fd72acb5a36634799061d9e5539e9eafe80c30d99305cdb6b348cfbecf04c0f0	remainder
/tmp/torchinductor_root/fxgraph/qk/fqkkgnkvgjlb3eq4nk4woh5qpvktn5qdqisp2kl7hhtky5xb3ctz/4yzvb5te4pkb4l7iy4ghr27dywvjuhymtlfwf2gyjjpt6nicl4q	255151	e63350f664e3d41e2fe8c70c78ebe3c5aa9a1f0c9acb62e8d84a5f3f35025f21	remainder
/tmp/torchinductor_root/fxgraph/r3/fr37trtzay55vzkzlr73moyhq5yqwmsdfu2t2yiyyg4wm5ojkly4/lpjdad6wmwzx7tsfmlylwy6pcfwubo5ifxj3jd3iigs7fbz642b	111630	5bd2300fd665b37fce4562f0bb63cf116d40bba82dd3b48f6841a5f2873ee682	remainder
/tmp/torchinductor_root/fxgraph/u7/fu7zboxwhux6i46zv3u6amje733jwq2yj2fjsjaqmbh5s7mbjbff/dqufdbtcph7phcv6fwuylbbfqdjofkyjoq4vktpvoyqotnglres	230665	1c2851866279fef38abe2da985842580d2e2ab097439554df57620e9b4cb8925	remainder
/tmp/torchinductor_root/fxgraph/ua/fuah36bjg4ph7xbcblje4p4xeyjmf4l5erjey5un5p5ahd55asua/tirmffcinlld22bcnz64y5fjxna6ng4rc7jrowf37du6s4wxj4y	434091	9a22c294486ad63d68226e7dcc74a9bb41e69b9117d31758bbf8e9e972d74f31	remainder
/tmp/torchinductor_root/fxgraph/wu/fwu56mjnymuyoup6eclnot2hkhvz75hym5w6bygvh5brxjkgrwxi/dqb7gwssack6q7czfubk3zy2zrivf7wvdn5h5hh6myatexgjwof	168055	1c03f35a520095e87c592d02ade71acc5152fed51b7a7e9cfe6601325cc9b38a	remainder
/tmp/torchinductor_root/fxgraph/xk/fxkrmf4npyedxccrug76hazx4ck3kf6dnur37mv3guq3me63wez3/f2ekczpn6tqs4iwjhyx4tdclhnk6hn4ulqj54ofyri3yny47zoh	270790	2e88a165edf4e12e22c93e2fc98c4b3b55e3b7945c13de38b88a3786e39fcb8f	remainder
/tmp/torchinductor_root/fxgraph/yp/fypq2kwgf43dp6pzza7pzq6q675bbyzmsv3m7suksewwywvtis52/u3wwvojxkir4canfwco37u4un5hlqy3i5jy52sbu57h6kifxpnf	135898	a6ed6ab9375223c101a5b09dbfd3946f4eb86368ea71dd4834efcfe520b77b4b	remainder
/tmp/torchinductor_root/h4/ch4fbirvocxa2nx4ig7wmmfrxj6dhkr5cr2ov4y66piwi2oswfxu.py	3752	f566de8454d7a5c9ad214c8f1f8fbd1bc165e67737aa6711125a7cee10c6a907	remainder
/tmp/torchinductor_root/ia/5625e7be3c61ea7628f534aab54db4bb0c34f52792d5171f762dccec890b1a83.best_config	258	907cc125f4e4850e024ddc60e961e1b5a616dfe0baf5d78378745f80a4892111	remainder
/tmp/torchinductor_root/ia/ciauv7wraz5zcryw7kfex2dnaaszspo6hige3f5rcpogqx6x74rt.py	2033	9604b6cf5578157edfca9aaf5c94e65809c26de496e334fd7963da6383100e55	remainder
/tmp/torchinductor_root/ic/cic5lrn5hpgs2ouqhbq2p7rr2424dzwq6x4j7ojzgxpeankzw5cl.py	14478	63359399a0348d5f2ca43a8b4602d1727dc5a26232da180f3b566fc6b705425c	remainder
/tmp/torchinductor_root/in/956ba168a0d06205fd6b2158cd21b52aab6550129c3ec8ad5175f1327eaf79a7.best_config	271	b4156d7640d12840d21b3222efa28c0573df6134d50e8d5df2f3536134b78215	remainder
/tmp/torchinductor_root/in/cin4wmgs6ibnvdumpzbm3sbqbgi2npej3h3pn322ykni7e6pofv2.py	3547	51a1927fe45864e34186f9811e53a3caef1f4881a34492461a66cbdcfb237a6f	remainder
/tmp/torchinductor_root/jl/54d0f3c4ff4aa59de586b1486ea0e5e22dd55213a9ad1fe704c69ecb7d504e9e.best_config	258	907cc125f4e4850e024ddc60e961e1b5a616dfe0baf5d78378745f80a4892111	remainder
/tmp/torchinductor_root/jl/cjli4galeakvkoeuaikigo32m5oppy5ftzyqrpjpxc24tz5t4f4p.py	2033	e4a5e96c84daf13de93e080c53957dc8ed74e83b04ae84e697bff7cd227a7085	remainder
/tmp/torchinductor_root/ju/cjuz2njxpmlnn5okyahjutgg7ymuow5uy6fw7z2ox2sw5gm6jlnm.py	6657	69efc987d19fc9a9cb67c64a15b1140572b8a83aad71d0ea714e913619151b74	remainder
/tmp/torchinductor_root/jw/31e6561fd22388e4f11abc9393e6c76a88ddb70aedb6a92c9d94539ce7c2f35f.best_config	258	49d120011d56fd07ee57377f3357f5c8836ae875b376a07a94b3e36b43be4844	remainder
/tmp/torchinductor_root/jw/cjwq76dyroz5vyvtpy5wfsvhfonb2c3gtzz3z72gm5xxletaj2pe.py	2583	3c1ae4542e2f16176f27d657eb1e97d0debe4c7915d1fab22719e5f5a19dbc2f	remainder
/tmp/torchinductor_root/kg/ckgnk7onxtns4wvul3eov3ljlfx5tpsa45y4zodgf2gj2mz6xhu2.py	7463	2573f7aa5436c951ce1ca9f0ff3364d37e129ae6e53723d90984a2f6338f6223	remainder
/tmp/torchinductor_root/l6/cl6kbxrobmbuhggyrh5m2urkadzo5ntpy5xkhqqmzsvug3v7zzk2.py	7682	7c518885127aa0c3d12633556c026958a055c92300010d41d1fbc41e459ee12c	remainder
/tmp/torchinductor_root/lc/4017c43ac2ac956653caa09d971a24a435d39b48654d274785b29778753b0d4a.best_config	259	5a58f7a3795edbcb7dcb1c4eee3899b2d8159784f413a78cc868178adf53b4df	remainder
/tmp/torchinductor_root/lc/clcc6zyqwqmk2l37xafgp5y6z627fxcaitli4wdszhfkqclzeoka.py	1969	339fcd5630c463bae4c3251a31b2f4d0a4d90ee6b5d72276c8eecc4a8620fb86	remainder
/tmp/torchinductor_root/ld/bcddd0ed4740d36a7a111704285babd0e73144ad8351ab4d61fcd340b131d05d.best_config	258	fee0d4e63d7a52778a6afd83137da51c4f60c560a2703b204ac8a2dd692d65ee	remainder
/tmp/torchinductor_root/ld/clduh2r3vu562xj2jzzprbrald7anbny5ivy7doex4tnwswmeb5r.py	2003	3e09b976a686edc21c6d9024dd37c4cc07c2bd0dc294a00df97217a8d657374a	remainder
/tmp/torchinductor_root/lr/clrfzqnme2oainyejbwkgr3kcj6bvr2upqhukba4zbjvuyki7kwf.py	7764	3f8273e2f8e2d773508ea7bb092d31acda80e7d1564028163c7c070a9a7f506e	remainder
/tmp/torchinductor_root/m6/cm6mnb4s54uynxupozdetikkpn7ly6k5iklsobonf3p7flptecnd.py	2852	89ae8019975a008d1d9873f1f3de9b42acd60ad05319be00ed8207e44437b35a	remainder
/tmp/torchinductor_root/m6/e42672afe409d63ea2b205e619495860ae3beca134ff7b629eb70c1678c5417b.best_config	271	65a28f323273f17adef746be3c901de3947f74618c2e4e55e1968d7223749f99	remainder
/tmp/torchinductor_root/nd/cndjwwzksq7mpl5pretgtrzrplpqx73z5omd43mgyhagfkmfxrh5.py	10246	0795200c243a84a9700f94f58dd6608967e617d446e0c3f7f6edae4b941b271b	remainder
/tmp/torchinductor_root/nn/cnn3gpubayajs4ztjvg56nhgww46nvj25nghw4ximmm67fkq7w3z.py	2630	f0f29365c6198a5266f2678f16d158ebc3ea3fb07beb32b87ce07291d8315e94	remainder
/tmp/torchinductor_root/nn/ee42880fba0f6262d01dc93fdd71ccfb17934266ead534fc6ccd906e0a93b187.best_config	258	0390fdc816d7a661bb4bff1785a31cf37dfe48dd1a498d9df5f245aba2752474	remainder
/tmp/torchinductor_root/o4/66922f3b3cc7fa0c13e26eb9c006143333739d6a5008f992ae5bd9b90ba625d1.best_config	271	d2468eb47b0240127642ce188473679a1e4d095e76e7d8e7d86b97d86a8c294f	remainder
/tmp/torchinductor_root/o4/co4olhhrnmjtrjkgcjmsbolvaj4d3fnej7ckhln3wuv7kwlug3kq.py	4063	367634dc647c9b53605f4b347e6ca7003297d3f82e57cd6c6e63372064c472ed	remainder
/tmp/torchinductor_root/o5/co5pqxyoielbsqmcaknx26dthygshim2el5i6fdifrxxy72ijlr3.py	10416	1edecf9a3bb131098fee9bc4c2e80f962c4941b47ab2966361855e0d61317e55	remainder
/tmp/torchinductor_root/p6/cp63xkoou36jdw6n3lb2ydjxs67wl7zmamuqhsdxlbeuyya5a26o.py	14078	d846d107fc5b0dd38aaf2e4985eb8706774e0f982a698edd85fd2a727bcb19b4	remainder
/tmp/torchinductor_root/pk/cpk74x5g24ae547ne5hpvbtld4rqc33eeeq42axc64zxvhyhd362.py	6552	68151b35e978badff7d785502561932fdbc989cfdf07f935b3999e82cd8424e2	remainder
/tmp/torchinductor_root/pq/cpq5xca3aihqjhetfm2wwqlnmwdf4ggj5fay6mv2wmqaqwssbwx4.py	2927	41a6941dfdc6b82f56cf236301dcc852cebeac918e211f67b91621cf01855a81	remainder
/tmp/torchinductor_root/qv/837d588ac16efc729ca3437d094187a92c130260a219bafe2416d2b447ec1f1a.best_config	256	1b175ab2deaec16bc8e84fb5c0342831ef107255a3bfc69bb67b9bc8b732db18	remainder
/tmp/torchinductor_root/qv/cqvjodsd7rjtwbdmrudqcodqteu4k5bfcstc4z4x3u42cfgifezb.py	3004	67301af123c501b42f902807a680879b26c95cc6ad60576a288db51741bd225d	remainder
/tmp/torchinductor_root/rt/crtk7okry2qfaoz3fz2ol4j7aaspnp6la7sznpg55eru3gvcseak.py	12454	205a502a865ead6d52eec4097ef9c58ef37f0d62e952f66f3a492052a8fa5733	remainder
/tmp/torchinductor_root/s7/c7863bd43e614db93e333d4c8ff9dc5cb2061519fdad9c71f25b1a5af156e633.best_config	271	56c5bffccf303f1bfa36cb658395aa14476430dd3d0d2706261c8f40704eb915	remainder
/tmp/torchinductor_root/s7/cs74kxbb7p7mvsddt447klewduu7dtppsffivpst5ctrhpyqiesq.py	29476	69bf17dd21a9ada74b7b54d1a18681a2559eb6292871542d66635201d1262e0d	remainder
/tmp/torchinductor_root/s7/cs7bujoq2ki63je2tcqq673rtnjtlmcc76pkghweufdgcwsrljwl.py	2903	124543c15464b1231e578f1877d8ab4a775dd5e35a7383223ad31966788857c9	remainder
/tmp/torchinductor_root/t7/ct76ncroyrvdsukgqotahpbs2aks2ujxjvsbysgsfaf7xbkadoug.py	7814	a8e816be8229a12d3d4f49f1382c666da25dccb60940f83accf0d8aa3c1f92e2	remainder
/tmp/torchinductor_root/tg/ctguanog3kbw6xaag6f6wfyrqrojvm572t2wpsyq4ww5nhwubeml.py	13308	f6e4b4f72b51517a53ee41d1775e484312abe9b4ede86a3abea463ec461a5390	remainder
/tmp/torchinductor_root/triton/0/2JRA6HO5RRLQBUTLX2Z4VQT5TN5GU3P4QCCXEZ2SRPIF25O3XHTQ/__grp__triton_poi_fused__to_copy_bmm_cat_cos_sin_transpose_1.json	1493	a341ceca35181eaa6ea57757295f48d7f91836025a3c4489ee7ec3056ad4b1e1	remainder
/tmp/torchinductor_root/triton/0/2JRA6HO5RRLQBUTLX2Z4VQT5TN5GU3P4QCCXEZ2SRPIF25O3XHTQ/triton_poi_fused__to_copy_bmm_cat_cos_sin_transpose_1.cubin	49488	998ac9102a9c14753847e023c63bfb3675f4d3c6d62b5f60621ea260040876e8	remainder
/tmp/torchinductor_root/triton/0/2JRA6HO5RRLQBUTLX2Z4VQT5TN5GU3P4QCCXEZ2SRPIF25O3XHTQ/triton_poi_fused__to_copy_bmm_cat_cos_sin_transpose_1.json	1153	76b2108243c468604c5cc026da29f2373ffb0e318fff268cb3a125fb661d6d63	remainder
/tmp/torchinductor_root/triton/0/2JRA6HO5RRLQBUTLX2Z4VQT5TN5GU3P4QCCXEZ2SRPIF25O3XHTQ/triton_poi_fused__to_copy_bmm_cat_cos_sin_transpose_1.llir	371356	c18b05c74cbc544f40b5ff280f4bc39cbf8877ce4e7999eff6a7ff0bdfa59c98	remainder
/tmp/torchinductor_root/triton/0/2JRA6HO5RRLQBUTLX2Z4VQT5TN5GU3P4QCCXEZ2SRPIF25O3XHTQ/triton_poi_fused__to_copy_bmm_cat_cos_sin_transpose_1.ptx	135857	c4833baf309595c92855896eacf9db9a1d825b0e73b9884c9444f09bad17fe75	remainder
/tmp/torchinductor_root/triton/0/2JRA6HO5RRLQBUTLX2Z4VQT5TN5GU3P4QCCXEZ2SRPIF25O3XHTQ/triton_poi_fused__to_copy_bmm_cat_cos_sin_transpose_1.source	5763	cdac031e696d94d2008bd86ed8344ebccaf4035f7d1130da588aeda7de6504d6	remainder
/tmp/torchinductor_root/triton/0/2JRA6HO5RRLQBUTLX2Z4VQT5TN5GU3P4QCCXEZ2SRPIF25O3XHTQ/triton_poi_fused__to_copy_bmm_cat_cos_sin_transpose_1.ttgir	7192	e03809be2bcfaa8f3c36ae77348ab2f676ddb057652ed708e71b0e2f252efbe5	remainder
/tmp/torchinductor_root/triton/0/2JRA6HO5RRLQBUTLX2Z4VQT5TN5GU3P4QCCXEZ2SRPIF25O3XHTQ/triton_poi_fused__to_copy_bmm_cat_cos_sin_transpose_1.ttir	4454	809a0ea649e7e925043bab52f216b1ebd750577a085fd7286d53a901dd01a1b2	remainder
/tmp/torchinductor_root/triton/0/35DQ3T5YCDABPEH4CQH4J2ZR5I23OIODE6IDAU456MAKX3IDF2XA/__grp__triton_poi_fused__to_copy_unsqueeze_0.json	1269	f77db99b3de49238d9cf2a5435b90ce731de38384940d4f18e7fef5ad7b6108e	remainder
/tmp/torchinductor_root/triton/0/35DQ3T5YCDABPEH4CQH4J2ZR5I23OIODE6IDAU456MAKX3IDF2XA/triton_poi_fused__to_copy_unsqueeze_0.cubin	3368	059eb1b77ff1776842e7b2a0a871d51115241ca7ee2a9318919f21994d32b1ec	remainder
/tmp/torchinductor_root/triton/0/35DQ3T5YCDABPEH4CQH4J2ZR5I23OIODE6IDAU456MAKX3IDF2XA/triton_poi_fused__to_copy_unsqueeze_0.json	1134	4e7156ff31bf63c7f40b1e49b07bc571cb644193c09aeb697dd2c141196b48c9	remainder
/tmp/torchinductor_root/triton/0/35DQ3T5YCDABPEH4CQH4J2ZR5I23OIODE6IDAU456MAKX3IDF2XA/triton_poi_fused__to_copy_unsqueeze_0.llir	1809	3a7f66fe763ce82b5bfc6d661e4fa62d5b2ffe88167d9b6e433e8f7166e0798b	remainder
/tmp/torchinductor_root/triton/0/35DQ3T5YCDABPEH4CQH4J2ZR5I23OIODE6IDAU456MAKX3IDF2XA/triton_poi_fused__to_copy_unsqueeze_0.ptx	1517	eb14261357c1fb8240740acfff6fc695923132b5e52e1ad0eea606b1ad5c3121	remainder
/tmp/torchinductor_root/triton/0/35DQ3T5YCDABPEH4CQH4J2ZR5I23OIODE6IDAU456MAKX3IDF2XA/triton_poi_fused__to_copy_unsqueeze_0.source	1442	3a7f67e2676751b5b06cdc65f799588d0e6fda95f64f21b385597790e2433099	remainder
/tmp/torchinductor_root/triton/0/35DQ3T5YCDABPEH4CQH4J2ZR5I23OIODE6IDAU456MAKX3IDF2XA/triton_poi_fused__to_copy_unsqueeze_0.ttgir	1763	92706c1d99618384e7e1cbb7112a1297720aa9d6a51d1f30d88dbef4bdc12691	remainder
/tmp/torchinductor_root/triton/0/35DQ3T5YCDABPEH4CQH4J2ZR5I23OIODE6IDAU456MAKX3IDF2XA/triton_poi_fused__to_copy_unsqueeze_0.ttir	1387	a6c1750f191a8cf39934cf3fc3e491ee4255f12f3ad60c5678839b22078f5045	remainder
/tmp/torchinductor_root/triton/0/3U3UKY2PGGBXPMC5QWSJMC5T5NUDJAZSE4UV523DOUN2TPZFZTMA/__grp__triton_per_fused__to_copy_mean_mul_pow_rsqrt_0.json	1395	78fd8dce8031c53608fc448a9deeb7e3b7d5f3ce4c0e92315d5b879823843549	remainder
/tmp/torchinductor_root/triton/0/3U3UKY2PGGBXPMC5QWSJMC5T5NUDJAZSE4UV523DOUN2TPZFZTMA/triton_per_fused__to_copy_mean_mul_pow_rsqrt_0.cubin	12656	e0c54ede8ded764fb7c29ba5f5996e23d62805276ecc4bfe857972e15228aa0e	remainder
/tmp/torchinductor_root/triton/0/3U3UKY2PGGBXPMC5QWSJMC5T5NUDJAZSE4UV523DOUN2TPZFZTMA/triton_per_fused__to_copy_mean_mul_pow_rsqrt_0.json	1145	91282a6bf956da557308a43804a492c1d3ed2038c659de83b48124a393f68e56	remainder
/tmp/torchinductor_root/triton/0/3U3UKY2PGGBXPMC5QWSJMC5T5NUDJAZSE4UV523DOUN2TPZFZTMA/triton_per_fused__to_copy_mean_mul_pow_rsqrt_0.llir	53247	a3b5e13f55be3ee2e19cd42c27681a663b4098c850f8c024964dd7c600d9975a	remainder
/tmp/torchinductor_root/triton/0/3U3UKY2PGGBXPMC5QWSJMC5T5NUDJAZSE4UV523DOUN2TPZFZTMA/triton_per_fused__to_copy_mean_mul_pow_rsqrt_0.ptx	22236	bc746c810d3777079b88bc5c84e02618a6b1560f622ac33be14d1b4d6fa7279b	remainder
/tmp/torchinductor_root/triton/0/3U3UKY2PGGBXPMC5QWSJMC5T5NUDJAZSE4UV523DOUN2TPZFZTMA/triton_per_fused__to_copy_mean_mul_pow_rsqrt_0.source	6935	605aa3434a4b62f893906999a25f483dfe0668bb2d5d76beedf29fe565e6c940	remainder
/tmp/torchinductor_root/triton/0/3U3UKY2PGGBXPMC5QWSJMC5T5NUDJAZSE4UV523DOUN2TPZFZTMA/triton_per_fused__to_copy_mean_mul_pow_rsqrt_0.ttgir	7620	df96063c3300cf407100b06a2e6931cf5275c056cea4990dced650393d594d12	remainder
/tmp/torchinductor_root/triton/0/3U3UKY2PGGBXPMC5QWSJMC5T5NUDJAZSE4UV523DOUN2TPZFZTMA/triton_per_fused__to_copy_mean_mul_pow_rsqrt_0.ttir	4561	b1582840e889413e1a00b6b060581ad5376cb8ea61a4082f73b0c74d66393127	remainder
/tmp/torchinductor_root/triton/0/3UQQM2ZWQUMWFYSP56VCY6VUTFXZSAJOY6ZOBSHEEA3QZBMJOHBQ/__grp__triton_poi_fused__to_copy_cat_cos_sin_transpose_1.json	1437	7c21fd2bfe86522a4701ac505632d8dc606ddeb7bfac8d42ad89728546f83eee	remainder
/tmp/torchinductor_root/triton/0/3UQQM2ZWQUMWFYSP56VCY6VUTFXZSAJOY6ZOBSHEEA3QZBMJOHBQ/triton_poi_fused__to_copy_cat_cos_sin_transpose_1.cubin	52304	1473ceda12dde0e14d1ea5a596a0ce5b228ab71e1eb1d4bfefc30aa2d760f50b	remainder
/tmp/torchinductor_root/triton/0/3UQQM2ZWQUMWFYSP56VCY6VUTFXZSAJOY6ZOBSHEEA3QZBMJOHBQ/triton_poi_fused__to_copy_cat_cos_sin_transpose_1.json	1149	9d1fc0031575fe24c4dc97b39cb229edd985cb5135513fd6a57ffd0bf0a5a49b	remainder
/tmp/torchinductor_root/triton/0/3UQQM2ZWQUMWFYSP56VCY6VUTFXZSAJOY6ZOBSHEEA3QZBMJOHBQ/triton_poi_fused__to_copy_cat_cos_sin_transpose_1.llir	374817	c03a52e3488ddbc2e4359ddda7090f8c9cd1e8fd907310910371bba69d5b4c84	remainder
/tmp/torchinductor_root/triton/0/3UQQM2ZWQUMWFYSP56VCY6VUTFXZSAJOY6ZOBSHEEA3QZBMJOHBQ/triton_poi_fused__to_copy_cat_cos_sin_transpose_1.ptx	136889	1890e388e1b3e1d53e7a6c2d475247002bea474be242de9aba5896a2525716c1	remainder
/tmp/torchinductor_root/triton/0/3UQQM2ZWQUMWFYSP56VCY6VUTFXZSAJOY6ZOBSHEEA3QZBMJOHBQ/triton_poi_fused__to_copy_cat_cos_sin_transpose_1.source	6489	bc691c41ae2d4bb6ad7321a2ebb78db53659dc9ecf87fb6a3375700343ca9ab6	remainder
/tmp/torchinductor_root/triton/0/3UQQM2ZWQUMWFYSP56VCY6VUTFXZSAJOY6ZOBSHEEA3QZBMJOHBQ/triton_poi_fused__to_copy_cat_cos_sin_transpose_1.ttgir	7818	809bd95527d4aaa65706e88c7138dcb01359cbed2eda068f27a49dcc27e126ec	remainder
/tmp/torchinductor_root/triton/0/3UQQM2ZWQUMWFYSP56VCY6VUTFXZSAJOY6ZOBSHEEA3QZBMJOHBQ/triton_poi_fused__to_copy_cat_cos_sin_transpose_1.ttir	4992	03fd9d6fbd550c3f44cf2d36e6926e42074797562787975b4758b08bb78feecc	remainder
/tmp/torchinductor_root/triton/0/3VSZR2XSRBEY7EQHK64CUBHI77KTZMOX5IWZCE5G6J3NWYLR4TLA/__grp__triton_poi_fused_cat_neg_slice_0.json	1199	de80d94035857ab2e0a5e0093ae3b668a198ad9a36d95efc23adf3664c79f7b4	remainder
/tmp/torchinductor_root/triton/0/3VSZR2XSRBEY7EQHK64CUBHI77KTZMOX5IWZCE5G6J3NWYLR4TLA/triton_poi_fused_cat_neg_slice_0.cubin	6824	737808b69f6afc02598c663debf32df2d5ef6b2551c98048072091d1c5169db7	remainder
/tmp/torchinductor_root/triton/0/3VSZR2XSRBEY7EQHK64CUBHI77KTZMOX5IWZCE5G6J3NWYLR4TLA/triton_poi_fused_cat_neg_slice_0.json	1129	0d3ff79392bd5b8c0c3dbc8a19fead24ee6287f2dc408e5938f1ba6c8f2164e8	remainder
/tmp/torchinductor_root/triton/0/3VSZR2XSRBEY7EQHK64CUBHI77KTZMOX5IWZCE5G6J3NWYLR4TLA/triton_poi_fused_cat_neg_slice_0.llir	4428	dc7f0a86b7f09defec43591f2e970666193880fee0a849ff8324436fd48477cb	remainder
/tmp/torchinductor_root/triton/0/3VSZR2XSRBEY7EQHK64CUBHI77KTZMOX5IWZCE5G6J3NWYLR4TLA/triton_poi_fused_cat_neg_slice_0.ptx	4473	25f076e51d423e16b3b2dad9235cdacd7520d5b8c202228def00fe9df9ef6e16	remainder
/tmp/torchinductor_root/triton/0/3VSZR2XSRBEY7EQHK64CUBHI77KTZMOX5IWZCE5G6J3NWYLR4TLA/triton_poi_fused_cat_neg_slice_0.source	5448	a788ab0a7934e159d3ed1be2260c7c9adc28acf271a64ced7c184629a6c35580	remainder
/tmp/torchinductor_root/triton/0/3VSZR2XSRBEY7EQHK64CUBHI77KTZMOX5IWZCE5G6J3NWYLR4TLA/triton_poi_fused_cat_neg_slice_0.ttgir	4020	42de25e8f3834d9fe4ea7ab385d72a1a328cd545418ac03d133b95c522360cec	remainder
/tmp/torchinductor_root/triton/0/3VSZR2XSRBEY7EQHK64CUBHI77KTZMOX5IWZCE5G6J3NWYLR4TLA/triton_poi_fused_cat_neg_slice_0.ttir	3342	e36319e8eef90ada97ff25eb8114fe2a76506b95ed49026f310a9ba019333ea1	remainder
/tmp/torchinductor_root/triton/0/43CRUG5EH4HMBXPWOHOHSJ2N6T5PHX6ISQ4AITUED2PLQ4QEEOMQ/__grp__triton_red_fused_div_sum_1.json	1115	e419e2ca11b93f33b52c86367298146e6e9d491cd17c63edb4951ac19c8b8c78	remainder
/tmp/torchinductor_root/triton/0/43CRUG5EH4HMBXPWOHOHSJ2N6T5PHX6ISQ4AITUED2PLQ4QEEOMQ/triton_red_fused_div_sum_1.cubin	6056	b185084c91af8d3df93dc00b47ddec8986606f4d38f3a6787e2305efc4c56848	remainder
/tmp/torchinductor_root/triton/0/43CRUG5EH4HMBXPWOHOHSJ2N6T5PHX6ISQ4AITUED2PLQ4QEEOMQ/triton_red_fused_div_sum_1.json	1123	fc19743156f9f822da28026c35375ec844f1dd5d0c40b819a0c8428779d86028	remainder
/tmp/torchinductor_root/triton/0/43CRUG5EH4HMBXPWOHOHSJ2N6T5PHX6ISQ4AITUED2PLQ4QEEOMQ/triton_red_fused_div_sum_1.llir	7147	4b40f9d8a59e82ec8cba9ec58349ccc21ae1a3e397913b866d787cea5674e651	remainder
/tmp/torchinductor_root/triton/0/43CRUG5EH4HMBXPWOHOHSJ2N6T5PHX6ISQ4AITUED2PLQ4QEEOMQ/triton_red_fused_div_sum_1.ptx	5381	de8ff5160cf8f1e7851bbb5e406f2b1858f27e0c7d2568dd64414768deaf942f	remainder
/tmp/torchinductor_root/triton/0/43CRUG5EH4HMBXPWOHOHSJ2N6T5PHX6ISQ4AITUED2PLQ4QEEOMQ/triton_red_fused_div_sum_1.source	12104	4605b4f7684e41e03d83b08967ddee6b823b832021e50e6e089eb5cb4467e61b	remainder
/tmp/torchinductor_root/triton/0/43CRUG5EH4HMBXPWOHOHSJ2N6T5PHX6ISQ4AITUED2PLQ4QEEOMQ/triton_red_fused_div_sum_1.ttgir	7663	ca9ae4c91818b5b3a3ec33dca4d3b608a27832b1967d4beafc29da3ee4e00143	remainder
/tmp/torchinductor_root/triton/0/43CRUG5EH4HMBXPWOHOHSJ2N6T5PHX6ISQ4AITUED2PLQ4QEEOMQ/triton_red_fused_div_sum_1.ttir	6349	6d1833d4feb90b6fb7cb1fc7a37b65e6b571bf82be475ba45f82006ed37312f2	remainder
/tmp/torchinductor_root/triton/0/6UPMYQHXEDFMSFA77JAQT7K5PEAD5X25QTMVNWZT5BBA2RPUQWTQ/__triton_launcher.cpython-312-x86_64-linux-gnu.so	21712	2dddf3fb342466ddb2eec13e7969e1f28887d18fdea348dd2c5e3d8ac4be5584	remainder
/tmp/torchinductor_root/triton/0/7U2MQUO5KGMFPHIXQ3NK3CC7PO6DCB2RFYQ55EB6U6OAN4U56B2Q/__grp__triton_poi_fused_add_neg_slice_slice_backward_0.json	1409	7167e9a275478568ad44164dc8afa3340f238e9463e4556d8ea7fea869c8d9cc	remainder
/tmp/torchinductor_root/triton/0/7U2MQUO5KGMFPHIXQ3NK3CC7PO6DCB2RFYQ55EB6U6OAN4U56B2Q/triton_poi_fused_add_neg_slice_slice_backward_0.cubin	6824	c865eb22996a1af1d5456187a1c0336dc27e24a56ea7845f1aa8adfee09245bb	remainder
/tmp/torchinductor_root/triton/0/7U2MQUO5KGMFPHIXQ3NK3CC7PO6DCB2RFYQ55EB6U6OAN4U56B2Q/triton_poi_fused_add_neg_slice_slice_backward_0.json	1144	35ffb4de7e2bbd2c414dccb97053caabc4450d2df832215d1b6521547e76fc13	remainder
/tmp/torchinductor_root/triton/0/7U2MQUO5KGMFPHIXQ3NK3CC7PO6DCB2RFYQ55EB6U6OAN4U56B2Q/triton_poi_fused_add_neg_slice_slice_backward_0.llir	4579	213639999fd7b5d27148af1d88abd5db59cd13979942e60ba9a2d63323169e39	remainder
/tmp/torchinductor_root/triton/0/7U2MQUO5KGMFPHIXQ3NK3CC7PO6DCB2RFYQ55EB6U6OAN4U56B2Q/triton_poi_fused_add_neg_slice_slice_backward_0.ptx	4662	7ee43e8a61052332caad2e0ed3567ec98f87e1e351ed67781e695f6f9905d8f7	remainder
/tmp/torchinductor_root/triton/0/7U2MQUO5KGMFPHIXQ3NK3CC7PO6DCB2RFYQ55EB6U6OAN4U56B2Q/triton_poi_fused_add_neg_slice_slice_backward_0.source	5017	45dc3b0163b326de5f0cb0b319f0f8a5345093513c82ee573582f099ef68e8c4	remainder
/tmp/torchinductor_root/triton/0/7U2MQUO5KGMFPHIXQ3NK3CC7PO6DCB2RFYQ55EB6U6OAN4U56B2Q/triton_poi_fused_add_neg_slice_slice_backward_0.ttgir	3819	61ab40d27406d20ab28e3700cd7434af117fda4efb8920f3414f0a3c91b6e188	remainder
/tmp/torchinductor_root/triton/0/7U2MQUO5KGMFPHIXQ3NK3CC7PO6DCB2RFYQ55EB6U6OAN4U56B2Q/triton_poi_fused_add_neg_slice_slice_backward_0.ttir	3165	c52aadd794980c7cdd2ab100fb2de428950297a1389c27d1b8074a44f3603907	remainder
/tmp/torchinductor_root/triton/0/7XR5XEGDQSCDKTHKOZSJ4LYI5CRKHXXV62RXQ6ANJEEWRXNBREVA/__grp__triton_poi_fused__to_copy_0.json	1129	64b0e629800cec7f6b0afd6cac0b8e6026037027fcc566ba2f1322a4428120c4	remainder
/tmp/torchinductor_root/triton/0/7XR5XEGDQSCDKTHKOZSJ4LYI5CRKHXXV62RXQ6ANJEEWRXNBREVA/triton_poi_fused__to_copy_0.cubin	3368	234a21c552a666e31f62e15a628fb0ea52e70891d41710c8ce021d10dfade393	remainder
/tmp/torchinductor_root/triton/0/7XR5XEGDQSCDKTHKOZSJ4LYI5CRKHXXV62RXQ6ANJEEWRXNBREVA/triton_poi_fused__to_copy_0.json	1124	836aa2fd3207c007f1c5df6c9ecfdf72fbb621c44ba8f4e9fdf818f29a9dfbd0	remainder
/tmp/torchinductor_root/triton/0/7XR5XEGDQSCDKTHKOZSJ4LYI5CRKHXXV62RXQ6ANJEEWRXNBREVA/triton_poi_fused__to_copy_0.llir	2328	79de47ced6ada56c5d9ffa7a0f59790dfdd00a3f2585a3f1a7a68d9f71903b90	remainder
/tmp/torchinductor_root/triton/0/7XR5XEGDQSCDKTHKOZSJ4LYI5CRKHXXV62RXQ6ANJEEWRXNBREVA/triton_poi_fused__to_copy_0.ptx	1831	f3bf3ce6174e9acdbf66c63b9b01ca8fd937a8e62a1f405d16fbd895b3aef0d5	remainder
/tmp/torchinductor_root/triton/0/7XR5XEGDQSCDKTHKOZSJ4LYI5CRKHXXV62RXQ6ANJEEWRXNBREVA/triton_poi_fused__to_copy_0.source	1732	d53052e59f7094638517e130dfdd2460bb956702c606d0b78db4bd1a2ade5069	remainder
/tmp/torchinductor_root/triton/0/7XR5XEGDQSCDKTHKOZSJ4LYI5CRKHXXV62RXQ6ANJEEWRXNBREVA/triton_poi_fused__to_copy_0.ttgir	1999	f40cda4908ead260023aea663b2d57fb6b5916d3dfcdd39f7a804c17bb577740	remainder
/tmp/torchinductor_root/triton/0/7XR5XEGDQSCDKTHKOZSJ4LYI5CRKHXXV62RXQ6ANJEEWRXNBREVA/triton_poi_fused__to_copy_0.ttir	1583	c2b12cef4fbeab3ff1ff2d10b15144ae3168255fad68aaf918fc6239be7525fe	remainder
/tmp/torchinductor_root/triton/0/A42SYZIWLHBQJFCYOY6F4S6ZDNDDHNA54CLTA5LQI5WL53TVDK7A/__grp__triton_per_fused__to_copy_mean_mul_pow_rsqrt_0.json	1395	f529067ba86fe1b979dd909cf64c3e008905e4621cff3ec92b0d3c6bf8fa4b88	remainder
/tmp/torchinductor_root/triton/0/A42SYZIWLHBQJFCYOY6F4S6ZDNDDHNA54CLTA5LQI5WL53TVDK7A/triton_per_fused__to_copy_mean_mul_pow_rsqrt_0.cubin	12144	6c9f214ae23aabcda3100cf5edbb3a7961e4eae91014efa47834fdc3d9d1bfb1	remainder
/tmp/torchinductor_root/triton/0/A42SYZIWLHBQJFCYOY6F4S6ZDNDDHNA54CLTA5LQI5WL53TVDK7A/triton_per_fused__to_copy_mean_mul_pow_rsqrt_0.json	1145	913b696ce1e5f6e925d145c10763cc933aac9891a88e28bcaa4efbf77e36c564	remainder
/tmp/torchinductor_root/triton/0/A42SYZIWLHBQJFCYOY6F4S6ZDNDDHNA54CLTA5LQI5WL53TVDK7A/triton_per_fused__to_copy_mean_mul_pow_rsqrt_0.llir	50444	6ab1f00481b281b563b86f06d44f240d7804b514715104a89ff3757d69f64ce5	remainder
/tmp/torchinductor_root/triton/0/A42SYZIWLHBQJFCYOY6F4S6ZDNDDHNA54CLTA5LQI5WL53TVDK7A/triton_per_fused__to_copy_mean_mul_pow_rsqrt_0.ptx	21314	7d26f31eb6e2dbae8023938111f5347dde06265e469f342125e5c68ee4abef35	remainder
/tmp/torchinductor_root/triton/0/A42SYZIWLHBQJFCYOY6F4S6ZDNDDHNA54CLTA5LQI5WL53TVDK7A/triton_per_fused__to_copy_mean_mul_pow_rsqrt_0.source	6571	dcd5bd1b1116450eeaa9dd2f40c2267d2b3743b404fb680a2a0c9a6cac8a1a27	remainder
/tmp/torchinductor_root/triton/0/A42SYZIWLHBQJFCYOY6F4S6ZDNDDHNA54CLTA5LQI5WL53TVDK7A/triton_per_fused__to_copy_mean_mul_pow_rsqrt_0.ttgir	5714	cda986aa0dce31927b6467f781ef84478b18c3799be06a3d9d9f62bbfffc082e	remainder
/tmp/torchinductor_root/triton/0/A42SYZIWLHBQJFCYOY6F4S6ZDNDDHNA54CLTA5LQI5WL53TVDK7A/triton_per_fused__to_copy_mean_mul_pow_rsqrt_0.ttir	4198	256757e4f447d2d28087adf8abe0d305dd23fc4b525edc76fdcb3269c4f987e1	remainder
/tmp/torchinductor_root/triton/0/B6K3HQUBWROTUHZCAWSY7UWB73HIFKCLAYYFAYO6G6N7UVUA4TTA/__grp__triton_per_fused__softmax_backward_data__to_copy_add_2.json	1507	a1f0f0a792d6bfb9ce8b1c8c75ff4ad9b0a9f74a74b825c7d4e7a1e6c65155a1	remainder
/tmp/torchinductor_root/triton/0/B6K3HQUBWROTUHZCAWSY7UWB73HIFKCLAYYFAYO6G6N7UVUA4TTA/triton_per_fused__softmax_backward_data__to_copy_add_2.cubin	15664	53755110034d91441fb6ac80d3c0450531e6b4403d5a3bb7f19d7b6fc7576253	remainder
/tmp/torchinductor_root/triton/0/B6K3HQUBWROTUHZCAWSY7UWB73HIFKCLAYYFAYO6G6N7UVUA4TTA/triton_per_fused__softmax_backward_data__to_copy_add_2.json	1151	9353bdd8d5a5294dd33af77f9e1378b786dda9e0faebeeb7cebd8e3d7c3ce480	remainder
/tmp/torchinductor_root/triton/0/B6K3HQUBWROTUHZCAWSY7UWB73HIFKCLAYYFAYO6G6N7UVUA4TTA/triton_per_fused__softmax_backward_data__to_copy_add_2.llir	97147	205b12845b0ba7a22e6f905c1cba0fc316b741bde62193d6d835b7db1b6e4cc2	remainder
/tmp/torchinductor_root/triton/0/B6K3HQUBWROTUHZCAWSY7UWB73HIFKCLAYYFAYO6G6N7UVUA4TTA/triton_per_fused__softmax_backward_data__to_copy_add_2.ptx	31540	a5199f416147dc824b0545b074a67f7bbf540c9022f5d6a9be803611c8b7c8e7	remainder
/tmp/torchinductor_root/triton/0/B6K3HQUBWROTUHZCAWSY7UWB73HIFKCLAYYFAYO6G6N7UVUA4TTA/triton_per_fused__softmax_backward_data__to_copy_add_2.source	7769	e175bd86480277e57173c3acbc07f350925fa096ecdd42c3908255121f4f9d89	remainder
/tmp/torchinductor_root/triton/0/B6K3HQUBWROTUHZCAWSY7UWB73HIFKCLAYYFAYO6G6N7UVUA4TTA/triton_per_fused__softmax_backward_data__to_copy_add_2.ttgir	4860	7dfbb6ffeca1c9dc1263b3f48828e17f7a272e0d48534107586a58e1c0ce8834	remainder
/tmp/torchinductor_root/triton/0/B6K3HQUBWROTUHZCAWSY7UWB73HIFKCLAYYFAYO6G6N7UVUA4TTA/triton_per_fused__softmax_backward_data__to_copy_add_2.ttir	3892	a4e0db68d4bf017cd6aff3bcaf02019c4d322a34307e5b753df16eceef3b57ed	remainder
/tmp/torchinductor_root/triton/0/BCBERTNKMK4U4IWQNOIWHKJML46PHIRRVDIS4HDH7N2VEIPBW6BQ/__grp__triton_poi_fused_copy__2.json	1087	a1808a3bb47bfc5b58a326fe380cf1e4c1d588867b02c45c45595965cbcf812f	remainder
/tmp/torchinductor_root/triton/0/BCBERTNKMK4U4IWQNOIWHKJML46PHIRRVDIS4HDH7N2VEIPBW6BQ/triton_poi_fused_copy__2.cubin	3112	6f8f4e2eee485b5c735a01a21918c1b99d56e8a12a634ac9dabb33260dd4d9b0	remainder
/tmp/torchinductor_root/triton/0/BCBERTNKMK4U4IWQNOIWHKJML46PHIRRVDIS4HDH7N2VEIPBW6BQ/triton_poi_fused_copy__2.json	1121	58899a95069efdb755f52183fcfb200a07438c7dfc8ac144b122f9edebf22261	remainder
/tmp/torchinductor_root/triton/0/BCBERTNKMK4U4IWQNOIWHKJML46PHIRRVDIS4HDH7N2VEIPBW6BQ/triton_poi_fused_copy__2.llir	2129	956e6772e25b6d14f03f663f1bff028835696510a54da81d265f034c8c2b4585	remainder
/tmp/torchinductor_root/triton/0/BCBERTNKMK4U4IWQNOIWHKJML46PHIRRVDIS4HDH7N2VEIPBW6BQ/triton_poi_fused_copy__2.ptx	1470	ade8248e066caaebe4205abdc2ce2b00272e3228d4e7566b8d6ebeaf958896a2	remainder
/tmp/torchinductor_root/triton/0/BCBERTNKMK4U4IWQNOIWHKJML46PHIRRVDIS4HDH7N2VEIPBW6BQ/triton_poi_fused_copy__2.source	1565	598f801d50ac8cdf5bf384a1f64867496694c5612452c36bde003f6bf49d5afa	remainder
/tmp/torchinductor_root/triton/0/BCBERTNKMK4U4IWQNOIWHKJML46PHIRRVDIS4HDH7N2VEIPBW6BQ/triton_poi_fused_copy__2.ttgir	1712	2a0b90ed9a6085bbca78c3c22dec4c0b515f1871a3d3c0bd19f906f44f9a7933	remainder
/tmp/torchinductor_root/triton/0/BCBERTNKMK4U4IWQNOIWHKJML46PHIRRVDIS4HDH7N2VEIPBW6BQ/triton_poi_fused_copy__2.ttir	1356	7256e38a5d8521d3fda17626158833ec2c83c861bc8f605516d69cceb47fc229	remainder
/tmp/torchinductor_root/triton/0/BNBPYGDU5QXEJMBGWTZU6PRFXOPZ4APC3JHC454DRWEYU2WEIELQ/__grp__triton_poi_fused_cat_neg_slice_0.json	1199	c84b7bd6bde471ce46dd6083d2874fda8723a4eff6e42ee7842d5d953f9bfef8	remainder
/tmp/torchinductor_root/triton/0/BNBPYGDU5QXEJMBGWTZU6PRFXOPZ4APC3JHC454DRWEYU2WEIELQ/triton_poi_fused_cat_neg_slice_0.cubin	13608	80126ec9e54bb7d3125382657346ade97cb71de98aacf024fabbdc838f27b520	remainder
/tmp/torchinductor_root/triton/0/BNBPYGDU5QXEJMBGWTZU6PRFXOPZ4APC3JHC454DRWEYU2WEIELQ/triton_poi_fused_cat_neg_slice_0.json	1129	494ebe2631e34bc2f68ca45ee92f096fd07272a5fec9eb8e053ed9394d547c55	remainder
/tmp/torchinductor_root/triton/0/BNBPYGDU5QXEJMBGWTZU6PRFXOPZ4APC3JHC454DRWEYU2WEIELQ/triton_poi_fused_cat_neg_slice_0.llir	5475	564b5263cd60f935742940286965762ecafada2f8ae8109584855fec76cc1284	remainder
/tmp/torchinductor_root/triton/0/BNBPYGDU5QXEJMBGWTZU6PRFXOPZ4APC3JHC454DRWEYU2WEIELQ/triton_poi_fused_cat_neg_slice_0.ptx	8344	5518651f37a9e3241a63de44d9b380c56082b0bbab65f1cd75245273b275b362	remainder
/tmp/torchinductor_root/triton/0/BNBPYGDU5QXEJMBGWTZU6PRFXOPZ4APC3JHC454DRWEYU2WEIELQ/triton_poi_fused_cat_neg_slice_0.source	7084	544152d8a3d428bdf9728e060ad91f73928954249b42a1dda973cdd8eb31b954	remainder
/tmp/torchinductor_root/triton/0/BNBPYGDU5QXEJMBGWTZU6PRFXOPZ4APC3JHC454DRWEYU2WEIELQ/triton_poi_fused_cat_neg_slice_0.ttgir	5420	06cd7a97c6799bb13630fe7e3624a5261a1c1c61ad3cb91b64818926acc1d91a	remainder
/tmp/torchinductor_root/triton/0/BNBPYGDU5QXEJMBGWTZU6PRFXOPZ4APC3JHC454DRWEYU2WEIELQ/triton_poi_fused_cat_neg_slice_0.ttir	4582	75d4714f9b38d11b301599a0d27c6da14e42942beb706564502e391e548634c8	remainder
/tmp/torchinductor_root/triton/0/CDJCG6YZCKIJRC6X44JXHDFROYLUKVZGJ4ZYZETTR3FI6UP76IAA/__grp__triton_per_fused__to_copy_add_div_expand_mul_pow_sum_0.json	1507	de99fbaa43a2158c20f9ee25d1d96aab0d1408b9ce38627c6d6d285b9c5a116e	remainder
/tmp/torchinductor_root/triton/0/CDJCG6YZCKIJRC6X44JXHDFROYLUKVZGJ4ZYZETTR3FI6UP76IAA/triton_per_fused__to_copy_add_div_expand_mul_pow_sum_0.cubin	16800	50780755c111f7c5e64a831dbf9eca3d74e80b0f0574652695c7cc20b763a865	remainder
/tmp/torchinductor_root/triton/0/CDJCG6YZCKIJRC6X44JXHDFROYLUKVZGJ4ZYZETTR3FI6UP76IAA/triton_per_fused__to_copy_add_div_expand_mul_pow_sum_0.json	1153	9e851d41c4824a3e25d74eb3ebf587aa15f1a97ec36855cb10926b1ed5e558d4	remainder
/tmp/torchinductor_root/triton/0/CDJCG6YZCKIJRC6X44JXHDFROYLUKVZGJ4ZYZETTR3FI6UP76IAA/triton_per_fused__to_copy_add_div_expand_mul_pow_sum_0.llir	81198	955bc9ba13a23951a5902a147a9a2aa18a641c50714152e1a8f169ee37582af5	remainder
/tmp/torchinductor_root/triton/0/CDJCG6YZCKIJRC6X44JXHDFROYLUKVZGJ4ZYZETTR3FI6UP76IAA/triton_per_fused__to_copy_add_div_expand_mul_pow_sum_0.ptx	48299	b9a8c3bd57cbbc29e71bbb756d4d9b6f9d8a38fe8a8e7d6da8475e9b6af404ed	remainder
/tmp/torchinductor_root/triton/0/CDJCG6YZCKIJRC6X44JXHDFROYLUKVZGJ4ZYZETTR3FI6UP76IAA/triton_per_fused__to_copy_add_div_expand_mul_pow_sum_0.source	8505	d0172f5407fa5b6e27975d5afdb4b33a5d7f29368f3bf7ccb38ac92e86f578f7	remainder
/tmp/torchinductor_root/triton/0/CDJCG6YZCKIJRC6X44JXHDFROYLUKVZGJ4ZYZETTR3FI6UP76IAA/triton_per_fused__to_copy_add_div_expand_mul_pow_sum_0.ttgir	6945	35f74e8e49042b6db996f28030775e1d4fc8aca2815cb86862d3b1b69869acb4	remainder
/tmp/torchinductor_root/triton/0/CDJCG6YZCKIJRC6X44JXHDFROYLUKVZGJ4ZYZETTR3FI6UP76IAA/triton_per_fused__to_copy_add_div_expand_mul_pow_sum_0.ttir	5257	8728640ebd9a7c8af9807943accdcbdcd4680eaa49bd9c6452aad01054aec558	remainder
/tmp/torchinductor_root/triton/0/E476YA7UHR7VZZ6A5SPWCXEBRXR2ZE3I3QWFRYKDF2D35DIWDMXQ/__grp__triton_poi_fused__to_copy_0.json	1129	e4290f045e1e5746a3ffc5bb7f6dbd243c5171feea359d279a6d81601466ca33	remainder
/tmp/torchinductor_root/triton/0/E476YA7UHR7VZZ6A5SPWCXEBRXR2ZE3I3QWFRYKDF2D35DIWDMXQ/triton_poi_fused__to_copy_0.cubin	3240	7920aa45d9631d062a11766ef2ddc4e736add6c9ec49c109b59a992ee495e75e	remainder
/tmp/torchinductor_root/triton/0/E476YA7UHR7VZZ6A5SPWCXEBRXR2ZE3I3QWFRYKDF2D35DIWDMXQ/triton_poi_fused__to_copy_0.json	1124	df70274babb0211fe9f464ab5727dee9d63841446cd7991a2b8c8cdf6ed69015	remainder
/tmp/torchinductor_root/triton/0/E476YA7UHR7VZZ6A5SPWCXEBRXR2ZE3I3QWFRYKDF2D35DIWDMXQ/triton_poi_fused__to_copy_0.llir	1782	f666a2e4b792eeeccd79b8595cd1aca13c64bba2326c5055359dfd6529f2f27f	remainder
/tmp/torchinductor_root/triton/0/E476YA7UHR7VZZ6A5SPWCXEBRXR2ZE3I3QWFRYKDF2D35DIWDMXQ/triton_poi_fused__to_copy_0.ptx	1463	89393822298db9d6af1cf9210cbb6912127643e281a28419dcf14cbb9b2cf81f	remainder
/tmp/torchinductor_root/triton/0/E476YA7UHR7VZZ6A5SPWCXEBRXR2ZE3I3QWFRYKDF2D35DIWDMXQ/triton_poi_fused__to_copy_0.source	1732	5cd11b6ad959ac0007cd7aa5edaf1c6239195b078bb385baf21a09646baea5ea	remainder
/tmp/torchinductor_root/triton/0/E476YA7UHR7VZZ6A5SPWCXEBRXR2ZE3I3QWFRYKDF2D35DIWDMXQ/triton_poi_fused__to_copy_0.ttgir	1999	d0b97eed990adf08dc7c5ab8f42c8a54de55aed99bd99cf662f4994bf6214ee3	remainder
/tmp/torchinductor_root/triton/0/E476YA7UHR7VZZ6A5SPWCXEBRXR2ZE3I3QWFRYKDF2D35DIWDMXQ/triton_poi_fused__to_copy_0.ttir	1583	20b61a2b7567710b41d26cd16383b97fb7de3f8f927b99ef7b639286ca26df9a	remainder
/tmp/torchinductor_root/triton/0/EKXZQBWKD6YE7Y3NTIVOINIPTTXJUS7K2TD37ZKMUACXOEOZLDYQ/__grp__triton_per_fused__to_copy_add_div_expand_mul_pow_sum_0.json	1507	4b0802348023b9e5f231291b593a6605e9b89014c1c770c97ae1361006818687	remainder
/tmp/torchinductor_root/triton/0/EKXZQBWKD6YE7Y3NTIVOINIPTTXJUS7K2TD37ZKMUACXOEOZLDYQ/triton_per_fused__to_copy_add_div_expand_mul_pow_sum_0.cubin	7072	8e93adaad9881df24e091f0ac3015feac7e11129985b131920df87068e4417a7	remainder
/tmp/torchinductor_root/triton/0/EKXZQBWKD6YE7Y3NTIVOINIPTTXJUS7K2TD37ZKMUACXOEOZLDYQ/triton_per_fused__to_copy_add_div_expand_mul_pow_sum_0.json	1153	31b66bf03c3029cbb29b03c7313d7de9769ab75870e30190fdb18bbbaadbae7f	remainder
/tmp/torchinductor_root/triton/0/EKXZQBWKD6YE7Y3NTIVOINIPTTXJUS7K2TD37ZKMUACXOEOZLDYQ/triton_per_fused__to_copy_add_div_expand_mul_pow_sum_0.llir	22908	99db8428e3eedf3098893a3037815fc2773cf1eee03517b6bb7a3ecfa7999c7b	remainder
/tmp/torchinductor_root/triton/0/EKXZQBWKD6YE7Y3NTIVOINIPTTXJUS7K2TD37ZKMUACXOEOZLDYQ/triton_per_fused__to_copy_add_div_expand_mul_pow_sum_0.ptx	14271	3a5f0d6e24d8dd9b6f8b669769a66db0a751eaaa3e15f565ce13510565e36e7a	remainder
/tmp/torchinductor_root/triton/0/EKXZQBWKD6YE7Y3NTIVOINIPTTXJUS7K2TD37ZKMUACXOEOZLDYQ/triton_per_fused__to_copy_add_div_expand_mul_pow_sum_0.source	8403	6c6615a3b80a2a450b68fe8befca3dff8ee6e1a92129c6a739ac578c54c5b991	remainder
/tmp/torchinductor_root/triton/0/EKXZQBWKD6YE7Y3NTIVOINIPTTXJUS7K2TD37ZKMUACXOEOZLDYQ/triton_per_fused__to_copy_add_div_expand_mul_pow_sum_0.ttgir	6877	a0a6ba5ec50e0d049981821ec24ced2f40a9a935eaab8ccfa33ca0ce95f96fdd	remainder
/tmp/torchinductor_root/triton/0/EKXZQBWKD6YE7Y3NTIVOINIPTTXJUS7K2TD37ZKMUACXOEOZLDYQ/triton_per_fused__to_copy_add_div_expand_mul_pow_sum_0.ttir	5189	9c3ae112ee73ee218b708465cce3c1133c41f2db82c527a34dfc5701e53b521e	remainder
/tmp/torchinductor_root/triton/0/EU3J7I2T47NHVPR2ZMO6CXNF6Q5YL3Y7UNYQ2PMHUPQCT67NLR7A/__grp__triton_poi_fused_add_neg_slice_slice_backward_0.json	1409	00f267cfc6eca44125dadfecf3ba5888bdad72110085f1a3dde9fe608aae952b	remainder
/tmp/torchinductor_root/triton/0/EU3J7I2T47NHVPR2ZMO6CXNF6Q5YL3Y7UNYQ2PMHUPQCT67NLR7A/triton_poi_fused_add_neg_slice_slice_backward_0.cubin	11176	d501f487f7bc86f7040511c9f00bb622f604c9b7025154546ab2c6ad00b0edd6	remainder
/tmp/torchinductor_root/triton/0/EU3J7I2T47NHVPR2ZMO6CXNF6Q5YL3Y7UNYQ2PMHUPQCT67NLR7A/triton_poi_fused_add_neg_slice_slice_backward_0.json	1144	b72ecbfc23d54b94c5975d1fe86db606a9246cec1a666b52d04f8b4c63901b7d	remainder
/tmp/torchinductor_root/triton/0/EU3J7I2T47NHVPR2ZMO6CXNF6Q5YL3Y7UNYQ2PMHUPQCT67NLR7A/triton_poi_fused_add_neg_slice_slice_backward_0.llir	15766	733ac26a362e923498d14313e77c921ec5015ae35cd29a025f9c9a66d290acf2	remainder
/tmp/torchinductor_root/triton/0/EU3J7I2T47NHVPR2ZMO6CXNF6Q5YL3Y7UNYQ2PMHUPQCT67NLR7A/triton_poi_fused_add_neg_slice_slice_backward_0.ptx	12151	1b3e92442e07168e34f8afeb12fa86de8c0ece697ebe9ddb09e2460b5e7112ae	remainder
/tmp/torchinductor_root/triton/0/EU3J7I2T47NHVPR2ZMO6CXNF6Q5YL3Y7UNYQ2PMHUPQCT67NLR7A/triton_poi_fused_add_neg_slice_slice_backward_0.source	5084	44a5bd756b96859b3823b25fec79961420c0db5570378c69392bf85756bea4ba	remainder
/tmp/torchinductor_root/triton/0/EU3J7I2T47NHVPR2ZMO6CXNF6Q5YL3Y7UNYQ2PMHUPQCT67NLR7A/triton_poi_fused_add_neg_slice_slice_backward_0.ttgir	3866	9dec7cb523772a05576fd1053fae622f1a049fb486bef69502d58bd4ab4bd209	remainder
/tmp/torchinductor_root/triton/0/EU3J7I2T47NHVPR2ZMO6CXNF6Q5YL3Y7UNYQ2PMHUPQCT67NLR7A/triton_poi_fused_add_neg_slice_slice_backward_0.ttir	3212	4ce294c860948650610b2b5213b168921944d13b577ceb3f1b86c8bfd3b0293f	remainder
/tmp/torchinductor_root/triton/0/EWBIISCKPRVS3NK56WBGBEX45VGGAW4FH2355CZJDCNQVT5CWY5Q/__grp__triton_per_fused__to_copy_mean_mul_pow_rsqrt_0.json	1395	343213ba489aa78dac0ec44c0206a45d2632cd7139221b5af90054071a55897e	remainder
/tmp/torchinductor_root/triton/0/EWBIISCKPRVS3NK56WBGBEX45VGGAW4FH2355CZJDCNQVT5CWY5Q/triton_per_fused__to_copy_mean_mul_pow_rsqrt_0.cubin	4720	fe80202d227d1d823fe7dc3be614dd44b01f3ac2f9ffc554670343bfe0ad42f2	remainder
/tmp/torchinductor_root/triton/0/EWBIISCKPRVS3NK56WBGBEX45VGGAW4FH2355CZJDCNQVT5CWY5Q/triton_per_fused__to_copy_mean_mul_pow_rsqrt_0.json	1143	16954959753b702bec7d8614276ff2dc1c3b78a93e1e5ac9bd46cdb8c828b5b2	remainder
/tmp/torchinductor_root/triton/0/EWBIISCKPRVS3NK56WBGBEX45VGGAW4FH2355CZJDCNQVT5CWY5Q/triton_per_fused__to_copy_mean_mul_pow_rsqrt_0.llir	7354	f2e709405f7c3b40377c37d34436de82bcc2924c977fe8170254cfe4a3ecb393	remainder
/tmp/torchinductor_root/triton/0/EWBIISCKPRVS3NK56WBGBEX45VGGAW4FH2355CZJDCNQVT5CWY5Q/triton_per_fused__to_copy_mean_mul_pow_rsqrt_0.ptx	4197	d3d19fd8ef719a65bc42188d110c070ee951aa152158f139077bc8afab030250	remainder
/tmp/torchinductor_root/triton/0/EWBIISCKPRVS3NK56WBGBEX45VGGAW4FH2355CZJDCNQVT5CWY5Q/triton_per_fused__to_copy_mean_mul_pow_rsqrt_0.source	6263	0053c74643d43b4efc0d7f628687617f8aecb55347192e31fe3d9a535b389d87	remainder
/tmp/torchinductor_root/triton/0/EWBIISCKPRVS3NK56WBGBEX45VGGAW4FH2355CZJDCNQVT5CWY5Q/triton_per_fused__to_copy_mean_mul_pow_rsqrt_0.ttgir	4270	da8503d33f0d19416b672c22d823e881c17d81a16e4be7b4de97f106da7e3177	remainder
/tmp/torchinductor_root/triton/0/EWBIISCKPRVS3NK56WBGBEX45VGGAW4FH2355CZJDCNQVT5CWY5Q/triton_per_fused__to_copy_mean_mul_pow_rsqrt_0.ttir	3474	c45471b47b7a57fc5e8ca97e8e822be75e67fdd4f60241b1bd39ade7bdb5fd74	remainder
/tmp/torchinductor_root/triton/0/FF4HK5TLC5D7H5WFWNB7T3ZSISTBT4PETB2WTK3IPIKH2YKJHSUQ/__grp__triton_poi_fused__to_copy_cat_cos_sin_transpose_1.json	1437	b2de16f49a94b683547407c78a813da3195d3e22bcad8fc205c61e30eed1d6df	remainder
/tmp/torchinductor_root/triton/0/FF4HK5TLC5D7H5WFWNB7T3ZSISTBT4PETB2WTK3IPIKH2YKJHSUQ/triton_poi_fused__to_copy_cat_cos_sin_transpose_1.cubin	7048	f736889a566e980a981d4077a4238cdde53c0e3e8c25e93817d9ef21a38cf40c	remainder
/tmp/torchinductor_root/triton/0/FF4HK5TLC5D7H5WFWNB7T3ZSISTBT4PETB2WTK3IPIKH2YKJHSUQ/triton_poi_fused__to_copy_cat_cos_sin_transpose_1.json	1146	3cfa029e44eb5ec20e20997c1228db0f840232a742273b4c572b6b0cc2767539	remainder
/tmp/torchinductor_root/triton/0/FF4HK5TLC5D7H5WFWNB7T3ZSISTBT4PETB2WTK3IPIKH2YKJHSUQ/triton_poi_fused__to_copy_cat_cos_sin_transpose_1.llir	25608	b9d16d07daebb9e0735bab214c23383db915b48481039378004cb4fb89b87457	remainder
/tmp/torchinductor_root/triton/0/FF4HK5TLC5D7H5WFWNB7T3ZSISTBT4PETB2WTK3IPIKH2YKJHSUQ/triton_poi_fused__to_copy_cat_cos_sin_transpose_1.ptx	10083	5ca6aae566638a21499ce8453415d251771af72a6bb891c7c6ba2ec8dfbb5912	remainder
/tmp/torchinductor_root/triton/0/FF4HK5TLC5D7H5WFWNB7T3ZSISTBT4PETB2WTK3IPIKH2YKJHSUQ/triton_poi_fused__to_copy_cat_cos_sin_transpose_1.source	3314	db75deacfe5e691cc5645a32d823a72b0f1f0005f6bad132c9f55c5130ce307f	remainder
/tmp/torchinductor_root/triton/0/FF4HK5TLC5D7H5WFWNB7T3ZSISTBT4PETB2WTK3IPIKH2YKJHSUQ/triton_poi_fused__to_copy_cat_cos_sin_transpose_1.ttgir	3206	a2015e97feb26b73acc96488e00eeb3c78785dd7fd27ccf3455872f34150f73e	remainder
/tmp/torchinductor_root/triton/0/FF4HK5TLC5D7H5WFWNB7T3ZSISTBT4PETB2WTK3IPIKH2YKJHSUQ/triton_poi_fused__to_copy_cat_cos_sin_transpose_1.ttir	2650	2fb204e3b526a3a6dd3b78a8255e8a8d948af6ecbcd88a01a9bcd33aa2e1a40c	remainder
/tmp/torchinductor_root/triton/0/FIV7BL3FCEJTLTEUJ6MRK5YKAXJED5IRA6TKYZEUOWZRDROBOF2A/__grp__triton_red_fused_add_div_expand_mul_neg_scatter_sum_zeros_1.json	1577	faf8bdc3eebaf490fc9aa2bec69428c42b113473e1b9bc9d23c2a7dff08e67b3	remainder
/tmp/torchinductor_root/triton/0/FIV7BL3FCEJTLTEUJ6MRK5YKAXJED5IRA6TKYZEUOWZRDROBOF2A/triton_red_fused_add_div_expand_mul_neg_scatter_sum_zeros_1.cubin	9432	a78423d795db037a4b8cba370190520782debb617a3e053e457a1b7ce6130858	remainder
/tmp/torchinductor_root/triton/0/FIV7BL3FCEJTLTEUJ6MRK5YKAXJED5IRA6TKYZEUOWZRDROBOF2A/triton_red_fused_add_div_expand_mul_neg_scatter_sum_zeros_1.json	1156	bd46e21b49445a1cba25fedcd37620252b2f58ffb16f4aba5fe100d6e22855bd	remainder
/tmp/torchinductor_root/triton/0/FIV7BL3FCEJTLTEUJ6MRK5YKAXJED5IRA6TKYZEUOWZRDROBOF2A/triton_red_fused_add_div_expand_mul_neg_scatter_sum_zeros_1.llir	10115	d3b7d04a3d4f92ae915c0a4542ce8d3a1d6cc8b6ff7cc017a43771cd3ca5ed3d	remainder
/tmp/torchinductor_root/triton/0/FIV7BL3FCEJTLTEUJ6MRK5YKAXJED5IRA6TKYZEUOWZRDROBOF2A/triton_red_fused_add_div_expand_mul_neg_scatter_sum_zeros_1.ptx	9261	63ae775a542b54e905806bc82a2cc4daf156d0b3cafc411e847098dcc3ecff07	remainder
/tmp/torchinductor_root/triton/0/FIV7BL3FCEJTLTEUJ6MRK5YKAXJED5IRA6TKYZEUOWZRDROBOF2A/triton_red_fused_add_div_expand_mul_neg_scatter_sum_zeros_1.source	14895	30d3daab7dc0ccdf5c399d4b8381c3f1afcbf1a9314d79c31e9e673c5239cc19	remainder
/tmp/torchinductor_root/triton/0/FIV7BL3FCEJTLTEUJ6MRK5YKAXJED5IRA6TKYZEUOWZRDROBOF2A/triton_red_fused_add_div_expand_mul_neg_scatter_sum_zeros_1.ttgir	11368	85b8bd5e4a7f2b575f9f636a09d62ea5afa0e39a4b49d71c1dbed6f9452f1705	remainder
/tmp/torchinductor_root/triton/0/FIV7BL3FCEJTLTEUJ6MRK5YKAXJED5IRA6TKYZEUOWZRDROBOF2A/triton_red_fused_add_div_expand_mul_neg_scatter_sum_zeros_1.ttir	7945	052d2333ecf1ad47f3b9870705483cb9f9ce5be7bcd6d274538c4a2feeb7e702	remainder
/tmp/torchinductor_root/triton/0/FQTA7BPHGIIGPZPHRQWYCA77XXK5BIEZXKWDBJXGWOTT25WF7Q3A/__grp__triton_per_fused__to_copy_mean_mul_pow_rsqrt_0.json	1395	a11d8ffd69ad1c0958d9b48ff4177878df1c3814c7f5cf0092d0c433d4a4685c	remainder
/tmp/torchinductor_root/triton/0/FQTA7BPHGIIGPZPHRQWYCA77XXK5BIEZXKWDBJXGWOTT25WF7Q3A/triton_per_fused__to_copy_mean_mul_pow_rsqrt_0.cubin	6512	53e4fc547a07e526f1e6090a3da8ce420b0e2b02c84791d834f199ceb20f4809	remainder
/tmp/torchinductor_root/triton/0/FQTA7BPHGIIGPZPHRQWYCA77XXK5BIEZXKWDBJXGWOTT25WF7Q3A/triton_per_fused__to_copy_mean_mul_pow_rsqrt_0.json	1145	1fc5413bc65475615d1107331a5afa3fa6810c89c4180085c5693ad3837da909	remainder
/tmp/torchinductor_root/triton/0/FQTA7BPHGIIGPZPHRQWYCA77XXK5BIEZXKWDBJXGWOTT25WF7Q3A/triton_per_fused__to_copy_mean_mul_pow_rsqrt_0.llir	18002	762fae3dd63b5a0626d5f72be97bdd33f8974983658fc3be2df26dde0e8bcd09	remainder
/tmp/torchinductor_root/triton/0/FQTA7BPHGIIGPZPHRQWYCA77XXK5BIEZXKWDBJXGWOTT25WF7Q3A/triton_per_fused__to_copy_mean_mul_pow_rsqrt_0.ptx	8309	9dcde2c8f343985496027e426dfa5498ea77e4734942996438421bf3c67ad3fe	remainder
/tmp/torchinductor_root/triton/0/FQTA7BPHGIIGPZPHRQWYCA77XXK5BIEZXKWDBJXGWOTT25WF7Q3A/triton_per_fused__to_copy_mean_mul_pow_rsqrt_0.source	6857	2407df6559862f41476446a0b9ffb276423e9d701fd39cbb083c19427f3d078d	remainder
/tmp/torchinductor_root/triton/0/FQTA7BPHGIIGPZPHRQWYCA77XXK5BIEZXKWDBJXGWOTT25WF7Q3A/triton_per_fused__to_copy_mean_mul_pow_rsqrt_0.ttgir	7546	8200096d10b602063481d9e1f120a612dcb9d44ba3dca76d57da6737a09a493a	remainder
/tmp/torchinductor_root/triton/0/FQTA7BPHGIIGPZPHRQWYCA77XXK5BIEZXKWDBJXGWOTT25WF7Q3A/triton_per_fused__to_copy_mean_mul_pow_rsqrt_0.ttir	4506	ee2e114a61198801213d10191719fa8ef5ac8354e930c5d920a73e28b0ee57f7	remainder
/tmp/torchinductor_root/triton/0/G2RIQBU6SQVZUX4Z2YUGWJYO7ACYOCKBOIZAXLPFIP4L3XA3AVFA/__grp__triton_poi_fused__to_copy_bmm_cat_cos_sin_transpose_1.json	1493	0dc447930f0c31d705bbde8218b651d74ca58bb14b128f14903dc5873d21a811	remainder
/tmp/torchinductor_root/triton/0/G2RIQBU6SQVZUX4Z2YUGWJYO7ACYOCKBOIZAXLPFIP4L3XA3AVFA/triton_poi_fused__to_copy_bmm_cat_cos_sin_transpose_1.cubin	50000	264c8c13e1440ed154b1e5ebce4328057e8987215fa595124406e10ac6558f4c	remainder
/tmp/torchinductor_root/triton/0/G2RIQBU6SQVZUX4Z2YUGWJYO7ACYOCKBOIZAXLPFIP4L3XA3AVFA/triton_poi_fused__to_copy_bmm_cat_cos_sin_transpose_1.json	1153	1af206e5fe56f462203f4bc1206778db7a5cab44f67700eb363a000b35dcc284	remainder
/tmp/torchinductor_root/triton/0/G2RIQBU6SQVZUX4Z2YUGWJYO7ACYOCKBOIZAXLPFIP4L3XA3AVFA/triton_poi_fused__to_copy_bmm_cat_cos_sin_transpose_1.llir	377309	87e2c778acc6544561c5f5aeec501ebbefe84379a4a42a9cd77855999743cbeb	remainder
/tmp/torchinductor_root/triton/0/G2RIQBU6SQVZUX4Z2YUGWJYO7ACYOCKBOIZAXLPFIP4L3XA3AVFA/triton_poi_fused__to_copy_bmm_cat_cos_sin_transpose_1.ptx	136924	4dea4b29211d7a23ec4564bb61cfe10e7969879a22806d918a19183626cd122f	remainder
/tmp/torchinductor_root/triton/0/G2RIQBU6SQVZUX4Z2YUGWJYO7ACYOCKBOIZAXLPFIP4L3XA3AVFA/triton_poi_fused__to_copy_bmm_cat_cos_sin_transpose_1.source	5701	a66eb6af44f70d4f02e0491aa98c4621d237de5bdf44080c2c533e1a20ba92fd	remainder
/tmp/torchinductor_root/triton/0/G2RIQBU6SQVZUX4Z2YUGWJYO7ACYOCKBOIZAXLPFIP4L3XA3AVFA/triton_poi_fused__to_copy_bmm_cat_cos_sin_transpose_1.ttgir	7076	0f6d21c8734e52d00076e6c58ed4e22a9b0e5442ff35070df96dbf1d6900a1b0	remainder
/tmp/torchinductor_root/triton/0/G2RIQBU6SQVZUX4Z2YUGWJYO7ACYOCKBOIZAXLPFIP4L3XA3AVFA/triton_poi_fused__to_copy_bmm_cat_cos_sin_transpose_1.ttir	4269	43db092881d6932ca8cbd13507a16c92cb0cf3db7a747b8d2215516845fb999d	remainder
/tmp/torchinductor_root/triton/0/G3FWG3PGID45TRJSFN4FRMMSMZCSOXXPCLBEIJ6DT5W6F6XYLG5Q/__grp__triton_poi_fused__to_copy_unsqueeze_0.json	1269	20a7314d861f6b9a17f428e059bec014dcc357575990c3a40aa24b1c3f582c5b	remainder
/tmp/torchinductor_root/triton/0/G3FWG3PGID45TRJSFN4FRMMSMZCSOXXPCLBEIJ6DT5W6F6XYLG5Q/triton_poi_fused__to_copy_unsqueeze_0.cubin	3368	b1cf676cf571d4b78b162709e67a86497d2ca1094c682de40acc1584ac3715bb	remainder
/tmp/torchinductor_root/triton/0/G3FWG3PGID45TRJSFN4FRMMSMZCSOXXPCLBEIJ6DT5W6F6XYLG5Q/triton_poi_fused__to_copy_unsqueeze_0.json	1134	88c66ee10d087576d60420844792d6a8d41e18113197811adfb161f474057056	remainder
/tmp/torchinductor_root/triton/0/G3FWG3PGID45TRJSFN4FRMMSMZCSOXXPCLBEIJ6DT5W6F6XYLG5Q/triton_poi_fused__to_copy_unsqueeze_0.llir	2372	85a6ae0e799798bb0c586089b5f0d5e180fca5fc14efa10d1403f09235c3ff15	remainder
/tmp/torchinductor_root/triton/0/G3FWG3PGID45TRJSFN4FRMMSMZCSOXXPCLBEIJ6DT5W6F6XYLG5Q/triton_poi_fused__to_copy_unsqueeze_0.ptx	1859	fab00a85d6fce5cde29943032986df7ac65fdbbe1004f7f2e97e3a802b7d1bec	remainder
/tmp/torchinductor_root/triton/0/G3FWG3PGID45TRJSFN4FRMMSMZCSOXXPCLBEIJ6DT5W6F6XYLG5Q/triton_poi_fused__to_copy_unsqueeze_0.source	1442	c06e19e862661c2bdd3e8165b40d234bb3fa7b4c53520df1ef8da8d7f26b39ce	remainder
/tmp/torchinductor_root/triton/0/G3FWG3PGID45TRJSFN4FRMMSMZCSOXXPCLBEIJ6DT5W6F6XYLG5Q/triton_poi_fused__to_copy_unsqueeze_0.ttgir	1763	a9174224bacbe03550120f8f57dec72696d3eaad6824a6858d65c3d667e4ebc0	remainder
/tmp/torchinductor_root/triton/0/G3FWG3PGID45TRJSFN4FRMMSMZCSOXXPCLBEIJ6DT5W6F6XYLG5Q/triton_poi_fused__to_copy_unsqueeze_0.ttir	1387	9779c8fe325a02afe579c5b11051638b09d7967fed0c302c98e842cdecb6900f	remainder
/tmp/torchinductor_root/triton/0/GEIT6UIV7DLAKDMB2O5FFTH73BU4BAG35UF2TUQ57G7W2OEN3YWA/__grp__triton_poi_fused__to_copy_cat_cos_sin_transpose_1.json	1437	e618948ad4c43aa48d15a11490e42afa2c1c5a6b2392510ff518b80ba25b1c07	remainder
/tmp/torchinductor_root/triton/0/GEIT6UIV7DLAKDMB2O5FFTH73BU4BAG35UF2TUQ57G7W2OEN3YWA/triton_poi_fused__to_copy_cat_cos_sin_transpose_1.cubin	29520	1afe886f23136fb507a52bd749b85d04527334d67946867daa1dc797bef2c8c4	remainder
/tmp/torchinductor_root/triton/0/GEIT6UIV7DLAKDMB2O5FFTH73BU4BAG35UF2TUQ57G7W2OEN3YWA/triton_poi_fused__to_copy_cat_cos_sin_transpose_1.json	1149	365940bf46323f7ab4b1ccc9b080032715f4745560d35bf00c2c7cd438315952	remainder
/tmp/torchinductor_root/triton/0/GEIT6UIV7DLAKDMB2O5FFTH73BU4BAG35UF2TUQ57G7W2OEN3YWA/triton_poi_fused__to_copy_cat_cos_sin_transpose_1.llir	187215	6ea9b0759f8a67c49bcde4f48f76caa390594217fc6e29c3e79b7c9729959ec0	remainder
/tmp/torchinductor_root/triton/0/GEIT6UIV7DLAKDMB2O5FFTH73BU4BAG35UF2TUQ57G7W2OEN3YWA/triton_poi_fused__to_copy_cat_cos_sin_transpose_1.ptx	68998	9f8ebccdf7597e7b3194fa4da7499e4fe395ff35add8cb8373fc05dc9d15d5b0	remainder
/tmp/torchinductor_root/triton/0/GEIT6UIV7DLAKDMB2O5FFTH73BU4BAG35UF2TUQ57G7W2OEN3YWA/triton_poi_fused__to_copy_cat_cos_sin_transpose_1.source	6407	ccbed80ed78d51cdab5f6e47da3f87cec18a3681ecfbf2354d89a2bff4387f75	remainder
/tmp/torchinductor_root/triton/0/GEIT6UIV7DLAKDMB2O5FFTH73BU4BAG35UF2TUQ57G7W2OEN3YWA/triton_poi_fused__to_copy_cat_cos_sin_transpose_1.ttgir	7741	fa25f3459909f1caa3e64a92526d7a8fbe157167e65d3ab7057fb95384357d79	remainder
/tmp/torchinductor_root/triton/0/GEIT6UIV7DLAKDMB2O5FFTH73BU4BAG35UF2TUQ57G7W2OEN3YWA/triton_poi_fused__to_copy_cat_cos_sin_transpose_1.ttir	4932	1b1fc25f869f1cf2fdfa32e8505a2ed36966ebcef8928b27a1dcd18c0377a8da	remainder
/tmp/torchinductor_root/triton/0/HJG3RPAEO7IASXD6DGHTRRMU3LCRCKFDXRNDJQDBHOSM5DCSDVTQ/__grp__triton_red_fused__to_copy_mean_mul_pow_rsqrt_0.json	1395	4bf8296c8d82ec8f91c0d1d78ffba01a471a6c6cc7f81a3f9e92eb838dfd3878	remainder
/tmp/torchinductor_root/triton/0/HJG3RPAEO7IASXD6DGHTRRMU3LCRCKFDXRNDJQDBHOSM5DCSDVTQ/triton_red_fused__to_copy_mean_mul_pow_rsqrt_0.cubin	6256	f49fbdd0906e2f5995e441b2e2ebca35a2fe615a6e5c37ed1b5ce7a1d4c6eb02	remainder
/tmp/torchinductor_root/triton/0/HJG3RPAEO7IASXD6DGHTRRMU3LCRCKFDXRNDJQDBHOSM5DCSDVTQ/triton_red_fused__to_copy_mean_mul_pow_rsqrt_0.json	1147	28892f90e5e53e5cba15c65b9ee89e3527081dd18ac8630a9d0937a9841ede75	remainder
/tmp/torchinductor_root/triton/0/HJG3RPAEO7IASXD6DGHTRRMU3LCRCKFDXRNDJQDBHOSM5DCSDVTQ/triton_red_fused__to_copy_mean_mul_pow_rsqrt_0.llir	14300	ba145f50f92692f2ae92666907f94b88ea5b153c7d23402c372161f806a16e39	remainder
/tmp/torchinductor_root/triton/0/HJG3RPAEO7IASXD6DGHTRRMU3LCRCKFDXRNDJQDBHOSM5DCSDVTQ/triton_red_fused__to_copy_mean_mul_pow_rsqrt_0.ptx	7887	2098de8093cdb9daef3c6f3cb99f704a6ba98beadc315db85ba2de55d78f6836	remainder
/tmp/torchinductor_root/triton/0/HJG3RPAEO7IASXD6DGHTRRMU3LCRCKFDXRNDJQDBHOSM5DCSDVTQ/triton_red_fused__to_copy_mean_mul_pow_rsqrt_0.source	10206	077e039bd6ffbf1ab264f487bb226bafc413e720da60c701fb58f34e9e7a7841	remainder
/tmp/torchinductor_root/triton/0/HJG3RPAEO7IASXD6DGHTRRMU3LCRCKFDXRNDJQDBHOSM5DCSDVTQ/triton_red_fused__to_copy_mean_mul_pow_rsqrt_0.ttgir	8514	df3934bdf41f6179de6ece9ee23675752f4288b38797bcfc8e861bd9bb555481	remainder
/tmp/torchinductor_root/triton/0/HJG3RPAEO7IASXD6DGHTRRMU3LCRCKFDXRNDJQDBHOSM5DCSDVTQ/triton_red_fused__to_copy_mean_mul_pow_rsqrt_0.ttir	5191	6877a2ceec59193e06bff9e02ccbfc67cc958257e5b22b9185ad00772b538e87	remainder
/tmp/torchinductor_root/triton/0/HU377QXMLR4C7HDTHUNSQB4KN2D4QEQGWY3S6F6F7RPJMKAZVOZQ/__grp__triton_red_fused_div_sum_1.json	1115	0941731367b024dd8e092cef79eefe7e8d06b1a9b6a04863eb8d52016df6c172	remainder
/tmp/torchinductor_root/triton/0/HU377QXMLR4C7HDTHUNSQB4KN2D4QEQGWY3S6F6F7RPJMKAZVOZQ/triton_red_fused_div_sum_1.cubin	9248	a6fbe2c18051b4689519c236b07308e6e2b76a17679bce303a869b14e87e80d6	remainder
/tmp/torchinductor_root/triton/0/HU377QXMLR4C7HDTHUNSQB4KN2D4QEQGWY3S6F6F7RPJMKAZVOZQ/triton_red_fused_div_sum_1.json	1124	dbbd48cd9f374476e1e4d6fb7b0e17692a8dedee90cff24b72e5e19c4dc048e2	remainder
/tmp/torchinductor_root/triton/0/HU377QXMLR4C7HDTHUNSQB4KN2D4QEQGWY3S6F6F7RPJMKAZVOZQ/triton_red_fused_div_sum_1.llir	7167	54f964e974aac5e416e63371c4fe13e3be825872abadfe0c49e8d5d8ab6b79ae	remainder
/tmp/torchinductor_root/triton/0/HU377QXMLR4C7HDTHUNSQB4KN2D4QEQGWY3S6F6F7RPJMKAZVOZQ/triton_red_fused_div_sum_1.ptx	5415	41a235af32dc79d67601d9450736f96300583e51c19e7bfe39fa9843b8020012	remainder
/tmp/torchinductor_root/triton/0/HU377QXMLR4C7HDTHUNSQB4KN2D4QEQGWY3S6F6F7RPJMKAZVOZQ/triton_red_fused_div_sum_1.source	12112	ecef1ecd2ff61ce265f12362a5e68ff799affa0e5aeb39aab334eeccb74aec4a	remainder
/tmp/torchinductor_root/triton/0/HU377QXMLR4C7HDTHUNSQB4KN2D4QEQGWY3S6F6F7RPJMKAZVOZQ/triton_red_fused_div_sum_1.ttgir	7615	09e5d575e24c3a753da2d5bf2b8257f04f51104c73b3696d6a869e806108e3c5	remainder
/tmp/torchinductor_root/triton/0/HU377QXMLR4C7HDTHUNSQB4KN2D4QEQGWY3S6F6F7RPJMKAZVOZQ/triton_red_fused_div_sum_1.ttir	6218	c00777a5b739dafae8f83fe3ff9a334c161260d9b2922d9b149c70d3ac6bbbea	remainder
/tmp/torchinductor_root/triton/0/JQT3XMNTX7JCMV2PUSVE6PQB64CRHYCJU56ORZCVTFB63LYR3I4A/__grp__triton_per_fused__softmax__to_copy_exp_prepare_softmax_online_sub_0.json	1689	6806c964b94966a1c20f7b595a88869f3253af02c9f28c3351eb0b7404c66ff4	remainder
/tmp/torchinductor_root/triton/0/JQT3XMNTX7JCMV2PUSVE6PQB64CRHYCJU56ORZCVTFB63LYR3I4A/triton_per_fused__softmax__to_copy_exp_prepare_softmax_online_sub_0.cubin	5872	13a23c7620d984b38943bd32ff1b23647cd537f47155005597dc929475d50dda	remainder
/tmp/torchinductor_root/triton/0/JQT3XMNTX7JCMV2PUSVE6PQB64CRHYCJU56ORZCVTFB63LYR3I4A/triton_per_fused__softmax__to_copy_exp_prepare_softmax_online_sub_0.json	1164	86d94eaef29a0a85d1bb4238780ac6ce7c161a248bef24456c3b369875e82a6b	remainder
/tmp/torchinductor_root/triton/0/JQT3XMNTX7JCMV2PUSVE6PQB64CRHYCJU56ORZCVTFB63LYR3I4A/triton_per_fused__softmax__to_copy_exp_prepare_softmax_online_sub_0.llir	13906	23c7040892f9546350742f69c331c175d9b0c2513a924c15fd4e574e6e883626	remainder
/tmp/torchinductor_root/triton/0/JQT3XMNTX7JCMV2PUSVE6PQB64CRHYCJU56ORZCVTFB63LYR3I4A/triton_per_fused__softmax__to_copy_exp_prepare_softmax_online_sub_0.ptx	5963	8d65dfc9aebb1388907896a645c752f0af62597fbac5292750b54ddfdb98afb9	remainder
/tmp/torchinductor_root/triton/0/JQT3XMNTX7JCMV2PUSVE6PQB64CRHYCJU56ORZCVTFB63LYR3I4A/triton_per_fused__softmax__to_copy_exp_prepare_softmax_online_sub_0.source	9197	44cc8826c1e9963dcae5c49bb1c664db68347ee329739a393d7f53c5c3dffaa5	remainder
/tmp/torchinductor_root/triton/0/JQT3XMNTX7JCMV2PUSVE6PQB64CRHYCJU56ORZCVTFB63LYR3I4A/triton_per_fused__softmax__to_copy_exp_prepare_softmax_online_sub_0.ttgir	4172	d4e0cb4414faea062971efaad96349a727739b632662c65074d7feaa660d5cc1	remainder
/tmp/torchinductor_root/triton/0/JQT3XMNTX7JCMV2PUSVE6PQB64CRHYCJU56ORZCVTFB63LYR3I4A/triton_per_fused__softmax__to_copy_exp_prepare_softmax_online_sub_0.ttir	3352	6d4f6db203b733e9bdac045c65d0d3a4477ae04d1efcb1763dd6e9dfd71a8095	remainder
/tmp/torchinductor_root/triton/0/K5GDUC7O7DKTCDSLILWC53XJBUALRWV5S2YYYB3SETKGFSOHZF2Q/__grp__triton_red_fused_div_sum_1.json	1115	3b9c9dcbe230a9150e36c97c48a5f75fbc26d70c2e8217491db56f3a2d32a78e	remainder
/tmp/torchinductor_root/triton/0/K5GDUC7O7DKTCDSLILWC53XJBUALRWV5S2YYYB3SETKGFSOHZF2Q/triton_red_fused_div_sum_1.cubin	10664	dd26265ff8b730ea564f184d78c55a58270687d89f46d3c2113b0882703f7b17	remainder
/tmp/torchinductor_root/triton/0/K5GDUC7O7DKTCDSLILWC53XJBUALRWV5S2YYYB3SETKGFSOHZF2Q/triton_red_fused_div_sum_1.json	1123	0a4be1e95639ff3339f5f235899759cbd417222aaa34dafc64efc702932bfeca	remainder
/tmp/torchinductor_root/triton/0/K5GDUC7O7DKTCDSLILWC53XJBUALRWV5S2YYYB3SETKGFSOHZF2Q/triton_red_fused_div_sum_1.llir	11295	20f49fcfe21d3509c230e268942eec871cc6bdb6e790eca2af37bc94a7f001e2	remainder
/tmp/torchinductor_root/triton/0/K5GDUC7O7DKTCDSLILWC53XJBUALRWV5S2YYYB3SETKGFSOHZF2Q/triton_red_fused_div_sum_1.ptx	7311	74715e7a21bfea743854eb246c47545b5799fe111e203a5459fb867fec229e53	remainder
/tmp/torchinductor_root/triton/0/K5GDUC7O7DKTCDSLILWC53XJBUALRWV5S2YYYB3SETKGFSOHZF2Q/triton_red_fused_div_sum_1.source	9912	0ccd85eca978e828c6341f4fa215419340c00eeea8cd543dc7ab4b6c21c12869	remainder
/tmp/torchinductor_root/triton/0/K5GDUC7O7DKTCDSLILWC53XJBUALRWV5S2YYYB3SETKGFSOHZF2Q/triton_red_fused_div_sum_1.ttgir	5656	2a1b61f8001df897015e06c43ddae722a0b5fa5cc5647eeed28749fd9da3c4b4	remainder
/tmp/torchinductor_root/triton/0/K5GDUC7O7DKTCDSLILWC53XJBUALRWV5S2YYYB3SETKGFSOHZF2Q/triton_red_fused_div_sum_1.ttir	5453	a66472e035047aad221c88f0635e44ccef08e4df3e5e21202e74ef0fbc2c700b	remainder
/tmp/torchinductor_root/triton/0/KMX3UHKKCULRV7VMB7SKH5XFLXQDLHOVZB2FVA543ROP5QQYBTHA/__grp__triton_poi_fused__to_copy_bmm_cat_cos_sin_transpose_1.json	1493	1e7407b7f2b2f33e7b97f6c0a81169aec3a2436c9a8d2ef4b9c9a80218c16bb6	remainder
/tmp/torchinductor_root/triton/0/KMX3UHKKCULRV7VMB7SKH5XFLXQDLHOVZB2FVA543ROP5QQYBTHA/triton_poi_fused__to_copy_bmm_cat_cos_sin_transpose_1.cubin	49616	345901055b00a10e48e5c31597f06f26a44c96911b67347af1443037d631e968	remainder
/tmp/torchinductor_root/triton/0/KMX3UHKKCULRV7VMB7SKH5XFLXQDLHOVZB2FVA543ROP5QQYBTHA/triton_poi_fused__to_copy_bmm_cat_cos_sin_transpose_1.json	1153	56b80348c53d5cf4ebbe145255c849781ebf6f1bde19b0e02c9d1d737bb1ba5c	remainder
/tmp/torchinductor_root/triton/0/KMX3UHKKCULRV7VMB7SKH5XFLXQDLHOVZB2FVA543ROP5QQYBTHA/triton_poi_fused__to_copy_bmm_cat_cos_sin_transpose_1.llir	374547	ac5a1bd27252225ebae8d51184fc9c5fb0f7a22b980a3efc9dedb978f1dc346a	remainder
/tmp/torchinductor_root/triton/0/KMX3UHKKCULRV7VMB7SKH5XFLXQDLHOVZB2FVA543ROP5QQYBTHA/triton_poi_fused__to_copy_bmm_cat_cos_sin_transpose_1.ptx	135520	e2196ac7add4990b32830ce7fcf2e9a30e8a113a03a4ec97f0006e32ab0d4153	remainder
/tmp/torchinductor_root/triton/0/KMX3UHKKCULRV7VMB7SKH5XFLXQDLHOVZB2FVA543ROP5QQYBTHA/triton_poi_fused__to_copy_bmm_cat_cos_sin_transpose_1.source	5759	cb3e27701a6339b03228d85aa62c95c4926ceed979db84c7b1d17d06564154d4	remainder
/tmp/torchinductor_root/triton/0/KMX3UHKKCULRV7VMB7SKH5XFLXQDLHOVZB2FVA543ROP5QQYBTHA/triton_poi_fused__to_copy_bmm_cat_cos_sin_transpose_1.ttgir	7190	05584ec1b6e87fc1fcb7456a0500f1f6342a8c28c7f646d932002ab2ec10bda6	remainder
/tmp/torchinductor_root/triton/0/KMX3UHKKCULRV7VMB7SKH5XFLXQDLHOVZB2FVA543ROP5QQYBTHA/triton_poi_fused__to_copy_bmm_cat_cos_sin_transpose_1.ttir	4452	dc0dce5278c6b6dadc477a3c36c1fff0e6f26bb9d21f2d965faf8671c6f245ad	remainder
/tmp/torchinductor_root/triton/0/KWC2KQTT6HZOODEPBKEUNHMRP334LIXOJQJH7EVAJHYVY7YS4KHA/__grp__triton_poi_fused__to_copy_unsqueeze_0.json	1269	80734ae1570ec97b415d66278ea80ddc97c629e3d20c2c9076ac400c04142f32	remainder
/tmp/torchinductor_root/triton/0/KWC2KQTT6HZOODEPBKEUNHMRP334LIXOJQJH7EVAJHYVY7YS4KHA/triton_poi_fused__to_copy_unsqueeze_0.cubin	3240	cfbc799dedcec67f43362cf5a1021f1b2029e3d566a86d29770cf69fef525f9d	remainder
/tmp/torchinductor_root/triton/0/KWC2KQTT6HZOODEPBKEUNHMRP334LIXOJQJH7EVAJHYVY7YS4KHA/triton_poi_fused__to_copy_unsqueeze_0.json	1134	dd45e6e317b94c96665df9d657875f036f52a03ca2a2c845c8db109e16a4d846	remainder
/tmp/torchinductor_root/triton/0/KWC2KQTT6HZOODEPBKEUNHMRP334LIXOJQJH7EVAJHYVY7YS4KHA/triton_poi_fused__to_copy_unsqueeze_0.llir	1880	064af957ce88f8da849c6ce39848efaaa90a02be24ae9e4ecb45bd8cf291b8b6	remainder
/tmp/torchinductor_root/triton/0/KWC2KQTT6HZOODEPBKEUNHMRP334LIXOJQJH7EVAJHYVY7YS4KHA/triton_poi_fused__to_copy_unsqueeze_0.ptx	1591	f68dbc28c8761e9ef09a7d7d07c77532c8cb605dcc79aff9d21f552ac0d829d8	remainder
/tmp/torchinductor_root/triton/0/KWC2KQTT6HZOODEPBKEUNHMRP334LIXOJQJH7EVAJHYVY7YS4KHA/triton_poi_fused__to_copy_unsqueeze_0.source	1400	2ee785ce3fac4e4c11d66d682658453ec1a3c239fec9ef7e2de331399573ab92	remainder
/tmp/torchinductor_root/triton/0/KWC2KQTT6HZOODEPBKEUNHMRP334LIXOJQJH7EVAJHYVY7YS4KHA/triton_poi_fused__to_copy_unsqueeze_0.ttgir	1725	4604c7046c0cce7a87bb668707f97fa32b2f878423f6a0d6a5f6c67a5ff0d94e	remainder
/tmp/torchinductor_root/triton/0/KWC2KQTT6HZOODEPBKEUNHMRP334LIXOJQJH7EVAJHYVY7YS4KHA/triton_poi_fused__to_copy_unsqueeze_0.ttir	1349	3a434c051c7016b393cb6ff0c9a0656dae32749eab46a756b0c589ebe17353db	remainder
/tmp/torchinductor_root/triton/0/LUUPXE5MJPVRHEUMSRDHXPO45V2AG6YMFLBK3F5FWRZJXTHMNN5A/__grp__triton_red_fused_div_sum_1.json	1115	1db4d59513860025fdc796fb7365f43dec273ee4956a56894d6bab4b07c6ec97	remainder
/tmp/torchinductor_root/triton/0/LUUPXE5MJPVRHEUMSRDHXPO45V2AG6YMFLBK3F5FWRZJXTHMNN5A/triton_red_fused_div_sum_1.cubin	11680	a7c6f7400cb4970e0821f16ad709e93afa44a1d8401c442a99cf0e0363754bd3	remainder
/tmp/torchinductor_root/triton/0/LUUPXE5MJPVRHEUMSRDHXPO45V2AG6YMFLBK3F5FWRZJXTHMNN5A/triton_red_fused_div_sum_1.json	1125	c5a802f9ea01e8a48bc85418860fe9ac8772f193813629314f868ba003b79a41	remainder
/tmp/torchinductor_root/triton/0/LUUPXE5MJPVRHEUMSRDHXPO45V2AG6YMFLBK3F5FWRZJXTHMNN5A/triton_red_fused_div_sum_1.llir	14217	d2122f983eb2fa4719de37187a736eb557cedf7e4b28bb0f98ad80bd649b0977	remainder
/tmp/torchinductor_root/triton/0/LUUPXE5MJPVRHEUMSRDHXPO45V2AG6YMFLBK3F5FWRZJXTHMNN5A/triton_red_fused_div_sum_1.ptx	9363	88313cbc4d7f6ec2f078a735e9887e0dc81e18521b99e0bdf622d998bec0cd0e	remainder
/tmp/torchinductor_root/triton/0/LUUPXE5MJPVRHEUMSRDHXPO45V2AG6YMFLBK3F5FWRZJXTHMNN5A/triton_red_fused_div_sum_1.source	12216	020c6dd1f697eecfcac23e4723394ea1cca6c70f1ad58bf8251acf23ec2fbca3	remainder
/tmp/torchinductor_root/triton/0/LUUPXE5MJPVRHEUMSRDHXPO45V2AG6YMFLBK3F5FWRZJXTHMNN5A/triton_red_fused_div_sum_1.ttgir	7735	ae96adc05df20fe50d79b53612784cffe89ab2e19527d98cc0af9601727b3ff0	remainder
/tmp/torchinductor_root/triton/0/LUUPXE5MJPVRHEUMSRDHXPO45V2AG6YMFLBK3F5FWRZJXTHMNN5A/triton_red_fused_div_sum_1.ttir	6418	e786cf02d1cb5ff3df7f98a8aab524a82a5c4ca86768be4cae8893dd2908a9bd	remainder
/tmp/torchinductor_root/triton/0/M3T5EESQ2Z4PYS2YISZVTFZDYE5ZEVPRPZ56IYYQIW67YF2HN2MQ/__grp__triton_red_fused__to_copy_add_div_expand_mul_pow_sum_0.json	1507	ccd97a490e2105ef0df2a20fe083d8e56f25041e52e7c36de2c23bdc5f05352e	remainder
/tmp/torchinductor_root/triton/0/M3T5EESQ2Z4PYS2YISZVTFZDYE5ZEVPRPZ56IYYQIW67YF2HN2MQ/triton_red_fused__to_copy_add_div_expand_mul_pow_sum_0.cubin	6816	5eba3cc9611db0e5bc6fd229b935a59cd50d4aadd329468c197ca87a79d9ee8f	remainder
/tmp/torchinductor_root/triton/0/M3T5EESQ2Z4PYS2YISZVTFZDYE5ZEVPRPZ56IYYQIW67YF2HN2MQ/triton_red_fused__to_copy_add_div_expand_mul_pow_sum_0.json	1155	bffc64a436b197a56b98686b62b7b8ceb2366525724d9c3d302985737c0f6817	remainder
/tmp/torchinductor_root/triton/0/M3T5EESQ2Z4PYS2YISZVTFZDYE5ZEVPRPZ56IYYQIW67YF2HN2MQ/triton_red_fused__to_copy_add_div_expand_mul_pow_sum_0.llir	16658	65d026ba3584c7e586d9a99b1f905a284cbb43268d1d7bbd4fef0e877305ea52	remainder
/tmp/torchinductor_root/triton/0/M3T5EESQ2Z4PYS2YISZVTFZDYE5ZEVPRPZ56IYYQIW67YF2HN2MQ/triton_red_fused__to_copy_add_div_expand_mul_pow_sum_0.ptx	11932	cbaa409847e1ccf8ee73fc19925ae1bd487e8c084c94f1dfea472520c7ad79be	remainder
/tmp/torchinductor_root/triton/0/M3T5EESQ2Z4PYS2YISZVTFZDYE5ZEVPRPZ56IYYQIW67YF2HN2MQ/triton_red_fused__to_copy_add_div_expand_mul_pow_sum_0.source	14029	91187f1558c99aa3602064a039e1d314957d3492129c5c13cd69726a9310af05	remainder
/tmp/torchinductor_root/triton/0/M3T5EESQ2Z4PYS2YISZVTFZDYE5ZEVPRPZ56IYYQIW67YF2HN2MQ/triton_red_fused__to_copy_add_div_expand_mul_pow_sum_0.ttgir	8158	0536a77e1404fa2eb09ef9a8880fb99d833e4fb0ffae017549c9d596d001ad7b	remainder
/tmp/torchinductor_root/triton/0/M3T5EESQ2Z4PYS2YISZVTFZDYE5ZEVPRPZ56IYYQIW67YF2HN2MQ/triton_red_fused__to_copy_add_div_expand_mul_pow_sum_0.ttir	6160	3c49ba9f304fa76f7271bae721cd80a3009037a4a6f54af22604d2fbdf3e4109	remainder
/tmp/torchinductor_root/triton/0/M7XS7T55C3QMX56EBVV34CJMG2MLR2ARLDNSYGG7SKSPBQRWITMA/__grp__triton_per_fused__softmax_backward_data__to_copy_add_2.json	1507	e4a85b246da882c88ebcebfcfeb3f69a7c76ec5a1146989aa49938f629869b6e	remainder
/tmp/torchinductor_root/triton/0/M7XS7T55C3QMX56EBVV34CJMG2MLR2ARLDNSYGG7SKSPBQRWITMA/triton_per_fused__softmax_backward_data__to_copy_add_2.cubin	6832	438bb242fc1505d595c1ecf92f56cfad3dd37edf967cb5465511d7d8c52008e2	remainder
/tmp/torchinductor_root/triton/0/M7XS7T55C3QMX56EBVV34CJMG2MLR2ARLDNSYGG7SKSPBQRWITMA/triton_per_fused__softmax_backward_data__to_copy_add_2.json	1151	b7c0e0bf00ead8bca8c53cedb667fbd7b1d99e8331b185a00c70da49a68a47b6	remainder
/tmp/torchinductor_root/triton/0/M7XS7T55C3QMX56EBVV34CJMG2MLR2ARLDNSYGG7SKSPBQRWITMA/triton_per_fused__softmax_backward_data__to_copy_add_2.llir	25678	5fb21972ed568cbfd0405643bd341333f20e901c391ca65d2f6b16bf76152fc0	remainder
/tmp/torchinductor_root/triton/0/M7XS7T55C3QMX56EBVV34CJMG2MLR2ARLDNSYGG7SKSPBQRWITMA/triton_per_fused__softmax_backward_data__to_copy_add_2.ptx	9164	6499f4551e1d1fd568100ea28f347f89f11a41791dcd153c3637859fb0302145	remainder
/tmp/torchinductor_root/triton/0/M7XS7T55C3QMX56EBVV34CJMG2MLR2ARLDNSYGG7SKSPBQRWITMA/triton_per_fused__softmax_backward_data__to_copy_add_2.source	7673	7a0c21c40bf7080c9fbfca7f6ff1700bf19bedd27e6beef71fa5b7dbc58c4fa2	remainder
/tmp/torchinductor_root/triton/0/M7XS7T55C3QMX56EBVV34CJMG2MLR2ARLDNSYGG7SKSPBQRWITMA/triton_per_fused__softmax_backward_data__to_copy_add_2.ttgir	4807	aa5e66a705856579a12507e18d7b1066d2b3ecc5aef406450e390f8defc37b5e	remainder
/tmp/torchinductor_root/triton/0/M7XS7T55C3QMX56EBVV34CJMG2MLR2ARLDNSYGG7SKSPBQRWITMA/triton_per_fused__softmax_backward_data__to_copy_add_2.ttir	3839	892fc2b69d001872f429c9bb5a7b3be671fed5335be098d4cbf542afde8d39a2	remainder
/tmp/torchinductor_root/triton/0/MOVB4BNTMF72LBONSLHWYERQAA7NEMMHXLD54MGELRDKJTJOKJ2Q/__grp__triton_per_fused__to_copy_mean_mul_pow_rsqrt_0.json	1395	d1833393541e41f1f2af7f7d42d1e85b380df944a703701890f255cec9360747	remainder
/tmp/torchinductor_root/triton/0/MOVB4BNTMF72LBONSLHWYERQAA7NEMMHXLD54MGELRDKJTJOKJ2Q/triton_per_fused__to_copy_mean_mul_pow_rsqrt_0.cubin	4848	bd9e1a693f105c8a00394afbafa8910a55ffd989f938c815388d1b85749118af	remainder
/tmp/torchinductor_root/triton/0/MOVB4BNTMF72LBONSLHWYERQAA7NEMMHXLD54MGELRDKJTJOKJ2Q/triton_per_fused__to_copy_mean_mul_pow_rsqrt_0.json	1143	2c1b3bd4a6e6e598ab2289a62c1a7bab2e7d6470ac3f2c66008d8b63327ed7cb	remainder
/tmp/torchinductor_root/triton/0/MOVB4BNTMF72LBONSLHWYERQAA7NEMMHXLD54MGELRDKJTJOKJ2Q/triton_per_fused__to_copy_mean_mul_pow_rsqrt_0.llir	8323	cb87f14c441fb7df718c063479e95670ebc22c5e07d4809b1b9229115c257739	remainder
/tmp/torchinductor_root/triton/0/MOVB4BNTMF72LBONSLHWYERQAA7NEMMHXLD54MGELRDKJTJOKJ2Q/triton_per_fused__to_copy_mean_mul_pow_rsqrt_0.ptx	4586	66c95ad353c70b771ba4f24837f4f45b7436167487b25e31193e5a32759be572	remainder
/tmp/torchinductor_root/triton/0/MOVB4BNTMF72LBONSLHWYERQAA7NEMMHXLD54MGELRDKJTJOKJ2Q/triton_per_fused__to_copy_mean_mul_pow_rsqrt_0.source	6623	7e9bb08a1178cbada120f7a02395dbc9bd875ac957035d4b2732eff54e71cfb3	remainder
/tmp/torchinductor_root/triton/0/MOVB4BNTMF72LBONSLHWYERQAA7NEMMHXLD54MGELRDKJTJOKJ2Q/triton_per_fused__to_copy_mean_mul_pow_rsqrt_0.ttgir	5617	224aad4ac1789ab732dfa1bb1292e3db8db9988c790860cde4167e636bd0e13b	remainder
/tmp/torchinductor_root/triton/0/MOVB4BNTMF72LBONSLHWYERQAA7NEMMHXLD54MGELRDKJTJOKJ2Q/triton_per_fused__to_copy_mean_mul_pow_rsqrt_0.ttir	3867	74263dd3002ef7c4ae619b0d0a655df145e93cb68571b7f5425f53f19655e45e	remainder
/tmp/torchinductor_root/triton/0/MW75RXSLCNO65KRU6O5HFOX4VW7YDOMY23AHIQ7EBMQVNOJ557QA/__grp__triton_poi_fused_cat_neg_slice_0.json	1199	e1ecb2e21ef21ebba06abb7c31412d9cd2099d2b6d3cd6fcd6f0a65596f07894	remainder
/tmp/torchinductor_root/triton/0/MW75RXSLCNO65KRU6O5HFOX4VW7YDOMY23AHIQ7EBMQVNOJ557QA/triton_poi_fused_cat_neg_slice_0.cubin	36136	c321070ed2f0af84fbe46e891db670d9397e3d95d58a926c40e3b0f6fe650fbf	remainder
/tmp/torchinductor_root/triton/0/MW75RXSLCNO65KRU6O5HFOX4VW7YDOMY23AHIQ7EBMQVNOJ557QA/triton_poi_fused_cat_neg_slice_0.json	1129	375641954080b59012acc05bfc80e780f8bcd0642d34ff7bbc62b07d6682bc19	remainder
/tmp/torchinductor_root/triton/0/MW75RXSLCNO65KRU6O5HFOX4VW7YDOMY23AHIQ7EBMQVNOJ557QA/triton_poi_fused_cat_neg_slice_0.llir	18384	e463cd818db66240b8263fcd1520cb91eb6d39070bbdda04e8df385a3f3c0c14	remainder
/tmp/torchinductor_root/triton/0/MW75RXSLCNO65KRU6O5HFOX4VW7YDOMY23AHIQ7EBMQVNOJ557QA/triton_poi_fused_cat_neg_slice_0.ptx	28293	1ed58a4d98987dfad7fcbb376df57d1c05bcc65f4c5eb32ec43ab75424187c9c	remainder
/tmp/torchinductor_root/triton/0/MW75RXSLCNO65KRU6O5HFOX4VW7YDOMY23AHIQ7EBMQVNOJ557QA/triton_poi_fused_cat_neg_slice_0.source	7181	2f38dcc91510e3026e56697265fcdcb4eed149a4631978eb5cb4bf8bdd3c1192	remainder
/tmp/torchinductor_root/triton/0/MW75RXSLCNO65KRU6O5HFOX4VW7YDOMY23AHIQ7EBMQVNOJ557QA/triton_poi_fused_cat_neg_slice_0.ttgir	5485	e41503ea000461f113aa7acf33fa613a4cbb1cbaf69651dd9d22d7e6f773855d	remainder
/tmp/torchinductor_root/triton/0/MW75RXSLCNO65KRU6O5HFOX4VW7YDOMY23AHIQ7EBMQVNOJ557QA/triton_poi_fused_cat_neg_slice_0.ttir	4647	f01eab3ecefb6f7ef6be37ed7bbeb45b685a8024a7ac66e29c3f6d0f36e77d87	remainder
/tmp/torchinductor_root/triton/0/NN3VV4YAF2YSW2F74ZK2YHLBIRMO2XC2QBX2HTE5KB3BGGSU3C4A/__grp__triton_red_fused_add_div_expand_mul_neg_scatter_sum_zeros_1.json	1577	4ed829eacbd7b5a2257197f212edc11ece81136df5898a96fddca7677f5e8cde	remainder
/tmp/torchinductor_root/triton/0/NN3VV4YAF2YSW2F74ZK2YHLBIRMO2XC2QBX2HTE5KB3BGGSU3C4A/triton_red_fused_add_div_expand_mul_neg_scatter_sum_zeros_1.cubin	9632	eb0bbb100f5fe1d3e44b9c487fded19ef327e78676cc8a2e4afe9451b9e5ac1b	remainder
/tmp/torchinductor_root/triton/0/NN3VV4YAF2YSW2F74ZK2YHLBIRMO2XC2QBX2HTE5KB3BGGSU3C4A/triton_red_fused_add_div_expand_mul_neg_scatter_sum_zeros_1.json	1159	4315e88af98368c85a4660f273365d299277ddffd3e339b5082074d60315c155	remainder
/tmp/torchinductor_root/triton/0/NN3VV4YAF2YSW2F74ZK2YHLBIRMO2XC2QBX2HTE5KB3BGGSU3C4A/triton_red_fused_add_div_expand_mul_neg_scatter_sum_zeros_1.llir	10474	d87d7e46704150450b04fc26dfb32e79151b19240e1eb5e01b6f9f7a3ccdebeb	remainder
/tmp/torchinductor_root/triton/0/NN3VV4YAF2YSW2F74ZK2YHLBIRMO2XC2QBX2HTE5KB3BGGSU3C4A/triton_red_fused_add_div_expand_mul_neg_scatter_sum_zeros_1.ptx	9515	72791fd73feb45097d7f09a6c3b8aace1bf77c3cd9114dbb17f11151e850dcbc	remainder
/tmp/torchinductor_root/triton/0/NN3VV4YAF2YSW2F74ZK2YHLBIRMO2XC2QBX2HTE5KB3BGGSU3C4A/triton_red_fused_add_div_expand_mul_neg_scatter_sum_zeros_1.source	15042	fc9bb7a6c677e0c675abcb8129c46dcef62f5326d57eaa326cd8ffb0ee68746e	remainder
/tmp/torchinductor_root/triton/0/NN3VV4YAF2YSW2F74ZK2YHLBIRMO2XC2QBX2HTE5KB3BGGSU3C4A/triton_red_fused_add_div_expand_mul_neg_scatter_sum_zeros_1.ttgir	10335	b79a99ae14fcf779f5353b2e42a39ea2a19533067b73c1c118fe37896412e369	remainder
/tmp/torchinductor_root/triton/0/NN3VV4YAF2YSW2F74ZK2YHLBIRMO2XC2QBX2HTE5KB3BGGSU3C4A/triton_red_fused_add_div_expand_mul_neg_scatter_sum_zeros_1.ttir	8038	6075a8faeb1129c0077f82fada9f62ec5b9aac668cc848823e2a5e1edac31038	remainder
/tmp/torchinductor_root/triton/0/O4EUHREV5D5LZTBPEMIIJZDKAX2POOQMH75XLGB5ETK3XYGW3MMQ/__grp__triton_per_fused__softmax__to_copy_exp_prepare_softmax_online_sub_0.json	1689	3f0af51a232c3f963596b03ea776e7408f08741dff6be2bdabbd1ad5d65ca6ce	remainder
/tmp/torchinductor_root/triton/0/O4EUHREV5D5LZTBPEMIIJZDKAX2POOQMH75XLGB5ETK3XYGW3MMQ/triton_per_fused__softmax__to_copy_exp_prepare_softmax_online_sub_0.cubin	31600	7a600355f73d3890d988b781591e9ecd64acd11771a1a996a772e8a69222e7b2	remainder
/tmp/torchinductor_root/triton/0/O4EUHREV5D5LZTBPEMIIJZDKAX2POOQMH75XLGB5ETK3XYGW3MMQ/triton_per_fused__softmax__to_copy_exp_prepare_softmax_online_sub_0.json	1167	125d27c346f385b27f3c747bb655d1e4e1155a21117d2884e78efe834a3d69b5	remainder
/tmp/torchinductor_root/triton/0/O4EUHREV5D5LZTBPEMIIJZDKAX2POOQMH75XLGB5ETK3XYGW3MMQ/triton_per_fused__softmax__to_copy_exp_prepare_softmax_online_sub_0.llir	217668	dc870f3a4a6264371fd2e76c8abe651a52ff12aea397c3ec8b5b1544b9e23ac2	remainder
/tmp/torchinductor_root/triton/0/O4EUHREV5D5LZTBPEMIIJZDKAX2POOQMH75XLGB5ETK3XYGW3MMQ/triton_per_fused__softmax__to_copy_exp_prepare_softmax_online_sub_0.ptx	65922	88f39a64efcaa32789e000fa52f9b31ea3b36fa2cf5e82b131167ced369c735c	remainder
/tmp/torchinductor_root/triton/0/O4EUHREV5D5LZTBPEMIIJZDKAX2POOQMH75XLGB5ETK3XYGW3MMQ/triton_per_fused__softmax__to_copy_exp_prepare_softmax_online_sub_0.source	9444	14d256f973003fb5d8ab6ef5e128de51b96e60b14c0e35bae51b8c11b40b8873	remainder
/tmp/torchinductor_root/triton/0/O4EUHREV5D5LZTBPEMIIJZDKAX2POOQMH75XLGB5ETK3XYGW3MMQ/triton_per_fused__softmax__to_copy_exp_prepare_softmax_online_sub_0.ttgir	6629	24928cb776da3675e359bc8d4f6567a156b2c1884afd081a5eeed27e77e321dc	remainder
/tmp/torchinductor_root/triton/0/O4EUHREV5D5LZTBPEMIIJZDKAX2POOQMH75XLGB5ETK3XYGW3MMQ/triton_per_fused__softmax__to_copy_exp_prepare_softmax_online_sub_0.ttir	4000	73f1e41da857549cce61a67685ea98ef105d2ac1366d7ff0dd9941df639e6f4f	remainder
/tmp/torchinductor_root/triton/0/OAOIBI7IPKZG65MQ4USIU23FKH7KOUXVCBUZGDUQQNJTJZGFRSKQ/__grp__triton_red_fused_div_sum_1.json	1115	e5a7790fd5945e8ad1e73ba5dcb843b1f3dce7d66c38525244750ad655de564b	remainder
/tmp/torchinductor_root/triton/0/OAOIBI7IPKZG65MQ4USIU23FKH7KOUXVCBUZGDUQQNJTJZGFRSKQ/triton_red_fused_div_sum_1.cubin	5672	cbb6b35607be0db27988bb2afb8e0057903be5d8c1dc3fdd9f8552efc072ac44	remainder
/tmp/torchinductor_root/triton/0/OAOIBI7IPKZG65MQ4USIU23FKH7KOUXVCBUZGDUQQNJTJZGFRSKQ/triton_red_fused_div_sum_1.json	1123	907fe788d6c2d2fd5ff8a45a16481318dde2c137dd327093a09f51210212ef5d	remainder
/tmp/torchinductor_root/triton/0/OAOIBI7IPKZG65MQ4USIU23FKH7KOUXVCBUZGDUQQNJTJZGFRSKQ/triton_red_fused_div_sum_1.llir	5985	986337ae6e2fa758f02f1dcc6d02d2910c22660911e040803de8952321101e56	remainder
/tmp/torchinductor_root/triton/0/OAOIBI7IPKZG65MQ4USIU23FKH7KOUXVCBUZGDUQQNJTJZGFRSKQ/triton_red_fused_div_sum_1.ptx	4301	7e9ed884a5c1cc2ace5ff536dd0bfb77a6f7724139a5d0247bbc87511d1a5a4c	remainder
/tmp/torchinductor_root/triton/0/OAOIBI7IPKZG65MQ4USIU23FKH7KOUXVCBUZGDUQQNJTJZGFRSKQ/triton_red_fused_div_sum_1.source	9823	fe725619626ade7b10e9e71954965fa5286a2c70b97a3a0d55bdc675be081462	remainder
/tmp/torchinductor_root/triton/0/OAOIBI7IPKZG65MQ4USIU23FKH7KOUXVCBUZGDUQQNJTJZGFRSKQ/triton_red_fused_div_sum_1.ttgir	5608	dd1ddb38b8c435bc1f2cc87e63f1e70299a6dae04e8937a5466054e356902864	remainder
/tmp/torchinductor_root/triton/0/OAOIBI7IPKZG65MQ4USIU23FKH7KOUXVCBUZGDUQQNJTJZGFRSKQ/triton_red_fused_div_sum_1.ttir	5396	0d51e88a36ac37bd75934a1c1b6591344581777ce97b4e1ebb7f068d0ec5d444	remainder
/tmp/torchinductor_root/triton/0/OLSULTGYXNYLGKPO6YZWCXZ3T4I635VMLC7HYB6D7RSVYDCCRPCA/__grp__triton_poi_fused__to_copy_bmm_cat_cos_sin_transpose_1.json	1493	a7db296f1306e836c22b48e58279bef0a21365a4eec6e7894ec89c1535b4d310	remainder
/tmp/torchinductor_root/triton/0/OLSULTGYXNYLGKPO6YZWCXZ3T4I635VMLC7HYB6D7RSVYDCCRPCA/triton_poi_fused__to_copy_bmm_cat_cos_sin_transpose_1.cubin	26760	3a57eadb6263db6f9be0dd36490b83ff6ac0ae61fb47e08d7b619740e5560559	remainder
/tmp/torchinductor_root/triton/0/OLSULTGYXNYLGKPO6YZWCXZ3T4I635VMLC7HYB6D7RSVYDCCRPCA/triton_poi_fused__to_copy_bmm_cat_cos_sin_transpose_1.json	1150	62ab53f658c9c52a9a112b6e9d4a7f4c49b1780786dad4bcff3a50c6d7e371ba	remainder
/tmp/torchinductor_root/triton/0/OLSULTGYXNYLGKPO6YZWCXZ3T4I635VMLC7HYB6D7RSVYDCCRPCA/triton_poi_fused__to_copy_bmm_cat_cos_sin_transpose_1.llir	186319	de033bf86b081b1aa3d668cd04b70e70a060235a2160d5903473f015d8138dd7	remainder
/tmp/torchinductor_root/triton/0/OLSULTGYXNYLGKPO6YZWCXZ3T4I635VMLC7HYB6D7RSVYDCCRPCA/triton_poi_fused__to_copy_bmm_cat_cos_sin_transpose_1.ptx	67867	c34ed26c21e16cbdc704202128176b61de9a7554e4994193a9328fea302d983a	remainder
/tmp/torchinductor_root/triton/0/OLSULTGYXNYLGKPO6YZWCXZ3T4I635VMLC7HYB6D7RSVYDCCRPCA/triton_poi_fused__to_copy_bmm_cat_cos_sin_transpose_1.source	5285	f1638f928a1850f0f9df8b4660c35b7f4e9d07d1d26635f3d4ce7520575d239f	remainder
/tmp/torchinductor_root/triton/0/OLSULTGYXNYLGKPO6YZWCXZ3T4I635VMLC7HYB6D7RSVYDCCRPCA/triton_poi_fused__to_copy_bmm_cat_cos_sin_transpose_1.ttgir	4313	ab78b7410c7cedaf8cd8dd675c9fdc3bdc00af862b2786aa487e9d7031c1c002	remainder
/tmp/torchinductor_root/triton/0/OLSULTGYXNYLGKPO6YZWCXZ3T4I635VMLC7HYB6D7RSVYDCCRPCA/triton_poi_fused__to_copy_bmm_cat_cos_sin_transpose_1.ttir	3631	f893e76cb6b822213cc7c9ddee5ac049a29dc1c15d09a9b636ae1caad92abc22	remainder
/tmp/torchinductor_root/triton/0/OOWM2KWKNGMSOEIPMTRTYVI5AEHZUY5YOEEWJS2STYVV3VU2UE5A/__grp__triton_poi_fused_cat_neg_slice_0.json	1199	419e20a81521791be2703558ca87fce7791b0406f2348b7adf090e6485253295	remainder
/tmp/torchinductor_root/triton/0/OOWM2KWKNGMSOEIPMTRTYVI5AEHZUY5YOEEWJS2STYVV3VU2UE5A/triton_poi_fused_cat_neg_slice_0.cubin	5800	a2d4eeaccc1b6e62bbc942345e8b5447a8d5db3c7c1fdbb0d55e792abb05a0bb	remainder
/tmp/torchinductor_root/triton/0/OOWM2KWKNGMSOEIPMTRTYVI5AEHZUY5YOEEWJS2STYVV3VU2UE5A/triton_poi_fused_cat_neg_slice_0.json	1129	995dff8be9890aaf58d6a9b0e6a72d940a923b48d49dc460d3a42027c3279860	remainder
/tmp/torchinductor_root/triton/0/OOWM2KWKNGMSOEIPMTRTYVI5AEHZUY5YOEEWJS2STYVV3VU2UE5A/triton_poi_fused_cat_neg_slice_0.llir	2863	aa8d0b58755f48f037ae28eb89560425b2e4164a5d8c3c5a79c15c02d189b426	remainder
/tmp/torchinductor_root/triton/0/OOWM2KWKNGMSOEIPMTRTYVI5AEHZUY5YOEEWJS2STYVV3VU2UE5A/triton_poi_fused_cat_neg_slice_0.ptx	2973	781402e38ac7e332fcff6f3a759eace4b3b78f6c59951f25b7def39d7e78f6db	remainder
/tmp/torchinductor_root/triton/0/OOWM2KWKNGMSOEIPMTRTYVI5AEHZUY5YOEEWJS2STYVV3VU2UE5A/triton_poi_fused_cat_neg_slice_0.source	5448	613002a71c5aed9e37a5424f821442796c7ba0932490effb9fcfbfd1f0f8443c	remainder
/tmp/torchinductor_root/triton/0/OOWM2KWKNGMSOEIPMTRTYVI5AEHZUY5YOEEWJS2STYVV3VU2UE5A/triton_poi_fused_cat_neg_slice_0.ttgir	4020	12f065854707efd5d1634f918b3abbe81ea540b16be6affbb0940d49abbfb266	remainder
/tmp/torchinductor_root/triton/0/OOWM2KWKNGMSOEIPMTRTYVI5AEHZUY5YOEEWJS2STYVV3VU2UE5A/triton_poi_fused_cat_neg_slice_0.ttir	3342	d20771f0193a32219feb42e92f071cde1e14c868a2dda9cd414db9da190236e1	remainder
/tmp/torchinductor_root/triton/0/P2XXP6ZHOISD3JFSIP6JZ7AFFKPBI2JU46BU5MRSPGKVXUXOLOOA/__grp__triton_red_fused_add_div_expand_mul_neg_scatter_sum_zeros_1.json	1577	a75334c2c29bf54bd901e19d2c81662bae9a27b8d1f5510201bbc34287106383	remainder
/tmp/torchinductor_root/triton/0/P2XXP6ZHOISD3JFSIP6JZ7AFFKPBI2JU46BU5MRSPGKVXUXOLOOA/triton_red_fused_add_div_expand_mul_neg_scatter_sum_zeros_1.cubin	9632	f25c2697867dfeb466c989b005930644ba2a4ef9241ac31ee759c8bd5333eb92	remainder
/tmp/torchinductor_root/triton/0/P2XXP6ZHOISD3JFSIP6JZ7AFFKPBI2JU46BU5MRSPGKVXUXOLOOA/triton_red_fused_add_div_expand_mul_neg_scatter_sum_zeros_1.json	1158	3d737828668227ab39441cf38be48fbf64fb21609138270ccd546cf5dfb695d7	remainder
/tmp/torchinductor_root/triton/0/P2XXP6ZHOISD3JFSIP6JZ7AFFKPBI2JU46BU5MRSPGKVXUXOLOOA/triton_red_fused_add_div_expand_mul_neg_scatter_sum_zeros_1.llir	10906	a624a024344e26ec97d4ec8b4c73f7a996d7b33542880710c14a15996e185a8f	remainder
/tmp/torchinductor_root/triton/0/P2XXP6ZHOISD3JFSIP6JZ7AFFKPBI2JU46BU5MRSPGKVXUXOLOOA/triton_red_fused_add_div_expand_mul_neg_scatter_sum_zeros_1.ptx	9715	2f52d9de3529d3bfc3b71127432b9bcbfbe0d513b196d3de76fe6f7bc1e01cf6	remainder
/tmp/torchinductor_root/triton/0/P2XXP6ZHOISD3JFSIP6JZ7AFFKPBI2JU46BU5MRSPGKVXUXOLOOA/triton_red_fused_add_div_expand_mul_neg_scatter_sum_zeros_1.source	14903	bf2cc872e28a4b7e799c5b90088f07e8b02d0dbc87d029d973ed18a374c18d0c	remainder
/tmp/torchinductor_root/triton/0/P2XXP6ZHOISD3JFSIP6JZ7AFFKPBI2JU46BU5MRSPGKVXUXOLOOA/triton_red_fused_add_div_expand_mul_neg_scatter_sum_zeros_1.ttgir	10187	9c6a14be4fe72840be79b43a4fc163e96e2465ccbe4cf9db469bf9b548d4ee4e	remainder
/tmp/torchinductor_root/triton/0/P2XXP6ZHOISD3JFSIP6JZ7AFFKPBI2JU46BU5MRSPGKVXUXOLOOA/triton_red_fused_add_div_expand_mul_neg_scatter_sum_zeros_1.ttir	7814	d5a58d6b220f836057d9db282354937887bf83c6f90025a850fb861b8e91ba7a	remainder
/tmp/torchinductor_root/triton/0/PFICPIPZE7RUW5M6OQ3M6NV57CPH7TTV4LIZQUDVSFCSO5MXM7ZA/__grp__triton_poi_fused__to_copy_cat_cos_sin_transpose_1.json	1437	c9a1e8003abba2ea1a46a807b727e7d280a30d52b7ee077698c41b305a582aa0	remainder
/tmp/torchinductor_root/triton/0/PFICPIPZE7RUW5M6OQ3M6NV57CPH7TTV4LIZQUDVSFCSO5MXM7ZA/triton_poi_fused__to_copy_cat_cos_sin_transpose_1.cubin	9736	b95b103aea57d8b0fb647eec51dcdcba2880ade163a5dc8404373b36800f460c	remainder
/tmp/torchinductor_root/triton/0/PFICPIPZE7RUW5M6OQ3M6NV57CPH7TTV4LIZQUDVSFCSO5MXM7ZA/triton_poi_fused__to_copy_cat_cos_sin_transpose_1.json	1146	e64958d7f0728785aa4467542a82f12a4141e116b43fd53b837ce64c6d0205be	remainder
/tmp/torchinductor_root/triton/0/PFICPIPZE7RUW5M6OQ3M6NV57CPH7TTV4LIZQUDVSFCSO5MXM7ZA/triton_poi_fused__to_copy_cat_cos_sin_transpose_1.llir	47813	990644c658a6f8be950196662a435d7511fd8fc6527f30706355a6f0ae9c4a60	remainder
/tmp/torchinductor_root/triton/0/PFICPIPZE7RUW5M6OQ3M6NV57CPH7TTV4LIZQUDVSFCSO5MXM7ZA/triton_poi_fused__to_copy_cat_cos_sin_transpose_1.ptx	18042	f174b049ab198f6f9771d41537a7193db4e9af6757702fc2e8fb0ce6e9c9a8fa	remainder
/tmp/torchinductor_root/triton/0/PFICPIPZE7RUW5M6OQ3M6NV57CPH7TTV4LIZQUDVSFCSO5MXM7ZA/triton_poi_fused__to_copy_cat_cos_sin_transpose_1.source	3310	e83b63a04a4b7a9f4cf3f07dc86a5d29dcbec04de770ddc438f083993ed59242	remainder
/tmp/torchinductor_root/triton/0/PFICPIPZE7RUW5M6OQ3M6NV57CPH7TTV4LIZQUDVSFCSO5MXM7ZA/triton_poi_fused__to_copy_cat_cos_sin_transpose_1.ttgir	3206	52c6819b7662079505420f70116f60c3aae78ecd88b1ece175d5674be911cdf5	remainder
/tmp/torchinductor_root/triton/0/PFICPIPZE7RUW5M6OQ3M6NV57CPH7TTV4LIZQUDVSFCSO5MXM7ZA/triton_poi_fused__to_copy_cat_cos_sin_transpose_1.ttir	2650	205e43ce042fadbb0a0b626f96b81831d8164fc015213379c268df36bf775359	remainder
/tmp/torchinductor_root/triton/0/QMK6BIIWZJMQYJ4N5QWRQL7II7ATCLQVRCLDLXHKMUVMZ4PN7RHA/__grp__triton_per_fused__to_copy_add_div_expand_mul_pow_sum_0.json	1507	4debc4f1f2329ff8adb9d99dfb6f00c11fc4ff514cb4ed6f31c618ffc44cacf0	remainder
/tmp/torchinductor_root/triton/0/QMK6BIIWZJMQYJ4N5QWRQL7II7ATCLQVRCLDLXHKMUVMZ4PN7RHA/triton_per_fused__to_copy_add_div_expand_mul_pow_sum_0.cubin	4640	9c22d025778e1df316b6172bc36ffe7be8751ee3f9ce43f43a8e7e1904b129d9	remainder
/tmp/torchinductor_root/triton/0/QMK6BIIWZJMQYJ4N5QWRQL7II7ATCLQVRCLDLXHKMUVMZ4PN7RHA/triton_per_fused__to_copy_add_div_expand_mul_pow_sum_0.json	1151	31aaad8e405e6b560f34753b3a19910a8e0e140c83334c79c7dca43c701d391e	remainder
/tmp/torchinductor_root/triton/0/QMK6BIIWZJMQYJ4N5QWRQL7II7ATCLQVRCLDLXHKMUVMZ4PN7RHA/triton_per_fused__to_copy_add_div_expand_mul_pow_sum_0.llir	7099	732be3e4a80a78eee40be03ddaa08771066b9e7ea31720f74d3f29dceb06626a	remainder
/tmp/torchinductor_root/triton/0/QMK6BIIWZJMQYJ4N5QWRQL7II7ATCLQVRCLDLXHKMUVMZ4PN7RHA/triton_per_fused__to_copy_add_div_expand_mul_pow_sum_0.ptx	5312	a8ea3b2962b86573d7663464bfb66908176706add38dd21d5cedd894a8f9de4f	remainder
/tmp/torchinductor_root/triton/0/QMK6BIIWZJMQYJ4N5QWRQL7II7ATCLQVRCLDLXHKMUVMZ4PN7RHA/triton_per_fused__to_copy_add_div_expand_mul_pow_sum_0.source	8091	703b3a29c016367531e658f644da81d3c7dfc6468fefbb446888646651825166	remainder
/tmp/torchinductor_root/triton/0/QMK6BIIWZJMQYJ4N5QWRQL7II7ATCLQVRCLDLXHKMUVMZ4PN7RHA/triton_per_fused__to_copy_add_div_expand_mul_pow_sum_0.ttgir	5504	05bf457d0dcf216bcb98c33a40fac379967387b7397ccb9c1925e846b2ab6915	remainder
/tmp/torchinductor_root/triton/0/QMK6BIIWZJMQYJ4N5QWRQL7II7ATCLQVRCLDLXHKMUVMZ4PN7RHA/triton_per_fused__to_copy_add_div_expand_mul_pow_sum_0.ttir	4549	b8a8750e6568ccbd947d38b3984e2fbc001906ad6c5a1128bc91d196bffc3424	remainder
/tmp/torchinductor_root/triton/0/RI7CEHKDIWEHXDZHTVYHXMQ7BO6NQIZBM4DNNHSH6TVFV4RAVAAQ/__grp__triton_poi_fused__to_copy_cat_cos_sin_transpose_1.json	1437	c2a06cfd5eec4f256ea618250e3c41bfe49d2d8ade3d878135e22a79623c8b94	remainder
/tmp/torchinductor_root/triton/0/RI7CEHKDIWEHXDZHTVYHXMQ7BO6NQIZBM4DNNHSH6TVFV4RAVAAQ/triton_poi_fused__to_copy_cat_cos_sin_transpose_1.cubin	52688	990b4a79dfa7700fcd94ab9c43758daef19a7e321a1d8126362a572ff6c000a3	remainder
/tmp/torchinductor_root/triton/0/RI7CEHKDIWEHXDZHTVYHXMQ7BO6NQIZBM4DNNHSH6TVFV4RAVAAQ/triton_poi_fused__to_copy_cat_cos_sin_transpose_1.json	1149	74222260a0d643ce1a82b5a21c3f1845242f71a9243391c39b3a1089cabe3129	remainder
/tmp/torchinductor_root/triton/0/RI7CEHKDIWEHXDZHTVYHXMQ7BO6NQIZBM4DNNHSH6TVFV4RAVAAQ/triton_poi_fused__to_copy_cat_cos_sin_transpose_1.llir	377582	495cbc1d2da60c390d92858e0d7a524ba776165f53d183aa750d8039686faee6	remainder
/tmp/torchinductor_root/triton/0/RI7CEHKDIWEHXDZHTVYHXMQ7BO6NQIZBM4DNNHSH6TVFV4RAVAAQ/triton_poi_fused__to_copy_cat_cos_sin_transpose_1.ptx	138280	13639b684585d2db31f3cb0e67701f6bfc3f22f47d5d22c5d7350ecc12e4d440	remainder
/tmp/torchinductor_root/triton/0/RI7CEHKDIWEHXDZHTVYHXMQ7BO6NQIZBM4DNNHSH6TVFV4RAVAAQ/triton_poi_fused__to_copy_cat_cos_sin_transpose_1.source	6419	59673f688844679e70cf4a114fb52618419ad4f59813c166a1b14f3bce172c72	remainder
/tmp/torchinductor_root/triton/0/RI7CEHKDIWEHXDZHTVYHXMQ7BO6NQIZBM4DNNHSH6TVFV4RAVAAQ/triton_poi_fused__to_copy_cat_cos_sin_transpose_1.ttgir	7696	f06c1295355025bab71f9fe34ee73ecb232f678164ba5d0a61d3dda152b8bc21	remainder
/tmp/torchinductor_root/triton/0/RI7CEHKDIWEHXDZHTVYHXMQ7BO6NQIZBM4DNNHSH6TVFV4RAVAAQ/triton_poi_fused__to_copy_cat_cos_sin_transpose_1.ttir	4801	01807833dc2e1699ae38cb77d5f55a9c58ad37b458447b842eb5e1ef89907688	remainder
/tmp/torchinductor_root/triton/0/RJOLYUEXPKKR3QLNI3W74CYZPODAFTW5BXJHFNW6N3TD6CTFUGOA/__grp__triton_red_fused_div_sum_1.json	1115	8382dce88ef5ef4f0c16e3778a621b5f8252af6984975c69e49657afa71aba8a	remainder
/tmp/torchinductor_root/triton/0/RJOLYUEXPKKR3QLNI3W74CYZPODAFTW5BXJHFNW6N3TD6CTFUGOA/triton_red_fused_div_sum_1.cubin	9120	04753d6eb36d24678c224747183906872a04db5abb6ac13fedb0cfaa5d995829	remainder
/tmp/torchinductor_root/triton/0/RJOLYUEXPKKR3QLNI3W74CYZPODAFTW5BXJHFNW6N3TD6CTFUGOA/triton_red_fused_div_sum_1.json	1125	320e99b9ad04c9f092c3a53b84aa7737257161fc3d6a53b5651d224a12448ed3	remainder
/tmp/torchinductor_root/triton/0/RJOLYUEXPKKR3QLNI3W74CYZPODAFTW5BXJHFNW6N3TD6CTFUGOA/triton_red_fused_div_sum_1.llir	7010	fe8a93ee5d35971dc326be59b6dadb6c8eb1116633ad6c612ad743620ad1ea08	remainder
/tmp/torchinductor_root/triton/0/RJOLYUEXPKKR3QLNI3W74CYZPODAFTW5BXJHFNW6N3TD6CTFUGOA/triton_red_fused_div_sum_1.ptx	5372	5fcf4f29ce33bdc191c0b39f3129171d73b9b5bfb8209b0b5c956ccf6f244ce8	remainder
/tmp/torchinductor_root/triton/0/RJOLYUEXPKKR3QLNI3W74CYZPODAFTW5BXJHFNW6N3TD6CTFUGOA/triton_red_fused_div_sum_1.source	12216	8e1653b8bb46af6b3b7cd96bd182d94357334ac6e616e99a48cc2130f332e4a5	remainder
/tmp/torchinductor_root/triton/0/RJOLYUEXPKKR3QLNI3W74CYZPODAFTW5BXJHFNW6N3TD6CTFUGOA/triton_red_fused_div_sum_1.ttgir	7735	06ba54821dcc5d42a39f0126fef424c05f8832edecdebdd4a4d21ff99e55fd39	remainder
/tmp/torchinductor_root/triton/0/RJOLYUEXPKKR3QLNI3W74CYZPODAFTW5BXJHFNW6N3TD6CTFUGOA/triton_red_fused_div_sum_1.ttir	6418	8d9ba0e9c91c78ec4e3c6f0031f6364f5d00aa9deea25485dfe62d70b7309de4	remainder
/tmp/torchinductor_root/triton/0/RLVSEYKQN4DK6ZPIBK6W7ZSOQOCMZFROEPJQ55NTSEA34AO7PQJA/__grp__triton_poi_fused_copy__2.json	1087	18d9cf4b4eef7f5b3520b1fc459cca341ff0bfa2b2d6588a8693c5af28bfcd9e	remainder
/tmp/torchinductor_root/triton/0/RLVSEYKQN4DK6ZPIBK6W7ZSOQOCMZFROEPJQ55NTSEA34AO7PQJA/triton_poi_fused_copy__2.cubin	3112	aa741c35f4de9eb61288ebcba5efe70a9b6a6e046f482af21b8e814bd44d143e	remainder
/tmp/torchinductor_root/triton/0/RLVSEYKQN4DK6ZPIBK6W7ZSOQOCMZFROEPJQ55NTSEA34AO7PQJA/triton_poi_fused_copy__2.json	1121	7f08c0265e724b5fe0c6cc711a03839704d56d3909df4052d278d121ca59382f	remainder
/tmp/torchinductor_root/triton/0/RLVSEYKQN4DK6ZPIBK6W7ZSOQOCMZFROEPJQ55NTSEA34AO7PQJA/triton_poi_fused_copy__2.llir	1766	026c1ece8fbb85573586bd9a67152a1209d4b896e2c26738acdd1cfd37ac544e	remainder
/tmp/torchinductor_root/triton/0/RLVSEYKQN4DK6ZPIBK6W7ZSOQOCMZFROEPJQ55NTSEA34AO7PQJA/triton_poi_fused_copy__2.ptx	1369	0dff2786497048bebbddf9efe1b476e7a91fac94c9c261615cffd49eb24c05a6	remainder
/tmp/torchinductor_root/triton/0/RLVSEYKQN4DK6ZPIBK6W7ZSOQOCMZFROEPJQ55NTSEA34AO7PQJA/triton_poi_fused_copy__2.source	1542	4a8c5fe944a01329cb1114276d1dd6c827b2adec37711570516192ceaf504e8f	remainder
/tmp/torchinductor_root/triton/0/RLVSEYKQN4DK6ZPIBK6W7ZSOQOCMZFROEPJQ55NTSEA34AO7PQJA/triton_poi_fused_copy__2.ttgir	1695	f3d2131b41ba0f0b75347d0b10e4efae2964a2060421d70282c803c537971382	remainder
/tmp/torchinductor_root/triton/0/RLVSEYKQN4DK6ZPIBK6W7ZSOQOCMZFROEPJQ55NTSEA34AO7PQJA/triton_poi_fused_copy__2.ttir	1339	51319ababb16599ea574b40e53713f5580e263edba69748bd7d24e196036ed16	remainder
/tmp/torchinductor_root/triton/0/SEHL4VU5RT7VO5VEMC6E35K6Y2PLWGTUXBY5DTGGPL7TVRFFEJFQ/__grp__triton_red_fused_div_sum_1.json	1115	eb44e5f830d0a8da53c088576d97306110e8efc117bef5ae05de28ae628b0085	remainder
/tmp/torchinductor_root/triton/0/SEHL4VU5RT7VO5VEMC6E35K6Y2PLWGTUXBY5DTGGPL7TVRFFEJFQ/triton_red_fused_div_sum_1.cubin	5544	46f339c418d5b1236e088300d413398dddd11ebcc5d4ed5a7a7636cbd6ad0ab9	remainder
/tmp/torchinductor_root/triton/0/SEHL4VU5RT7VO5VEMC6E35K6Y2PLWGTUXBY5DTGGPL7TVRFFEJFQ/triton_red_fused_div_sum_1.json	1123	15fafccf82260fc7e70db35b6e5d971f5131b2b49fa79cf76152638b33ce53fc	remainder
/tmp/torchinductor_root/triton/0/SEHL4VU5RT7VO5VEMC6E35K6Y2PLWGTUXBY5DTGGPL7TVRFFEJFQ/triton_red_fused_div_sum_1.llir	5723	ed7a601f6b6023cd8401c24ef2dde3f739343b932214b1541063aa98f3a976dd	remainder
/tmp/torchinductor_root/triton/0/SEHL4VU5RT7VO5VEMC6E35K6Y2PLWGTUXBY5DTGGPL7TVRFFEJFQ/triton_red_fused_div_sum_1.ptx	4147	bfd8c48fb7796769e1ffbad7837f3d97ce53165303ca616c2574c7f7d45c8a37	remainder
/tmp/torchinductor_root/triton/0/SEHL4VU5RT7VO5VEMC6E35K6Y2PLWGTUXBY5DTGGPL7TVRFFEJFQ/triton_red_fused_div_sum_1.source	9912	9f15e32a2c08749728e5d68b7b40eb4af341b0147fdafd5dfc5dc754f75eedc7	remainder
/tmp/torchinductor_root/triton/0/SEHL4VU5RT7VO5VEMC6E35K6Y2PLWGTUXBY5DTGGPL7TVRFFEJFQ/triton_red_fused_div_sum_1.ttgir	5656	cca391e8bfa769d4a6dfdc281b5ae9a21f9db1e768fa41bfde4fa51754a742aa	remainder
/tmp/torchinductor_root/triton/0/SEHL4VU5RT7VO5VEMC6E35K6Y2PLWGTUXBY5DTGGPL7TVRFFEJFQ/triton_red_fused_div_sum_1.ttir	5453	62cf5a587eaf4123e48708e23a71b12e1e6b7de49a2afbb4b032d4daf0cd0be7	remainder
/tmp/torchinductor_root/triton/0/SG3ZQR5TLA6L6FL23W3BCPWHNMUNT7Z4BLLIMWZ7KSYAV7YCCC6A/__grp__triton_per_fused__softmax__to_copy_exp_prepare_softmax_online_sub_0.json	1689	812b8aae41cc5d51d313629f5d2761cbb02d4a6c23eb7ce6ffbf980cdbafac14	remainder
/tmp/torchinductor_root/triton/0/SG3ZQR5TLA6L6FL23W3BCPWHNMUNT7Z4BLLIMWZ7KSYAV7YCCC6A/triton_per_fused__softmax__to_copy_exp_prepare_softmax_online_sub_0.cubin	11248	612b8b71be726846db0f6092a6bccd1990ec1ec16d2e149442bc03d02762c233	remainder
/tmp/torchinductor_root/triton/0/SG3ZQR5TLA6L6FL23W3BCPWHNMUNT7Z4BLLIMWZ7KSYAV7YCCC6A/triton_per_fused__softmax__to_copy_exp_prepare_softmax_online_sub_0.json	1167	e51f0238023ae3858396b8e7c9c02f865069199c55393100e7bbcdf394a52852	remainder
/tmp/torchinductor_root/triton/0/SG3ZQR5TLA6L6FL23W3BCPWHNMUNT7Z4BLLIMWZ7KSYAV7YCCC6A/triton_per_fused__softmax__to_copy_exp_prepare_softmax_online_sub_0.llir	56468	09c28853c132edd72b5acdcb8059baf4f63f17069183a6d1f7d3a264e463ca28	remainder
/tmp/torchinductor_root/triton/0/SG3ZQR5TLA6L6FL23W3BCPWHNMUNT7Z4BLLIMWZ7KSYAV7YCCC6A/triton_per_fused__softmax__to_copy_exp_prepare_softmax_online_sub_0.ptx	17966	43400a5b04a6386d283e0be518dab15b7a7bf86fc698df2a10293c50acff34f4	remainder
/tmp/torchinductor_root/triton/0/SG3ZQR5TLA6L6FL23W3BCPWHNMUNT7Z4BLLIMWZ7KSYAV7YCCC6A/triton_per_fused__softmax__to_copy_exp_prepare_softmax_online_sub_0.source	9353	ae579e366dcc815b3dc113559f5fa2d010968dad6f9fffc9cde97fd07559cfbd	remainder
/tmp/torchinductor_root/triton/0/SG3ZQR5TLA6L6FL23W3BCPWHNMUNT7Z4BLLIMWZ7KSYAV7YCCC6A/triton_per_fused__softmax__to_copy_exp_prepare_softmax_online_sub_0.ttgir	6559	76d4a3f3f7497540d571106bfe0d89e4e0fe265579d4a9d3d57e77ec27c4d9c0	remainder
/tmp/torchinductor_root/triton/0/SG3ZQR5TLA6L6FL23W3BCPWHNMUNT7Z4BLLIMWZ7KSYAV7YCCC6A/triton_per_fused__softmax__to_copy_exp_prepare_softmax_online_sub_0.ttir	3948	7732a66f60b9a4a1be1dc9a05eacf9bf8af32b451c5a9263738f3dd8a791d445	remainder
/tmp/torchinductor_root/triton/0/SQKVTJEMKNBEKSQO62OEH2PIW37IGWSQZGQCNXQOA6LS3CPJ626Q/__grp__triton_poi_fused_cat_neg_slice_0.json	1199	31b4ef45d028ef65c05241b2ed3c80463b4e23748e84f46e0e139d939e298a2d	remainder
/tmp/torchinductor_root/triton/0/SQKVTJEMKNBEKSQO62OEH2PIW37IGWSQZGQCNXQOA6LS3CPJ626Q/triton_poi_fused_cat_neg_slice_0.cubin	26920	8ea02ca0abffbd4ec80dedd7f2cc0dc9bfb57494991b6a03626a1c469b5b29ee	remainder
/tmp/torchinductor_root/triton/0/SQKVTJEMKNBEKSQO62OEH2PIW37IGWSQZGQCNXQOA6LS3CPJ626Q/triton_poi_fused_cat_neg_slice_0.json	1129	199674088262f9d5704a951e1b3d761e5be68ee7db82901edb580bcc567ea371	remainder
/tmp/torchinductor_root/triton/0/SQKVTJEMKNBEKSQO62OEH2PIW37IGWSQZGQCNXQOA6LS3CPJ626Q/triton_poi_fused_cat_neg_slice_0.llir	17184	ca8efadaf755efe6ce8e24bbd94011d8774f7962f2fba892ba029d1e1029a41e	remainder
/tmp/torchinductor_root/triton/0/SQKVTJEMKNBEKSQO62OEH2PIW37IGWSQZGQCNXQOA6LS3CPJ626Q/triton_poi_fused_cat_neg_slice_0.ptx	21654	a35927da0b0b6fde2997a76db8a387a5eae9b567c3855fba16e31f100308f885	remainder
/tmp/torchinductor_root/triton/0/SQKVTJEMKNBEKSQO62OEH2PIW37IGWSQZGQCNXQOA6LS3CPJ626Q/triton_poi_fused_cat_neg_slice_0.source	6554	ae1e708d87a32ace48d8e3c87a78d95aaea625b29f10893dcfa31702708e8cc9	remainder
/tmp/torchinductor_root/triton/0/SQKVTJEMKNBEKSQO62OEH2PIW37IGWSQZGQCNXQOA6LS3CPJ626Q/triton_poi_fused_cat_neg_slice_0.ttgir	4863	e9efa6a679742850b2e36de91c7eeaa8a576d1210ba87b898784be28500863a8	remainder
/tmp/torchinductor_root/triton/0/SQKVTJEMKNBEKSQO62OEH2PIW37IGWSQZGQCNXQOA6LS3CPJ626Q/triton_poi_fused_cat_neg_slice_0.ttir	4095	86019c36abf1dae1ef452378b34f5a120fb8cd2232d5860b7b4c9b63b1f2db0a	remainder
/tmp/torchinductor_root/triton/0/T4V7XOTPLDGZ3GW5M4SIICKVPU2IKPPN5ATP2Q4HG3JT4GIU5I4Q/__grp__triton_red_fused_all_slice_0.json	1143	347eae498eecd6ea97b30eddfe8fe81318aa43ca64c8a91829d19229bf75ea0f	remainder
/tmp/torchinductor_root/triton/0/T4V7XOTPLDGZ3GW5M4SIICKVPU2IKPPN5ATP2Q4HG3JT4GIU5I4Q/triton_red_fused_all_slice_0.cubin	4768	fbd6c7f47555ddb4ca965fcaef477d1b2f789ac482c8e0594856dd5e326d8713	remainder
/tmp/torchinductor_root/triton/0/T4V7XOTPLDGZ3GW5M4SIICKVPU2IKPPN5ATP2Q4HG3JT4GIU5I4Q/triton_red_fused_all_slice_0.json	1127	5b0d2966c7d7ce33feb9dc56063e6d392077f6342294a845c8e1ca2e98b0ed67	remainder
/tmp/torchinductor_root/triton/0/T4V7XOTPLDGZ3GW5M4SIICKVPU2IKPPN5ATP2Q4HG3JT4GIU5I4Q/triton_red_fused_all_slice_0.llir	7089	11e362f210fc36d4999aa93d197b1815d6a492d591ebefe77e1341b24a0f408d	remainder
/tmp/torchinductor_root/triton/0/T4V7XOTPLDGZ3GW5M4SIICKVPU2IKPPN5ATP2Q4HG3JT4GIU5I4Q/triton_red_fused_all_slice_0.ptx	5456	ee5f4ae42f96dbcef71e27bb5a0f489c1d352d4d3f5c9072e996f6dd1a816df7	remainder
/tmp/torchinductor_root/triton/0/T4V7XOTPLDGZ3GW5M4SIICKVPU2IKPPN5ATP2Q4HG3JT4GIU5I4Q/triton_red_fused_all_slice_0.source	5540	aa2aaf861d8e5ea3ca0133c52f1adbce7bc4b17bac5f8787aebb3728184f5596	remainder
/tmp/torchinductor_root/triton/0/T4V7XOTPLDGZ3GW5M4SIICKVPU2IKPPN5ATP2Q4HG3JT4GIU5I4Q/triton_red_fused_all_slice_0.ttgir	4004	45da8e096c6b9afed4a93f12e3cb1a6afd8b83f707e81fa78dfdbacc10a5d86c	remainder
/tmp/torchinductor_root/triton/0/T4V7XOTPLDGZ3GW5M4SIICKVPU2IKPPN5ATP2Q4HG3JT4GIU5I4Q/triton_red_fused_all_slice_0.ttir	3044	4a31c434df7954ad7e9e54b9c8dfdc8616fe3739ef4a652e1c3703ce44469f7b	remainder
/tmp/torchinductor_root/triton/0/TIW2HY5F3MUVKCYSTHBXC5ZI36S6XRFAHJKPGL5A4AROFY4MYUXA/__grp__triton_per_fused__to_copy_mean_mul_pow_rsqrt_0.json	1395	4bed081a9d36727596c2f11f7dd0b4a301d6dfa46c32399538949d6e7f328c5d	remainder
/tmp/torchinductor_root/triton/0/TIW2HY5F3MUVKCYSTHBXC5ZI36S6XRFAHJKPGL5A4AROFY4MYUXA/triton_per_fused__to_copy_mean_mul_pow_rsqrt_0.cubin	6256	b1d5b662b9f6604b63bae2d0b0553d2e12ffa6eef69897076138e0f8f8029e79	remainder
/tmp/torchinductor_root/triton/0/TIW2HY5F3MUVKCYSTHBXC5ZI36S6XRFAHJKPGL5A4AROFY4MYUXA/triton_per_fused__to_copy_mean_mul_pow_rsqrt_0.json	1145	65a029e30f190b2e058e9a543d3bbc2338d23706f38be8e32d3085e135fa3458	remainder
/tmp/torchinductor_root/triton/0/TIW2HY5F3MUVKCYSTHBXC5ZI36S6XRFAHJKPGL5A4AROFY4MYUXA/triton_per_fused__to_copy_mean_mul_pow_rsqrt_0.llir	16136	2da38dc7273c737cf533e4d3acb9be459c0cef984cdc5ae56d4e159f863f42bc	remainder
/tmp/torchinductor_root/triton/0/TIW2HY5F3MUVKCYSTHBXC5ZI36S6XRFAHJKPGL5A4AROFY4MYUXA/triton_per_fused__to_copy_mean_mul_pow_rsqrt_0.ptx	7439	c3a600b431bed7ac71ed5f29f2b4f1ae61efc786422aa8bbd340cd88eddbf88f	remainder
/tmp/torchinductor_root/triton/0/TIW2HY5F3MUVKCYSTHBXC5ZI36S6XRFAHJKPGL5A4AROFY4MYUXA/triton_per_fused__to_copy_mean_mul_pow_rsqrt_0.source	6497	12631f3635074304131ed4ac4638720d5a7a0e39c60f3164e6592eac8b8ef351	remainder
/tmp/torchinductor_root/triton/0/TIW2HY5F3MUVKCYSTHBXC5ZI36S6XRFAHJKPGL5A4AROFY4MYUXA/triton_per_fused__to_copy_mean_mul_pow_rsqrt_0.ttgir	5663	85947bcc23e717de7d538f983f7d8baba706cb6f1ba4d3a5be3d0b114a2f438f	remainder
/tmp/torchinductor_root/triton/0/TIW2HY5F3MUVKCYSTHBXC5ZI36S6XRFAHJKPGL5A4AROFY4MYUXA/triton_per_fused__to_copy_mean_mul_pow_rsqrt_0.ttir	4147	22c70769946b56e5d23c2f10e283b9ee2b00c59e1d6e2c3d7122685979979cc2	remainder
/tmp/torchinductor_root/triton/0/V4TN25C74QJQBVFVYNU7BMUR3UTALK2L3HOJHHXXGQSAR3NY5DKA/__grp__triton_poi_fused__to_copy_bmm_cat_cos_sin_transpose_1.json	1493	d3562e0cd673026db4683ab909b6c53246b426df209be4da5474e9253e7034c2	remainder
/tmp/torchinductor_root/triton/0/V4TN25C74QJQBVFVYNU7BMUR3UTALK2L3HOJHHXXGQSAR3NY5DKA/triton_poi_fused__to_copy_bmm_cat_cos_sin_transpose_1.cubin	27216	9e7f20f1c52eea29966285251acfc084120ea19b4afa647f52447827b83c0524	remainder
/tmp/torchinductor_root/triton/0/V4TN25C74QJQBVFVYNU7BMUR3UTALK2L3HOJHHXXGQSAR3NY5DKA/triton_poi_fused__to_copy_bmm_cat_cos_sin_transpose_1.json	1153	0525dd6943a6e7e45cfd2d3e13c32467a258e0d32c82e961865ef3f61463e2cb	remainder
/tmp/torchinductor_root/triton/0/V4TN25C74QJQBVFVYNU7BMUR3UTALK2L3HOJHHXXGQSAR3NY5DKA/triton_poi_fused__to_copy_bmm_cat_cos_sin_transpose_1.llir	188575	bcabcc1e0b9acc0b7fffbfeed57ed798740b942c70b2057e9bd48ca50e0b1ea6	remainder
/tmp/torchinductor_root/triton/0/V4TN25C74QJQBVFVYNU7BMUR3UTALK2L3HOJHHXXGQSAR3NY5DKA/triton_poi_fused__to_copy_bmm_cat_cos_sin_transpose_1.ptx	68161	3be5f5632bb67217771cd2a635c1adfe1150ac09aeaa3f95e046195f511c3b72	remainder
/tmp/torchinductor_root/triton/0/V4TN25C74QJQBVFVYNU7BMUR3UTALK2L3HOJHHXXGQSAR3NY5DKA/triton_poi_fused__to_copy_bmm_cat_cos_sin_transpose_1.source	5698	fd7a81fa1a5685fc4df0d9b6d70316708bead2ba52251bbabb2df175e864cfa9	remainder
/tmp/torchinductor_root/triton/0/V4TN25C74QJQBVFVYNU7BMUR3UTALK2L3HOJHHXXGQSAR3NY5DKA/triton_poi_fused__to_copy_bmm_cat_cos_sin_transpose_1.ttgir	7076	be7e2031e8abcb2a498f80277ec54af6f946fa6408406daaec0d73533fadae5d	remainder
/tmp/torchinductor_root/triton/0/V4TN25C74QJQBVFVYNU7BMUR3UTALK2L3HOJHHXXGQSAR3NY5DKA/triton_poi_fused__to_copy_bmm_cat_cos_sin_transpose_1.ttir	4269	9ece769b70142fbdb6fb696c01af8003917ee585b1ade404df85c38319fcfa83	remainder
/tmp/torchinductor_root/triton/0/VTVWAUGY243HAJ44DIZ3II42X2W4ABP2I5TLDMY52CNIWJI3RJJA/__grp__triton_per_fused__softmax_backward_data__to_copy_add_2.json	1507	e653016e11c69e6e221ab69aeac4b98396ca529ff5d616b73dfcb148af10ff1f	remainder
/tmp/torchinductor_root/triton/0/VTVWAUGY243HAJ44DIZ3II42X2W4ABP2I5TLDMY52CNIWJI3RJJA/triton_per_fused__softmax_backward_data__to_copy_add_2.cubin	4720	eaf1282b2c6a8324b703f1601ea286a08b6a3227e1ecfa0ea1269a078d9e730e	remainder
/tmp/torchinductor_root/triton/0/VTVWAUGY243HAJ44DIZ3II42X2W4ABP2I5TLDMY52CNIWJI3RJJA/triton_per_fused__softmax_backward_data__to_copy_add_2.json	1151	2b8bf9f51f68c3af7bb387138c63e0b12fcd3574ac6927dfa3ab3dba52686ce9	remainder
/tmp/torchinductor_root/triton/0/VTVWAUGY243HAJ44DIZ3II42X2W4ABP2I5TLDMY52CNIWJI3RJJA/triton_per_fused__softmax_backward_data__to_copy_add_2.llir	7768	02ffd0e2f81d5e09304ecc606db9eb8a467c65df79e41d1a454b2a9ebb411ad9	remainder
/tmp/torchinductor_root/triton/0/VTVWAUGY243HAJ44DIZ3II42X2W4ABP2I5TLDMY52CNIWJI3RJJA/triton_per_fused__softmax_backward_data__to_copy_add_2.ptx	4169	bd77ef4df012da7c93655e6373d3b30f3c9bfdb1eaa3792ec7d8b5adc36bbaa1	remainder
/tmp/torchinductor_root/triton/0/VTVWAUGY243HAJ44DIZ3II42X2W4ABP2I5TLDMY52CNIWJI3RJJA/triton_per_fused__softmax_backward_data__to_copy_add_2.source	7361	0bc5793cbf0b28093fcb02e3401ca3eddc4e8437e9307a637afec91c3a64ecfa	remainder
/tmp/torchinductor_root/triton/0/VTVWAUGY243HAJ44DIZ3II42X2W4ABP2I5TLDMY52CNIWJI3RJJA/triton_per_fused__softmax_backward_data__to_copy_add_2.ttgir	4006	a4564bd2f8421e574172e4fe24d04e2fd28b1b3e09fec71432125473c757e2ad	remainder
/tmp/torchinductor_root/triton/0/VTVWAUGY243HAJ44DIZ3II42X2W4ABP2I5TLDMY52CNIWJI3RJJA/triton_per_fused__softmax_backward_data__to_copy_add_2.ttir	3240	f4a82a2b92a7690df78682d2b280f99c211f7043b8512bc0ded8c4d7f9bb3da3	remainder
/tmp/torchinductor_root/triton/0/W7RXC5FRNI6S7DFDKPB2IYBKMHPDTBC5IVVNVNGNG2VHHIBT226A/__grp__triton_red_fused__to_copy_mean_mul_pow_rsqrt_0.json	1395	c54d2bd15437a245fedd262124ba06d4b417704b33c9a2fbb4a2baa34c566cc4	remainder
/tmp/torchinductor_root/triton/0/W7RXC5FRNI6S7DFDKPB2IYBKMHPDTBC5IVVNVNGNG2VHHIBT226A/triton_red_fused__to_copy_mean_mul_pow_rsqrt_0.cubin	6000	0102e6c77157b576fc0903fc52729c4d24ece0c3c2c67f07b8a860e0e38c05e3	remainder
/tmp/torchinductor_root/triton/0/W7RXC5FRNI6S7DFDKPB2IYBKMHPDTBC5IVVNVNGNG2VHHIBT226A/triton_red_fused__to_copy_mean_mul_pow_rsqrt_0.json	1147	48b1173214fdd6d29790443f2626acb814fd7c7f5439fbcf58589b37e691250c	remainder
/tmp/torchinductor_root/triton/0/W7RXC5FRNI6S7DFDKPB2IYBKMHPDTBC5IVVNVNGNG2VHHIBT226A/triton_red_fused__to_copy_mean_mul_pow_rsqrt_0.llir	12685	913b77e0e21db6f299a51ae2703d752b3f34ae5445f53b575a45146589a2916e	remainder
/tmp/torchinductor_root/triton/0/W7RXC5FRNI6S7DFDKPB2IYBKMHPDTBC5IVVNVNGNG2VHHIBT226A/triton_red_fused__to_copy_mean_mul_pow_rsqrt_0.ptx	7055	c2dbf4e11396d1dcd88eeadd8fcd43c66b665dc644b55fdd37843d529983c0d1	remainder
/tmp/torchinductor_root/triton/0/W7RXC5FRNI6S7DFDKPB2IYBKMHPDTBC5IVVNVNGNG2VHHIBT226A/triton_red_fused__to_copy_mean_mul_pow_rsqrt_0.source	9858	24210929ee51b1713586182d878a44387cc15d1780935d949be7452517d1fd33	remainder
/tmp/torchinductor_root/triton/0/W7RXC5FRNI6S7DFDKPB2IYBKMHPDTBC5IVVNVNGNG2VHHIBT226A/triton_red_fused__to_copy_mean_mul_pow_rsqrt_0.ttgir	6620	b7e53bd8cea7c10666d23991bde4b467a046272ddc3e7d352dee7af4f2bbf67c	remainder
/tmp/torchinductor_root/triton/0/W7RXC5FRNI6S7DFDKPB2IYBKMHPDTBC5IVVNVNGNG2VHHIBT226A/triton_red_fused__to_copy_mean_mul_pow_rsqrt_0.ttir	4832	e71e391b337e8f03849713e55bc366ed6eef7924dac21707d52d83fbd8316c0d	remainder
/tmp/torchinductor_root/triton/0/WGD434L22R6UJQRG7CYDZSRPEWEEZYK7LJUWQHH4YBVTEEADAI2A/__grp__triton_poi_fused_add_div_expand_scatter_zeros_0.json	1409	96345e420b668d3d8f470d792a33439b9b468f5d83b3435f8c4f69c0831da199	remainder
/tmp/torchinductor_root/triton/0/WGD434L22R6UJQRG7CYDZSRPEWEEZYK7LJUWQHH4YBVTEEADAI2A/triton_poi_fused_add_div_expand_scatter_zeros_0.cubin	3368	4154a237c71e751669f07c7303e703369531a1d569f2741bf956af95a844206d	remainder
/tmp/torchinductor_root/triton/0/WGD434L22R6UJQRG7CYDZSRPEWEEZYK7LJUWQHH4YBVTEEADAI2A/triton_poi_fused_add_div_expand_scatter_zeros_0.json	1144	aaa7692cab8e41d1f6194c30822519cd672b0acfead84602be56dd8a370b0022	remainder
/tmp/torchinductor_root/triton/0/WGD434L22R6UJQRG7CYDZSRPEWEEZYK7LJUWQHH4YBVTEEADAI2A/triton_poi_fused_add_div_expand_scatter_zeros_0.llir	1916	e8cc85f96627df44c23b370b19d70a6191b38e80ea4b231c5d47164b2f54fbef	remainder
/tmp/torchinductor_root/triton/0/WGD434L22R6UJQRG7CYDZSRPEWEEZYK7LJUWQHH4YBVTEEADAI2A/triton_poi_fused_add_div_expand_scatter_zeros_0.ptx	1541	9f668cc1bbc6e2162cad63f837a2f1e1d7605bbaeb4254a043a24ce2a1a97519	remainder
/tmp/torchinductor_root/triton/0/WGD434L22R6UJQRG7CYDZSRPEWEEZYK7LJUWQHH4YBVTEEADAI2A/triton_poi_fused_add_div_expand_scatter_zeros_0.source	1242	f6c663282309ad74b0a89dd91dea757766f3a801e84708f2e6e4b55865422c12	remainder
/tmp/torchinductor_root/triton/0/WGD434L22R6UJQRG7CYDZSRPEWEEZYK7LJUWQHH4YBVTEEADAI2A/triton_poi_fused_add_div_expand_scatter_zeros_0.ttgir	1452	f7f8a8366de1fb090343a8f42a9b7e9017bb2f97af64506774ca414f76e995ba	remainder
/tmp/torchinductor_root/triton/0/WGD434L22R6UJQRG7CYDZSRPEWEEZYK7LJUWQHH4YBVTEEADAI2A/triton_poi_fused_add_div_expand_scatter_zeros_0.ttir	1126	2083906b9ae60db0ef0b1a5304c4764e3bff58071c19160432f8e8671a7a7280	remainder
/tmp/torchinductor_root/triton/0/WTMRBGZZ6XDM7TW36FNFCQSEGHTZK3C4NODRHSNNLMX4RFETJKWA/__grp__triton_poi_fused__to_copy_cat_cos_sin_transpose_1.json	1437	109851fa6204211559918a35df8c01f2ad3bbc68400dc94b7c9d4e7a133c2410	remainder
/tmp/torchinductor_root/triton/0/WTMRBGZZ6XDM7TW36FNFCQSEGHTZK3C4NODRHSNNLMX4RFETJKWA/triton_poi_fused__to_copy_cat_cos_sin_transpose_1.cubin	51920	fdf31ae2bcb3fb4e1de9d2e70024411c5141d7ff0d2dd2a017ccd35d0ed56571	remainder
/tmp/torchinductor_root/triton/0/WTMRBGZZ6XDM7TW36FNFCQSEGHTZK3C4NODRHSNNLMX4RFETJKWA/triton_poi_fused__to_copy_cat_cos_sin_transpose_1.json	1149	9462ccd15f6fdc4c9e2460749cb1114ba4d4634186b862cb98562a5df1e8c972	remainder
/tmp/torchinductor_root/triton/0/WTMRBGZZ6XDM7TW36FNFCQSEGHTZK3C4NODRHSNNLMX4RFETJKWA/triton_poi_fused__to_copy_cat_cos_sin_transpose_1.llir	371648	aff70f03a1f0c8c17ccaf23a284deab189368483f0b3f5e0bf0fe4b94657f0e7	remainder
/tmp/torchinductor_root/triton/0/WTMRBGZZ6XDM7TW36FNFCQSEGHTZK3C4NODRHSNNLMX4RFETJKWA/triton_poi_fused__to_copy_cat_cos_sin_transpose_1.ptx	136735	7090e81b2cad788da20b251e25718df8556c256095a44a0441e9b1ea8ba1d6f7	remainder
/tmp/torchinductor_root/triton/0/WTMRBGZZ6XDM7TW36FNFCQSEGHTZK3C4NODRHSNNLMX4RFETJKWA/triton_poi_fused__to_copy_cat_cos_sin_transpose_1.source	6483	d3263f6617fd1d1d5145f608675edae20d05ad4214e5733fdc5a694104dfb40b	remainder
/tmp/torchinductor_root/triton/0/WTMRBGZZ6XDM7TW36FNFCQSEGHTZK3C4NODRHSNNLMX4RFETJKWA/triton_poi_fused__to_copy_cat_cos_sin_transpose_1.ttgir	7814	833915f3a6468f768aa2093d3c3f2972b95932bb1bed28cea1fbb1c481f669b4	remainder
/tmp/torchinductor_root/triton/0/WTMRBGZZ6XDM7TW36FNFCQSEGHTZK3C4NODRHSNNLMX4RFETJKWA/triton_poi_fused__to_copy_cat_cos_sin_transpose_1.ttir	4988	ef762263872863f70741be3552664ec678be611ead58f8816794b834cfc497c2	remainder
/tmp/torchinductor_root/triton/0/WZU5TWHTPLNJWUKQASDFVHOTZU43RU5RGSFKZ52B4IQ33HCHXM2Q/__grp__triton_poi_fused_add_div_expand_scatter_zeros_0.json	1409	a5899a6c145034358b63343b726fc130f2b474a653c493bd1286d1d805e75228	remainder
/tmp/torchinductor_root/triton/0/WZU5TWHTPLNJWUKQASDFVHOTZU43RU5RGSFKZ52B4IQ33HCHXM2Q/triton_poi_fused_add_div_expand_scatter_zeros_0.cubin	3240	8b8c7531d6f89637ac3af5adb6b6e5b5c391c7b8c791cc22b9dbe1ba87080b1d	remainder
/tmp/torchinductor_root/triton/0/WZU5TWHTPLNJWUKQASDFVHOTZU43RU5RGSFKZ52B4IQ33HCHXM2Q/triton_poi_fused_add_div_expand_scatter_zeros_0.json	1144	2d75f8ef23621f2f06d72cc0a1ca1b0dc2ee35e6c5228248a0d76b729ba22f14	remainder
/tmp/torchinductor_root/triton/0/WZU5TWHTPLNJWUKQASDFVHOTZU43RU5RGSFKZ52B4IQ33HCHXM2Q/triton_poi_fused_add_div_expand_scatter_zeros_0.llir	1578	57daae674d841cd1667627fb3434168e457835e7d49cb5a3af362d4a4d439e3e	remainder
/tmp/torchinductor_root/triton/0/WZU5TWHTPLNJWUKQASDFVHOTZU43RU5RGSFKZ52B4IQ33HCHXM2Q/triton_poi_fused_add_div_expand_scatter_zeros_0.ptx	1347	010fea9968f69a8ed37a5c7a6426fd2ae7f84b6ed45b1e0d61182faa04cae2eb	remainder
/tmp/torchinductor_root/triton/0/WZU5TWHTPLNJWUKQASDFVHOTZU43RU5RGSFKZ52B4IQ33HCHXM2Q/triton_poi_fused_add_div_expand_scatter_zeros_0.source	1226	78e849ceced05fdca996c7c053c770f0c8ad7dc78f6638e243f61f20ea8b369a	remainder
/tmp/torchinductor_root/triton/0/WZU5TWHTPLNJWUKQASDFVHOTZU43RU5RGSFKZ52B4IQ33HCHXM2Q/triton_poi_fused_add_div_expand_scatter_zeros_0.ttgir	1438	04bb4185db305ed2adf125cda2fe22bd9d004a26fc086782f0c5c7b0598d5c37	remainder
/tmp/torchinductor_root/triton/0/WZU5TWHTPLNJWUKQASDFVHOTZU43RU5RGSFKZ52B4IQ33HCHXM2Q/triton_poi_fused_add_div_expand_scatter_zeros_0.ttir	1112	6f5ea2ef599b512611cd7eaf157bd91d834daf3039eb2e24d43c2a1ce0160ea9	remainder
/tmp/torchinductor_root/triton/0/X7FP2MR3VM362RACWWNAFXMWFL6CQNUHIROHAQOTYJLOQUGGCCYQ/__grp__triton_poi_fused__to_copy_bmm_cat_cos_sin_transpose_1.json	1493	6b1e741a0d35dd9ee0e9147526ad1f04c2355f2d02c25e85b17aca8ae808784b	remainder
/tmp/torchinductor_root/triton/0/X7FP2MR3VM362RACWWNAFXMWFL6CQNUHIROHAQOTYJLOQUGGCCYQ/triton_poi_fused__to_copy_bmm_cat_cos_sin_transpose_1.cubin	27216	47dcd4cf1270b758a807015fda97b0cd3b210d4ceb86627f16e412be0486b2b2	remainder
/tmp/torchinductor_root/triton/0/X7FP2MR3VM362RACWWNAFXMWFL6CQNUHIROHAQOTYJLOQUGGCCYQ/triton_poi_fused__to_copy_bmm_cat_cos_sin_transpose_1.json	1153	fbb92a542b194abcd6b8435d326a07ca032252f3c3844bf766932c91ea665355	remainder
/tmp/torchinductor_root/triton/0/X7FP2MR3VM362RACWWNAFXMWFL6CQNUHIROHAQOTYJLOQUGGCCYQ/triton_poi_fused__to_copy_bmm_cat_cos_sin_transpose_1.llir	186957	4f23968de8a6058942e18b133f0c215dc3c02aa02bc33e54b6154e57faae025d	remainder
/tmp/torchinductor_root/triton/0/X7FP2MR3VM362RACWWNAFXMWFL6CQNUHIROHAQOTYJLOQUGGCCYQ/triton_poi_fused__to_copy_bmm_cat_cos_sin_transpose_1.ptx	68369	5d5a0ec6fe2cd690b0bfa2021e8f2cbdd31428d8ae9295d8bd036e066c87be28	remainder
/tmp/torchinductor_root/triton/0/X7FP2MR3VM362RACWWNAFXMWFL6CQNUHIROHAQOTYJLOQUGGCCYQ/triton_poi_fused__to_copy_bmm_cat_cos_sin_transpose_1.source	5698	feea31df6d74fd5769c2460a30c39a0b0345d9d6510e38b1c537a0716859992c	remainder
/tmp/torchinductor_root/triton/0/X7FP2MR3VM362RACWWNAFXMWFL6CQNUHIROHAQOTYJLOQUGGCCYQ/triton_poi_fused__to_copy_bmm_cat_cos_sin_transpose_1.ttgir	7127	75d743fe782c46715b244a8baa5a1f63c04cd695ceb02d2eae7f659a8953b540	remainder
/tmp/torchinductor_root/triton/0/X7FP2MR3VM362RACWWNAFXMWFL6CQNUHIROHAQOTYJLOQUGGCCYQ/triton_poi_fused__to_copy_bmm_cat_cos_sin_transpose_1.ttir	4406	f4b5910037731d27d3226159273a0d9f0ec3a81766e086611f5775d10ea37ffa	remainder
/tmp/torchinductor_root/triton/0/XR3LUNPLHR2SAK45XMJ5BWRRVE4QUI5DWL4NKWW7URT6XLUOAVNQ/__grp__triton_red_fused_all_slice_0.json	1143	8b93568c9c6f0fdc8789c33e00ac67ca2e92222c76151859346279bc6817e415	remainder
/tmp/torchinductor_root/triton/0/XR3LUNPLHR2SAK45XMJ5BWRRVE4QUI5DWL4NKWW7URT6XLUOAVNQ/triton_red_fused_all_slice_0.cubin	4896	e144a89a1a7b062d385673cac9c15cfb951f1cac022d9ea9d1f105682158c218	remainder
/tmp/torchinductor_root/triton/0/XR3LUNPLHR2SAK45XMJ5BWRRVE4QUI5DWL4NKWW7URT6XLUOAVNQ/triton_red_fused_all_slice_0.json	1125	30323ec2c2f6dbaf0a7f2320d38a639c7462024f5dfbb30dba839a1bf3c71ea3	remainder
/tmp/torchinductor_root/triton/0/XR3LUNPLHR2SAK45XMJ5BWRRVE4QUI5DWL4NKWW7URT6XLUOAVNQ/triton_red_fused_all_slice_0.llir	6964	7c1b6984e1cbfe56983dc3a6ccd01ebc34635f63ef27141e70c6227574b23e13	remainder
/tmp/torchinductor_root/triton/0/XR3LUNPLHR2SAK45XMJ5BWRRVE4QUI5DWL4NKWW7URT6XLUOAVNQ/triton_red_fused_all_slice_0.ptx	5537	67dfa7468521f69e0474bc1395061d7fe7be271f381261733e0fd015779c4db4	remainder
/tmp/torchinductor_root/triton/0/XR3LUNPLHR2SAK45XMJ5BWRRVE4QUI5DWL4NKWW7URT6XLUOAVNQ/triton_red_fused_all_slice_0.source	6112	94c5a691bc06359ee179b55adf0e8ee138e03a85c224d1852c60a85a7c24cd53	remainder
/tmp/torchinductor_root/triton/0/XR3LUNPLHR2SAK45XMJ5BWRRVE4QUI5DWL4NKWW7URT6XLUOAVNQ/triton_red_fused_all_slice_0.ttgir	4587	5b5a8ec65ee8ffc7f36049aaef79aa1f67b1df90f6d9f74854fd0a0aa25e4ec0	remainder
/tmp/torchinductor_root/triton/0/XR3LUNPLHR2SAK45XMJ5BWRRVE4QUI5DWL4NKWW7URT6XLUOAVNQ/triton_red_fused_all_slice_0.ttir	3563	fe64096b3a1cafafbc1179eaf74e6e95fb371d4277b7ff579b9b14b4767ff591	remainder
/tmp/torchinductor_root/triton/0/XS3YDO6U4ARAS4VOTIWG7LGGNBYAY6KBDW75A5CHOB6NNXJ6KLQQ/__grp__triton_red_fused__log_softmax__log_softmax_backward_data__to_copy_arange_div_eq_expand_nll_loss_backward_ones_like_prepare_softmax_online_scalar_tenso.json	2851	71287c58bb25116cf89db6ac77e2c3523e682e9f6fef1ccd90e9911bf275e9a7	remainder
/tmp/torchinductor_root/triton/0/XS3YDO6U4ARAS4VOTIWG7LGGNBYAY6KBDW75A5CHOB6NNXJ6KLQQ/triton_red_fused__log_softmax__log_softmax_backward_data__to_copy_arange_div_eq_expand_nll_loss_backward_ones_like_prepare_softmax_online_scalar_tenso.cubin	14320	b14e0253aa8616596dc95c6b2e1de216b460799efcca1c1ce0c48359d609d52b	remainder
/tmp/torchinductor_root/triton/0/XS3YDO6U4ARAS4VOTIWG7LGGNBYAY6KBDW75A5CHOB6NNXJ6KLQQ/triton_red_fused__log_softmax__log_softmax_backward_data__to_copy_arange_div_eq_expand_nll_loss_backward_ones_like_prepare_softmax_online_scalar_tenso.json	1267	c012fe1f2a535dd3cad0a0329178f34c305c39d5ccaca872ac40eeff05cc595a	remainder
/tmp/torchinductor_root/triton/0/XS3YDO6U4ARAS4VOTIWG7LGGNBYAY6KBDW75A5CHOB6NNXJ6KLQQ/triton_red_fused__log_softmax__log_softmax_backward_data__to_copy_arange_div_eq_expand_nll_loss_backward_ones_like_prepare_softmax_online_scalar_tenso.llir	70576	b61bbb4dcdd6fb58e5d3862ee8f730056753fa4e6f1220e5d07874f3ce82a9b8	remainder
/tmp/torchinductor_root/triton/0/XS3YDO6U4ARAS4VOTIWG7LGGNBYAY6KBDW75A5CHOB6NNXJ6KLQQ/triton_red_fused__log_softmax__log_softmax_backward_data__to_copy_arange_div_eq_expand_nll_loss_backward_ones_like_prepare_softmax_online_scalar_tenso.ptx	26641	db22f9a6d48974266873f04584b649e52a37005908fe2ddf14aed1aa2bc6e538	remainder
/tmp/torchinductor_root/triton/0/XS3YDO6U4ARAS4VOTIWG7LGGNBYAY6KBDW75A5CHOB6NNXJ6KLQQ/triton_red_fused__log_softmax__log_softmax_backward_data__to_copy_arange_div_eq_expand_nll_loss_backward_ones_like_prepare_softmax_online_scalar_tenso.source	25406	07bb0d15e1b6644cec71329e2b2f04ad634cf77f323a1077ce02d3dd62bc21c6	remainder
/tmp/torchinductor_root/triton/0/XS3YDO6U4ARAS4VOTIWG7LGGNBYAY6KBDW75A5CHOB6NNXJ6KLQQ/triton_red_fused__log_softmax__log_softmax_backward_data__to_copy_arange_div_eq_expand_nll_loss_backward_ones_like_prepare_softmax_online_scalar_tenso.ttgir	15510	ca30dde0b421f68f5a56e10463ab61336b37ae998ecf6ace597cf8e9a6603f9c	remainder
/tmp/torchinductor_root/triton/0/XS3YDO6U4ARAS4VOTIWG7LGGNBYAY6KBDW75A5CHOB6NNXJ6KLQQ/triton_red_fused__log_softmax__log_softmax_backward_data__to_copy_arange_div_eq_expand_nll_loss_backward_ones_like_prepare_softmax_online_scalar_tenso.ttir	11291	35a20464ea96ae337464fde6f861da5d3fda95d25b9159c1ae6fa2fd5e682522	remainder
/tmp/torchinductor_root/triton/0/XSSRBUBFNGNNI53NKYIWBWHCPVSC47HFLVR2COC3XR34XPDOPBXQ/__grp__triton_red_fused_div_sum_1.json	1115	9e56fcdc8d79cb13fddc05df268b7c3c9a1a0442be09f7a9b86b5c1d3e5f8d4e	remainder
/tmp/torchinductor_root/triton/0/XSSRBUBFNGNNI53NKYIWBWHCPVSC47HFLVR2COC3XR34XPDOPBXQ/triton_red_fused_div_sum_1.cubin	5672	f9c338e5c150b8c66caef58326397ed54622527ff761b1f36bb2e476a8444dc3	remainder
/tmp/torchinductor_root/triton/0/XSSRBUBFNGNNI53NKYIWBWHCPVSC47HFLVR2COC3XR34XPDOPBXQ/triton_red_fused_div_sum_1.json	1123	8992923fcd9dbd8598fe1a752ffd41cdfbde3d29a7bad72b8953e62563f5a2e7	remainder
/tmp/torchinductor_root/triton/0/XSSRBUBFNGNNI53NKYIWBWHCPVSC47HFLVR2COC3XR34XPDOPBXQ/triton_red_fused_div_sum_1.llir	5899	554fd2cff1ca71180dc1eddfe71d4d6499b575d2a49b8ad69d981fff23bba0f5	remainder
/tmp/torchinductor_root/triton/0/XSSRBUBFNGNNI53NKYIWBWHCPVSC47HFLVR2COC3XR34XPDOPBXQ/triton_red_fused_div_sum_1.ptx	4218	4ee0212d9b33cf66d674ebdf1bbd6a6b4a1fc2f76fc0f2b4794c172d8446dc8d	remainder
/tmp/torchinductor_root/triton/0/XSSRBUBFNGNNI53NKYIWBWHCPVSC47HFLVR2COC3XR34XPDOPBXQ/triton_red_fused_div_sum_1.source	9831	d471bb69f012ca862b0cc8a15180393b32253abad022b29d3fa22b5343ee3aba	remainder
/tmp/torchinductor_root/triton/0/XSSRBUBFNGNNI53NKYIWBWHCPVSC47HFLVR2COC3XR34XPDOPBXQ/triton_red_fused_div_sum_1.ttgir	5561	b87e20c24955941ba1de21a4a8a71de36d068ab181014caa724b09d5e1582593	remainder
/tmp/torchinductor_root/triton/0/XSSRBUBFNGNNI53NKYIWBWHCPVSC47HFLVR2COC3XR34XPDOPBXQ/triton_red_fused_div_sum_1.ttir	5265	29ccdb6de1d6f67b387b552bc85e41adab4a91efde4aa444cb34083f28eb4a5f	remainder
/tmp/torchinductor_root/triton/0/XU5DT2AO5BD5AEHEYGLPP5LRDFHHCUEJT4LGDVLB4STXUGVGHFPA/cuda_utils.cpython-312-x86_64-linux-gnu.so	31944	4db99f6b899a089afbeaf2ba433c123a35a50569b57bacd8e102c41a55ae209d	remainder
/tmp/torchinductor_root/triton/0/Y6RKF6W7CFJYHKB4VYHUFPIDSUZOWEBR4OO7SSQLYTZELTF3YYBQ/__grp__triton_poi_fused__to_copy_cat_cos_sin_transpose_1.json	1437	dee63d8651c47c8fe49ad3f4aea4a8a28ec6436433fc30eafbf160efc9dbb922	remainder
/tmp/torchinductor_root/triton/0/Y6RKF6W7CFJYHKB4VYHUFPIDSUZOWEBR4OO7SSQLYTZELTF3YYBQ/triton_poi_fused__to_copy_cat_cos_sin_transpose_1.cubin	34568	dd1b1b81756de67d1d239053074496b2ceddb2519daf59aef2906531cfb81b0a	remainder
/tmp/torchinductor_root/triton/0/Y6RKF6W7CFJYHKB4VYHUFPIDSUZOWEBR4OO7SSQLYTZELTF3YYBQ/triton_poi_fused__to_copy_cat_cos_sin_transpose_1.json	1146	aab12ad0bd67a7460c24bbed07be2fdf826b98a3540a3fb2a6aabc5f3dc4fa34	remainder
/tmp/torchinductor_root/triton/0/Y6RKF6W7CFJYHKB4VYHUFPIDSUZOWEBR4OO7SSQLYTZELTF3YYBQ/triton_poi_fused__to_copy_cat_cos_sin_transpose_1.llir	189282	ba607e10907a1d928fc60c96cf1be56ad066c7566e99d7005ac7fcccc6b58af0	remainder
/tmp/torchinductor_root/triton/0/Y6RKF6W7CFJYHKB4VYHUFPIDSUZOWEBR4OO7SSQLYTZELTF3YYBQ/triton_poi_fused__to_copy_cat_cos_sin_transpose_1.ptx	72911	27906840fd938c2643e37b932a06549236573f27c9c9f7bde7e95ff7e23524f7	remainder
/tmp/torchinductor_root/triton/0/Y6RKF6W7CFJYHKB4VYHUFPIDSUZOWEBR4OO7SSQLYTZELTF3YYBQ/triton_poi_fused__to_copy_cat_cos_sin_transpose_1.source	5944	5839e31c9151cc6acda04448e12d21b6c810b65627a554a8eb8e048c8367b9b1	remainder
/tmp/torchinductor_root/triton/0/Y6RKF6W7CFJYHKB4VYHUFPIDSUZOWEBR4OO7SSQLYTZELTF3YYBQ/triton_poi_fused__to_copy_cat_cos_sin_transpose_1.ttgir	4839	d9f02740b56cc50fbd1082b220b3bc5ea201f4ef28fb3d7133462e6c23c6ce91	remainder
/tmp/torchinductor_root/triton/0/Y6RKF6W7CFJYHKB4VYHUFPIDSUZOWEBR4OO7SSQLYTZELTF3YYBQ/triton_poi_fused__to_copy_cat_cos_sin_transpose_1.ttir	4097	61e773c7d7ca63f6906021420f0f9ddef1bb5955084b1ef9e39710c7d4e1e73a	remainder
/tmp/torchinductor_root/triton/0/YQLN4WQBOMSMBGFSQAMOH2HTI64LTXHQIYXBW7DQZ2FCXIDOI3BQ/__grp__triton_red_fused__log_softmax__to_copy_add_copy__div_nll_loss_forward_sub_1.json	1801	48f06c132e2867e9369e632f9e1cf869d294743c26b71c7f50fff0fa117ed951	remainder
/tmp/torchinductor_root/triton/0/YQLN4WQBOMSMBGFSQAMOH2HTI64LTXHQIYXBW7DQZ2FCXIDOI3BQ/triton_red_fused__log_softmax__to_copy_add_copy__div_nll_loss_forward_sub_1.cubin	12208	6bd2e793a88fecf4ed40359aea03e4017479e7d067806b9715810db547b13e77	remainder
/tmp/torchinductor_root/triton/0/YQLN4WQBOMSMBGFSQAMOH2HTI64LTXHQIYXBW7DQZ2FCXIDOI3BQ/triton_red_fused__log_softmax__to_copy_add_copy__div_nll_loss_forward_sub_1.json	1175	af30d79787991d6dd4dd0ff10bb5d86a355959bb9ba3f48c7c2d7d425d669304	remainder
/tmp/torchinductor_root/triton/0/YQLN4WQBOMSMBGFSQAMOH2HTI64LTXHQIYXBW7DQZ2FCXIDOI3BQ/triton_red_fused__log_softmax__to_copy_add_copy__div_nll_loss_forward_sub_1.llir	45340	93190f35d0ed51327e94ce05caaaf2a42230239339ec6440348cb29f57ced77f	remainder
/tmp/torchinductor_root/triton/0/YQLN4WQBOMSMBGFSQAMOH2HTI64LTXHQIYXBW7DQZ2FCXIDOI3BQ/triton_red_fused__log_softmax__to_copy_add_copy__div_nll_loss_forward_sub_1.ptx	22781	4539a7d600e3a76a5a748e22efc142a152f1349c6ed4377174e9c8a9f22b079d	remainder
/tmp/torchinductor_root/triton/0/YQLN4WQBOMSMBGFSQAMOH2HTI64LTXHQIYXBW7DQZ2FCXIDOI3BQ/triton_red_fused__log_softmax__to_copy_add_copy__div_nll_loss_forward_sub_1.source	10267	497132f0798298588eb9816f91195008ef12d7edd79410af3ff22c15378a1d92	remainder
/tmp/torchinductor_root/triton/0/YQLN4WQBOMSMBGFSQAMOH2HTI64LTXHQIYXBW7DQZ2FCXIDOI3BQ/triton_red_fused__log_softmax__to_copy_add_copy__div_nll_loss_forward_sub_1.ttgir	8066	8edd0ad2ea57e4dbe4fea32743290754c36b8cda5c3c7bfbf87fcc5ff0f59f74	remainder
/tmp/torchinductor_root/triton/0/YQLN4WQBOMSMBGFSQAMOH2HTI64LTXHQIYXBW7DQZ2FCXIDOI3BQ/triton_red_fused__log_softmax__to_copy_add_copy__div_nll_loss_forward_sub_1.ttir	5747	aabceea9d49fc8afa55c4257089a4436e362fbfc6c2ba35d7f5a7e6e61e8b6c9	remainder
/tmp/torchinductor_root/triton/0/YUM5TR6ALM3LIOETFSTQZW3OX73FBD25EFGOVHVISB4R4MB23FLQ/__grp__triton_poi_fused__to_copy_cat_cos_sin_transpose_1.json	1437	117353e5f6b6ef4a50a1e269445c33a139ee78347a83e43344e9f490e86f0881	remainder
/tmp/torchinductor_root/triton/0/YUM5TR6ALM3LIOETFSTQZW3OX73FBD25EFGOVHVISB4R4MB23FLQ/triton_poi_fused__to_copy_cat_cos_sin_transpose_1.cubin	29648	21457ba8912d56f3205266019caa558a97443571c861130a7d422de8c3caa8a1	remainder
/tmp/torchinductor_root/triton/0/YUM5TR6ALM3LIOETFSTQZW3OX73FBD25EFGOVHVISB4R4MB23FLQ/triton_poi_fused__to_copy_cat_cos_sin_transpose_1.json	1149	b91fca6071cd5eee1b704d21c8b0b9bf377f74d4d4373c6ab5d3299db5e2bc5f	remainder
/tmp/torchinductor_root/triton/0/YUM5TR6ALM3LIOETFSTQZW3OX73FBD25EFGOVHVISB4R4MB23FLQ/triton_poi_fused__to_copy_cat_cos_sin_transpose_1.llir	188866	3ee07e7260c129acf5a33ae1229ac16a69c60e56943df809e4c4b35a0cc95850	remainder
/tmp/torchinductor_root/triton/0/YUM5TR6ALM3LIOETFSTQZW3OX73FBD25EFGOVHVISB4R4MB23FLQ/triton_poi_fused__to_copy_cat_cos_sin_transpose_1.ptx	68998	96961e925e4ab9cf908d756b20b4d788c69469b4d0d5fa67f202e82b9d334a25	remainder
/tmp/torchinductor_root/triton/0/YUM5TR6ALM3LIOETFSTQZW3OX73FBD25EFGOVHVISB4R4MB23FLQ/triton_poi_fused__to_copy_cat_cos_sin_transpose_1.source	6416	0cd48f427afc0e3c97b2d1c2dbc54e3f7cbfa41bbf4cdda45ef0229be732b135	remainder
/tmp/torchinductor_root/triton/0/YUM5TR6ALM3LIOETFSTQZW3OX73FBD25EFGOVHVISB4R4MB23FLQ/triton_poi_fused__to_copy_cat_cos_sin_transpose_1.ttgir	7696	7a320505ae5c351682786a54a336545afbbb15b856d8708fd6db9869b46320e3	remainder
/tmp/torchinductor_root/triton/0/YUM5TR6ALM3LIOETFSTQZW3OX73FBD25EFGOVHVISB4R4MB23FLQ/triton_poi_fused__to_copy_cat_cos_sin_transpose_1.ttir	4801	78e16ecd5a2ed4910270e708df5875717fb7d3a2f0359bd34c383b517a2c19c7	remainder
/tmp/torchinductor_root/triton/0/Z6MFBIBAKQAMIKQIBEEP4F7XDMTB3YHVISPPEWHFNIYFFJFBITKQ/__grp__triton_red_fused_add_div_expand_mul_neg_scatter_sum_zeros_1.json	1577	1bd5461525eb9fa818ddfc5e95b77a68fda1d0c37c6d79a8976d2c425726fc01	remainder
/tmp/torchinductor_root/triton/0/Z6MFBIBAKQAMIKQIBEEP4F7XDMTB3YHVISPPEWHFNIYFFJFBITKQ/triton_red_fused_add_div_expand_mul_neg_scatter_sum_zeros_1.cubin	11552	1bd6810c83046625098fdd1877191a75b31a11a27a2fad716a209825554b0e72	remainder
/tmp/torchinductor_root/triton/0/Z6MFBIBAKQAMIKQIBEEP4F7XDMTB3YHVISPPEWHFNIYFFJFBITKQ/triton_red_fused_add_div_expand_mul_neg_scatter_sum_zeros_1.json	1159	fc564a834982e1dc0884db19b03376e9716a9d0489fda596d40f960f7fe8f013	remainder
/tmp/torchinductor_root/triton/0/Z6MFBIBAKQAMIKQIBEEP4F7XDMTB3YHVISPPEWHFNIYFFJFBITKQ/triton_red_fused_add_div_expand_mul_neg_scatter_sum_zeros_1.llir	23884	af2bab367e5b70767be9dfa54ea5526452e6f4af7a6572bf0e75ac092e9a3c5b	remainder
/tmp/torchinductor_root/triton/0/Z6MFBIBAKQAMIKQIBEEP4F7XDMTB3YHVISPPEWHFNIYFFJFBITKQ/triton_red_fused_add_div_expand_mul_neg_scatter_sum_zeros_1.ptx	17891	e9d8211eb982a21301fe854c3b190db251cd3899f70862220161901b560658c6	remainder
/tmp/torchinductor_root/triton/0/Z6MFBIBAKQAMIKQIBEEP4F7XDMTB3YHVISPPEWHFNIYFFJFBITKQ/triton_red_fused_add_div_expand_mul_neg_scatter_sum_zeros_1.source	15042	ed048ff0072d67b8c2142cad9e74bab0442c3a3bc397350da441c4931621d7da	remainder
/tmp/torchinductor_root/triton/0/Z6MFBIBAKQAMIKQIBEEP4F7XDMTB3YHVISPPEWHFNIYFFJFBITKQ/triton_red_fused_add_div_expand_mul_neg_scatter_sum_zeros_1.ttgir	10335	a228feda1ec92629f444409c5b1906243d45abb59a1eea28220ce17a98d8874e	remainder
/tmp/torchinductor_root/triton/0/Z6MFBIBAKQAMIKQIBEEP4F7XDMTB3YHVISPPEWHFNIYFFJFBITKQ/triton_red_fused_add_div_expand_mul_neg_scatter_sum_zeros_1.ttir	8038	d44cfeb222bb762fb7aca3a87b8f823ad2e7a5aafe0056a8bbfb7cfa86807d56	remainder
/tmp/torchinductor_root/triton/0/ZEWPXH64MM2H3JAYWGR3KQF6EZR7RY7ZFX7EBGFVTS3P2D5BCQFQ/__grp__triton_poi_fused_cat_neg_slice_0.json	1199	c20aa0900932839c9874eb118368fc1801c26603b02d427e54a877f25af125d5	remainder
/tmp/torchinductor_root/triton/0/ZEWPXH64MM2H3JAYWGR3KQF6EZR7RY7ZFX7EBGFVTS3P2D5BCQFQ/triton_poi_fused_cat_neg_slice_0.cubin	11304	91c613636d6240a6940e5daa1e63bff83dd7d5c4ec17803ed07b12cac2b062ed	remainder
/tmp/torchinductor_root/triton/0/ZEWPXH64MM2H3JAYWGR3KQF6EZR7RY7ZFX7EBGFVTS3P2D5BCQFQ/triton_poi_fused_cat_neg_slice_0.json	1129	003cdba0efc6b6dc5c83e10a91bb5832009aa4c5a4e30f75e133afa1a16e8490	remainder
/tmp/torchinductor_root/triton/0/ZEWPXH64MM2H3JAYWGR3KQF6EZR7RY7ZFX7EBGFVTS3P2D5BCQFQ/triton_poi_fused_cat_neg_slice_0.llir	5173	521b5ce34ee9862c76cd2671984be94842ac4d51edbe9173c58571a26355a141	remainder
/tmp/torchinductor_root/triton/0/ZEWPXH64MM2H3JAYWGR3KQF6EZR7RY7ZFX7EBGFVTS3P2D5BCQFQ/triton_poi_fused_cat_neg_slice_0.ptx	6700	ab82c415f2594aee48ca9517f180f141746b0b63e4ddf49f833e53c804280601	remainder
/tmp/torchinductor_root/triton/0/ZEWPXH64MM2H3JAYWGR3KQF6EZR7RY7ZFX7EBGFVTS3P2D5BCQFQ/triton_poi_fused_cat_neg_slice_0.source	6466	47b8bba61ced11b517bb55d8d46255b11d4cec81e386845b65cad1153895ed9f	remainder
/tmp/torchinductor_root/triton/0/ZEWPXH64MM2H3JAYWGR3KQF6EZR7RY7ZFX7EBGFVTS3P2D5BCQFQ/triton_poi_fused_cat_neg_slice_0.ttgir	4805	4ba52ff5e20b884832ba4fd0e4bec1dbff6eb5343376e1bd7a426eef5d905bc6	remainder
/tmp/torchinductor_root/triton/0/ZEWPXH64MM2H3JAYWGR3KQF6EZR7RY7ZFX7EBGFVTS3P2D5BCQFQ/triton_poi_fused_cat_neg_slice_0.ttir	4037	0c417aa2a9cbf075292f45b940f25a054a86ee7c1baf80d58a206490d80cfc39	remainder
/tmp/torchinductor_root/tu/ctubcsdvo3ceoptwa7ee5rgbp62rnt62wi4ltfg2ici7hn36ehif.py	8561	0aa54aa5f3703a47b146541fbadf6d70050d6a50fd1f57048af2ce388cafb835	remainder
/tmp/torchinductor_root/uh/a6ec7e184c54327549f78547b28c6e68989dc904f5ee73bfc4b797726505e307.best_config	256	53e91c6c9eebc86fd365c3ba7ce64c06ac2412c2ec81c9571bc3a4189bafc057	remainder
/tmp/torchinductor_root/uh/cuhwqfchlf4ae2puin7m5ce6iyudtwyjniwqjmdwrkfide3peuqi.py	3047	81ac4d6836f9dd0faacb624b5e67e921438cbae745b3871f5c4979f0f759d069	remainder
/tmp/torchinductor_root/ur/curkw6xge7nmvd6yqbegi35iw434jqdyzrqyi7ysk6hayfyrvigd.py	10193	f8ee48328bbc6c9ff8c246d5de8493d7e049f6fa10a529ad16525014a51ad603	remainder
/tmp/torchinductor_root/v4/08b2de87d84c793e05fbd970f85e31fdb750d9a42338a65794527d68e6979ca8.best_config	256	4224c3616fbb987238cfb70ac5d397e42a76729f83a56e52968ed534b2ab7c5b	remainder
/tmp/torchinductor_root/v4/cv47y4cydmxj3vxhwd3mohl45z7ucykdvmslbxyun3pnoz6zr2ag.py	2984	0618a4c5b9235ad0284b1795536374566b5b8146fbaa63008400052c366294ff	remainder
/tmp/torchinductor_root/v4/cv4qknbe4r2cyx55w24amrn5w2dyhue4asws46ktnvrzdsm2d4hz.py	3483	7a9ef59fe67a757fe28a34f6e00472e373bd6965909d3ee73354f2e4ca6a3fe7	remainder
/tmp/torchinductor_root/vb/8d5f21e759266188ace252242a2e923c2329822b75530185afbd4deb24033bfa.best_config	258	b33b6a7de0f3c989ee64b490fd6f3c565475d34530e97271fc727f43631409b5	remainder
/tmp/torchinductor_root/vb/cvbje3ys6h5cut27wwsv7bicpagpzhcjs7wmluivxe6hb3yhhvum.py	2474	ceacbd0c3c9a2278f50824c48919e3402017ce3a797788e22a09dfedd982444b	remainder
/tmp/torchinductor_root/vh/cvhzxupafumgp2nyygjbp42vakquh4pv4fug6txoiljd37yblowe.py	9985	8d0e224abb6805639fbb0fa9ceb405f74fb78c9c8274eb110bda52e407605b61	remainder
/tmp/torchinductor_root/wo/b09098480a84f495fac8657e6e6b0ee6336907e4372301f2fac0cf30979b60f8.best_config	258	342e82114e7392070c98635e9e3f2209a1282c1d1174e68afba36ab5174054fe	remainder
/tmp/torchinductor_root/wo/cwovsvd6x2obynfyxwxsxcnbbusw2emlphrthkeszgxjil45jvta.py	2003	4f6538cc9e56e3684e4945c2cdc930aca9abaffc7fab098930439a93df41be68	remainder
/tmp/torchinductor_root/x2/cx23bp23mzihv3jnvggxjd3hinrcu74js4djfqiryedpfsjjjv7r.py	3752	e5c6879b3defd304b1b1478c2999bacf6f2dff761b12dc93e9cf31b3e131f0cc	remainder
/tmp/torchinductor_root/x5/0d86826bd225bd7a9b68865f73f0807c21f0728ff9023873820915197988defe.best_config	258	dc46945f85651ec19e3876d10fbaf26fec9d97bc150e381f90ecbd6d60d4b793	remainder
/tmp/torchinductor_root/x5/cx5joaalzatnvyqbyw6vxkls56fksgeei5f5d24jw7h7dg4ox2y5.py	2003	35a4f958d76c248c8fa52335cebe3b927ba69e6c8aade937e8dab56a075081e3	remainder
/tmp/torchinductor_root/x7/cx7ety2expuhp6j4bephiub6asb5eejv23bebggx2tf2z6an7pxo.py	9749	91aaca2e909521e013b12911124693671a0ac23d3ff10270beb42fb0a95f3d62	remainder
/tmp/torchinductor_root/xm/cxmlihadr6nmvc5kty54oeolmr36act3tlolyzy5hcmanmijzoax.py	4530	1a3ba3f73b285a496762bdc918041b2631b45b9aef0d70152c31499f045dc86d	remainder
/tmp/torchinductor_root/yq/cyqrl33kx7dmks5hgbms2qniii7harbkcdxg3z3lmf7iwcs73xvz.py	3886	54022e31a5d5b45f59853e131a3d5e75ed79bc72dbf55fd0326881ef27338bed	remainder
/tmp/torchinductor_root/zx/czx3x7ze6q4x6wbhasiulaxni67qnmmf6who37l7ytidfetgxhme.py	10041	a0d6d28553b03037e1e754db953a5d47dea24b6a3ce56a7323eac73b0cb5959c	remainder
/workspace/reverse-pilot-20260929/.ipynb_checkpoints/batch16-public-receipts-checkpoint.txt	692544	5989b6fcaf09dd08e65bb7ff975a9c989cd16a7151756375a9dea6b4d1493884	remainder
/workspace/reverse-pilot-20260929/.ipynb_checkpoints/copy-repair-bootstrap-checkpoint.txt	43460	915aeda37330c759cc5315500b26e04b30d7bec279134126bf24dcb5511b5e2c	remainder
/workspace/reverse-pilot-20260929/.ipynb_checkpoints/copy-repair-receipts-checkpoint.txt	4466	3c3ffbd58a0b59d9dc25fc154c776e063c43d321257d317f82861fc27119364a	remainder
/workspace/reverse-pilot-20260929/.ipynb_checkpoints/environment-checkpoint.txt	5876	00f3b0a2f7a0349a0c89ebe44072f39ae749c9b7f5a1e25b237d45bed2661624	remainder
/workspace/reverse-pilot-20260929/.ipynb_checkpoints/gpu-fit-checkpoint.json	264	ed6907df564c1ea8ae780ec96c803c78e08587c785bf6cad3dbb64f892355c3a	remainder
/workspace/reverse-pilot-20260929/.ipynb_checkpoints/initial-manifests-checkpoint.txt	2328	4b0b176033bbf943bd848b9bc4fe395504840769aaf9b600e773597d9578945d	remainder
/workspace/reverse-pilot-20260929/.ipynb_checkpoints/moe-preflight-checkpoint.log	481	25371da7607d117fa4d8a14d01e0025aaa27125c899368e79a7fee08949e7293	remainder
/workspace/reverse-pilot-20260929/.ipynb_checkpoints/public-receipts-checkpoint.txt	576312	c925ebe24f59bb24ab1777ce2be54b21df3ec54f8e765023ba241a8493d05c19	remainder
/workspace/reverse-pilot-20260929/.ipynb_checkpoints/resume-preflight-checkpoint.json	44749	65e762ebd638fb9dd8e333ea03911c08adcb5b11e2c9923432215b560e9fa191	remainder
/workspace/reverse-pilot-20260929/.ipynb_checkpoints/resume-preflight-checkpoint.txt	44749	65e762ebd638fb9dd8e333ea03911c08adcb5b11e2c9923432215b560e9fa191	remainder
/workspace/reverse-pilot-20260929/.ipynb_checkpoints/resume-recovery-checkpoint.txt	2880	d5e85cba139f059220c951b28496736f70397e175dc7b9803780a33159593e26	remainder
/workspace/reverse-pilot-20260929/.ipynb_checkpoints/runtime-export-after-repair-checkpoint.txt	711810	595ef59b582a91b4fd5ba91aae5cc0851554f4839f99743895d18d63575160a1	remainder
/workspace/reverse-pilot-20260929/.ipynb_checkpoints/runtime-export-checkpoint.txt	1457187	7706b1bb0c9b6075ed305e699e47afabfbb5b5e58ac4ae0ae229b5e450195f3e	remainder
/workspace/reverse-pilot-20260929/.ipynb_checkpoints/runtime-progress-checkpoint.txt	1186	ec551bf802fd5180cd002e145e4739e8f5fe831624abd904a253c134532ce307	remainder
/workspace/reverse-pilot-20260929/.ipynb_checkpoints/unsloth-api-checkpoint.txt	27758	e0c7efdc01e9cbe14db8f0194f5647c5ce7db9827e8d75d74f2d4b1b896a1c7e	remainder
/workspace/reverse-pilot-20260929/all-trials-20260929.tar.gz	760670	eb371fda2719c13a5e8e370e2aaf439b4337965f17652f7d8e6784efd29233fc	remainder
/workspace/reverse-pilot-20260929/aria2-private/base-model-00001-of-00016.safetensors.log	16442	e57d903e95e75c5902ba3bdf05569176679c391266b3e859880a2732bd95f4ec	remainder
/workspace/reverse-pilot-20260929/aria2-private/base-model-00002-of-00016.safetensors.log	16076	4742dbc35e326c0c78f31fb4e02e131c0a7c1ba917504e51a43c1a91e9daefde	remainder
/workspace/reverse-pilot-20260929/aria2-private/base-model-00003-of-00016.safetensors.log	16458	60f944adb508cd2eeb03d6a01dabe1e510778f85f1d31ac7b7c392d596eb37fd	remainder
/workspace/reverse-pilot-20260929/aria2-private/base-model-00004-of-00016.safetensors.log	17903	c7c34fbf35a5fedeed3b996328eb6cd19a2477f5321a98d4d3a733c9dc45837c	remainder
/workspace/reverse-pilot-20260929/aria2-private/base-model-00005-of-00016.safetensors.log	15302	fea729401525cb6353251ecb3e4bbf871feb2950275bd87a5845250973e29b2e	remainder
/workspace/reverse-pilot-20260929/aria2-private/base-model-00006-of-00016.safetensors.log	20524	3ed4bc72db73e37c9f2a3463d1ca82dcf05bb8e6bae53d247e09b5ff679fc051	remainder
/workspace/reverse-pilot-20260929/aria2-private/base-model-00007-of-00016.safetensors.log	17208	f9d275d7f92949b108c75e8dcaea93943a32234390c798fc7fc450f7cbae542e	remainder
/workspace/reverse-pilot-20260929/aria2-private/base-model-00008-of-00016.safetensors.log	18696	c944d0927f947c8debedd2b161f531bbea4c89e38dcfc60b372101679882c4e3	remainder
/workspace/reverse-pilot-20260929/aria2-private/base-model-00009-of-00016.safetensors.log	13549	618522bbe057e5960c9db86c0a82c8f843e423bde14f90cf6b6bbc4cdd1182e1	remainder
/workspace/reverse-pilot-20260929/aria2-private/base-model-00010-of-00016.safetensors.log	10909	ddd621b93dad34d796226f6a03b682fa2a456c94065055b0fb9b124e3d5a4557	remainder
/workspace/reverse-pilot-20260929/aria2-private/base-model-00011-of-00016.safetensors.log	10866	64a4c1164e402ca7e7d646fd36997c53d0e61c1a64b114fd6c5b484ddf97fbdf	remainder
/workspace/reverse-pilot-20260929/aria2-private/base-model-00012-of-00016.safetensors.log	8280	95dee25f95a330dd34eaa0a384dca29d600b626ec95fb98729c1bb288a9d2743	remainder
/workspace/reverse-pilot-20260929/aria2-private/instruct-model-00002-of-00016.safetensors.log	17776	0be624860b93b598242f5b7d5b67623a5a203220fdbf0bfd163d62564a3b7f45	remainder
/workspace/reverse-pilot-20260929/aria2-private/instruct-model-00003-of-00016.safetensors.log	15854	532ac1f91699bae1b0dd2bccf4b351927b53b5c1f2d94af53e9ccb9b5886bf2c	remainder
/workspace/reverse-pilot-20260929/aria2-private/instruct-model-00004-of-00016.safetensors.log	17012	e9d1bed00116b0becd06089b0d86ed86db8dfc8b1e54f80e57aab94067582402	remainder
/workspace/reverse-pilot-20260929/aria2-private/instruct-model-00005-of-00016.safetensors.log	17387	06bce726c3053fd3fc9de508a6990d0b0731b7f9f8721cd188f57288c97d2827	remainder
/workspace/reverse-pilot-20260929/aria2-private/instruct-model-00006-of-00016.safetensors.log	14734	578651901c7434dab1991ec98d21aea7927798bdce33027ef3b02dcc0e10869e	remainder
/workspace/reverse-pilot-20260929/aria2-private/instruct-model-00007-of-00016.safetensors.log	18146	7ff41451e85599cf9935ef8cc9ba03cf751fdae12072071bcaecea2baa0c77d6	remainder
/workspace/reverse-pilot-20260929/aria2-private/instruct-model-00008-of-00016.safetensors.log	20438	67c12e6d1f974114d59c40b43cf7e426c49137f355c4a92772da9dc0ac247641	remainder
/workspace/reverse-pilot-20260929/aria2-private/instruct-model-00009-of-00016.safetensors.log	13571	abc553a0ab00eb1e4c72912524fe01dfb523af7961f0d96ff0b2bfe87d5c5f00	remainder
/workspace/reverse-pilot-20260929/aria2-private/instruct-model-00010-of-00016.safetensors.log	16963	427ab65a0a9be163ae18315174a69dc6fad176f0b2a61fa6efee817b54fff17f	remainder
/workspace/reverse-pilot-20260929/aria2-private/instruct-model-00011-of-00016.safetensors.log	14734	f11d399cb6466a09578a5f2126a2a8cc21e6eabee52ae769a60a3b85b34c9a0b	remainder
/workspace/reverse-pilot-20260929/aria2-private/instruct-model-00012-of-00016.safetensors.log	15873	d755e6ee0e49efa6d4470e0e6765a4664470ff4d2f486b2239dc16be9dc69bb5	remainder
/workspace/reverse-pilot-20260929/aria2-private/instruct-model-00013-of-00016.safetensors.log	24197	bed0121f06058f4f10fed976df3d785e2bb111ba3f4a058a67b32e84dd7cd475	remainder
/workspace/reverse-pilot-20260929/aria2-private/instruct-model-00014-of-00016.safetensors.log	11687	0920ed4d238f455330f01bf7e1bb93dab509bfa6fa8dd3716bd495faf21c596f	remainder
/workspace/reverse-pilot-20260929/aria2-private/instruct-model-00015-of-00016.safetensors.log	11290	bdfcdcfc46a2d3d34d86100a9c0b42170d19f15c5d0285b54825f257357a4898	remainder
/workspace/reverse-pilot-20260929/aria2-private/instruct-model-00016-of-00016.safetensors.log	4440	b3dffc813e829217db91a25167bf8a37821b8110986463ffe3437fc7e94b4170	remainder
/workspace/reverse-pilot-20260929/base-download.log	59273	4f20ed60837ae7050ce02b6e918ce1454df3a9b8fde50fa196dabec69993935c	remainder
/workspace/reverse-pilot-20260929/batch16-public-receipts.txt	692544	5989b6fcaf09dd08e65bb7ff975a9c989cd16a7151756375a9dea6b4d1493884	remainder
/workspace/reverse-pilot-20260929/batch16-receipt.json	232	369a69d7e4e9eb94eede659102a5319e0c2cf763f82cd53f7dd2f9a47141ad46	remainder
/workspace/reverse-pilot-20260929/batch16.log	11340	28abd63034725730d4e4ae96054da0e470db88202a717dc9e405643f9130f9c1	remainder
/workspace/reverse-pilot-20260929/batch32-launch.txt	1472	8723c5c4d686a507904522af5720fe2c4f415f62b6f279e88d42d7e5f7c4ee79	remainder
/workspace/reverse-pilot-20260929/batch32.log	12384	dd1c7503def44179593144b6e6818ee55c557dac5426b56325dd75063b55dca5	remainder
/workspace/reverse-pilot-20260929/capabilities-summary.txt	4341	3f4c8f555b1ba2417ac02e4408df07f5f5dc435768783a0174009e191cb15967	remainder
/workspace/reverse-pilot-20260929/capabilities.private.json	10088	3391016bb3317450abc1928feab7087961f1bf3601587876adb835bbf3cab17c	remainder
/workspace/reverse-pilot-20260929/copy-repair-bootstrap.txt	43460	915aeda37330c759cc5315500b26e04b30d7bec279134126bf24dcb5511b5e2c	remainder
/workspace/reverse-pilot-20260929/copy-repair-deployment.txt	1581	8103803c2abc8a857438c70733cf68ef005ada9dfea6096fe38edb3acdc88453	remainder
/workspace/reverse-pilot-20260929/copy-repair-launch.txt	770	498e0d0679f739a5d9cfd7f9dbd8821ff467d44adafbec8a4204e9111f6229aa	remainder
/workspace/reverse-pilot-20260929/copy-repair-receipts.txt	4466	3c3ffbd58a0b59d9dc25fc154c776e063c43d321257d317f82861fc27119364a	remainder
/workspace/reverse-pilot-20260929/copy-repair.log	11921	4ac7badde9cd783e56a4085a469f2acf031eab4dd36fac0ceb446dbc1093ddfd	remainder
/workspace/reverse-pilot-20260929/corpora/OANC_GrAF.zip	655230430	5a26559a1becba41a527cb674fff4fb9c4fb70b276f60422c4f07a0ef23fd867	remainder
/workspace/reverse-pilot-20260929/corpora/masc_500k_texts.zip	1351682	0c3f1fd3314ee5ec09830d6f6b217c19a6899d1cabd22c42264578c3348b2d01	remainder
/workspace/reverse-pilot-20260929/corpus-download.txt	60123	7b9a3898098fd1bd8e1deff48df542649fb7de1b7804bb300468b300a86959f9	remainder
/workspace/reverse-pilot-20260929/download-pieces-base/model-00009-of-00016.safetensors	3933208576	-	WEIGHT_OR_PARTIAL
/workspace/reverse-pilot-20260929/download-pieces-base/model-00009-of-00016.safetensors.aria2	675	-	WEIGHT_OR_PARTIAL
/workspace/reverse-pilot-20260929/download-pieces-base/model-00010-of-00016.safetensors	3866099712	-	WEIGHT_OR_PARTIAL
/workspace/reverse-pilot-20260929/download-pieces-base/model-00010-of-00016.safetensors.aria2	735	-	WEIGHT_OR_PARTIAL
/workspace/reverse-pilot-20260929/download-pieces-base/model-00011-of-00016.safetensors	3818913792	-	WEIGHT_OR_PARTIAL
/workspace/reverse-pilot-20260929/download-pieces-base/model-00011-of-00016.safetensors.aria2	675	-	WEIGHT_OR_PARTIAL
/workspace/reverse-pilot-20260929/download-pieces-base/model-00012-of-00016.safetensors	3884974080	-	WEIGHT_OR_PARTIAL
/workspace/reverse-pilot-20260929/download-pieces-base/model-00012-of-00016.safetensors.aria2	694	-	WEIGHT_OR_PARTIAL
/workspace/reverse-pilot-20260929/environment-change-aria2.log	2630	00bd083bf180ef19698d090cff430ef34d2afeb976f63001f78d5e7660c33bf3	remainder
/workspace/reverse-pilot-20260929/environment.txt	5876	00f3b0a2f7a0349a0c89ebe44072f39ae749c9b7f5a1e25b237d45bed2661624	remainder
/workspace/reverse-pilot-20260929/generated/dev-pairs.jsonl	0	e3b0c44298fc1c149afbf4c8996fb92427ae41e4649b934ca495991b7852b855	remainder
/workspace/reverse-pilot-20260929/generated/generation-manifest.json	2416	4b98eb1314dee9ecab97e27a219091b30f643e882d43460c6e827e1baa6b967a	remainder
/workspace/reverse-pilot-20260929/generated/generation-status.json	180	257999f19b241dc16ba4b05c2a69a5d6ee7efc38fe8101876d1d7c9ef7def2ac	remainder
/workspace/reverse-pilot-20260929/generated/model-requests.jsonl	1024250	37de475ddcf6f6ff7d39d8bef56f8e95d8c3f61cce96d9d9de9c9a90f765a4e9	remainder
/workspace/reverse-pilot-20260929/generated/pair-attempt-history.jsonl	178424	f8d2c0abc27ad8d254e4f503a8f4147f3363663bf077b9e6c00dfaf72243f8b6	remainder
/workspace/reverse-pilot-20260929/generated/pairs-audit.jsonl	382299	5b7f0e4818d9ab5927b0187d9e00f1e09bd93545105b195dcad146fb2482aeb6	remainder
/workspace/reverse-pilot-20260929/generated/run-history/1790697120-b32-n32/generation-manifest.json	1946	98ed951f6fa18173f1b51a1f882495f96791783a9d046b9357c68034b96604c0	remainder
/workspace/reverse-pilot-20260929/generated/run-history/1790697120-b32-n32/generation-status.json	180	65a6d42d40fe3c2e143b1db5c589552f65f46e215002309e504ce2d91451fcf5	remainder
/workspace/reverse-pilot-20260929/generated/run-history/1790697120-b32-n32/run-receipt.json	529	a7908212b87966dbbcd46854c3211dfea11c0080776cbcdb504ce3a4bf1a374a	remainder
/workspace/reverse-pilot-20260929/generated/run-history/1790698938-b32-n32/generation-manifest.json	1946	80c265f4ffb92af4c4290f82e67d1f618ade00fca8df6e4530a17a4e445f6d10	remainder
/workspace/reverse-pilot-20260929/generated/run-history/1790698938-b32-n32/generation-status.json	180	557602274bb342cb7aee7986bb937efa3c93050a65bfd0fb45e0ec8e594544bd	remainder
/workspace/reverse-pilot-20260929/generated/run-history/1790698938-b32-n32/run-receipt.json	529	3d11d0fbb2172e33f85de9a92e0dfb0c56721ac671205d3cbd998cd204c87bcb	remainder
/workspace/reverse-pilot-20260929/generated/run-history/initial12-generation-manifest.json	1945	4581e68abb7e92c78906d941577a92822b442b0ff93a1bec70c4b57618ee96a4	remainder
/workspace/reverse-pilot-20260929/generated/run-history/initial12-generation-status.json	177	c09369e7c2fbf8b86af0eb8a787e6d9ab0e2a14cb7411f4a0051af6c310c5ecc	remainder
/workspace/reverse-pilot-20260929/generated/run-history/pre-copy-repair-v2/baseline-manifest.json	558	4ee2ac3e39cd633106ce8e6dd13588ff656a827cdf4b160dfdf14175b2b5122e	remainder
/workspace/reverse-pilot-20260929/generated/run-history/pre-copy-repair-v2/dev-pairs.jsonl	0	e3b0c44298fc1c149afbf4c8996fb92427ae41e4649b934ca495991b7852b855	remainder
/workspace/reverse-pilot-20260929/generated/run-history/pre-copy-repair-v2/generation-manifest.json	1946	80c265f4ffb92af4c4290f82e67d1f618ade00fca8df6e4530a17a4e445f6d10	remainder
/workspace/reverse-pilot-20260929/generated/run-history/pre-copy-repair-v2/generation-status.json	180	557602274bb342cb7aee7986bb937efa3c93050a65bfd0fb45e0ec8e594544bd	remainder
/workspace/reverse-pilot-20260929/generated/run-history/pre-copy-repair-v2/pairs-audit.jsonl	366558	52acb3cb9d83714d75c9832c35f16148ae64ef96290d81e730263108309ea052	remainder
/workspace/reverse-pilot-20260929/generated/run-history/pre-copy-repair-v2/repair-admission.json	1275	6993db282abe93cbb2b84b84df43365bff2a3ba783361e26e714eeacc16ffed7	remainder
/workspace/reverse-pilot-20260929/generated/run-history/pre-copy-repair-v2/test-pairs.jsonl	0	e3b0c44298fc1c149afbf4c8996fb92427ae41e4649b934ca495991b7852b855	remainder
/workspace/reverse-pilot-20260929/generated/run-history/pre-copy-repair-v2/train-pairs.jsonl	225577	6b91143ddf681eec6cb9575bff7c425a55ef6bba35c9b94b618ed1aa84a61587	remainder
/workspace/reverse-pilot-20260929/generated/test-pairs.jsonl	0	e3b0c44298fc1c149afbf4c8996fb92427ae41e4649b934ca495991b7852b855	remainder
/workspace/reverse-pilot-20260929/generated/train-pairs.jsonl	73868	f10ebb450e73db24aa3c4a7de18aaa955a6394b648f2a57d38ff43d37cdb2674	remainder
/workspace/reverse-pilot-20260929/git-setup.txt	77	69d5d021a3868b699a0865b538a9fdf9f560e8322db7cf62f1c42e6158bcc9f6	remainder
/workspace/reverse-pilot-20260929/gpu-fit-http-aborted.json	263	566aedac73537ad570be57308b4b82a4f3fa32bdad2ce232f920b1e7daaf730e	remainder
/workspace/reverse-pilot-20260929/gpu-fit-http-aborted.log	4212	3b200d64dec3d9e7187e5df23996618445b5d6f58765534431c6fb88e702e75e	remainder
/workspace/reverse-pilot-20260929/gpu-fit-xet-aborted.json	264	ed6907df564c1ea8ae780ec96c803c78e08587c785bf6cad3dbb64f892355c3a	remainder
/workspace/reverse-pilot-20260929/gpu-fit-xet-aborted.log	2125	1f5aba91089074923b8cbe4da22c1b4fe0ac516c40456294c4df4bddaa7582db	remainder
/workspace/reverse-pilot-20260929/gpu-fit.json	243052	23459f4b7ba742be280bd6bbbf6132b1ebaf669e41a403a3671e1e08d0c26232	remainder
/workspace/reverse-pilot-20260929/gpu-fit.log	423168	c27ffe43bbb62bf4d4e893d9e11a398348e8c14440baa09bca8438291973662d	remainder
/workspace/reverse-pilot-20260929/gpu_fit.py	7840	e538c4e467cfa73c82d69b0cd5f570470c2f631fbee49480beebdf16f25b57bc	remainder
/workspace/reverse-pilot-20260929/initial-manifests.txt	2328	4b0b176033bbf943bd848b9bc4fe395504840769aaf9b600e773597d9578945d	remainder
/workspace/reverse-pilot-20260929/model-download.txt	621	e07df94d872b0a924aeb03dfbea83892da2648d7b0eee586db84a8e1486a3138	remainder
/workspace/reverse-pilot-20260929/moe-meta-preflight.json	4463	44c020c4a8c0882e53fe25d67d6b148347dc1f33eb145e51fed67f6b8c9c2be2	remainder
/workspace/reverse-pilot-20260929/moe-preflight.log	3458	dd154c4d1a053f4be0998d1c14f161610065a9424e438a5cab5f901f95d0f167	remainder
/workspace/reverse-pilot-20260929/pair-benchmark.log	14438	1d947db1842c30595e751a86555cd7baced30b3599dde17da45ab326286a13ce	remainder
/workspace/reverse-pilot-20260929/preflight-tail.txt	2392	04ce1cb35b914a8897919cc8b3f1aa870b4bb8b8ab9efede634b5d628bf15ec5	remainder
/workspace/reverse-pilot-20260929/preflight_moe.py	2076	ca5fe6758b4dd852db2431ba59aedf02f58c2c6d2aed8bc5a2064dfe172917fd	remainder
/workspace/reverse-pilot-20260929/preserved-environment-pre-update/download-manifest-base.json	2166	ea6a7cbc01c2910cf8a6261a992ac70b1def9ae61fa070999297459ab9a425e2	remainder
/workspace/reverse-pilot-20260929/preserved-environment-pre-update/download-manifest-instruct.json	7500	2a58a5fefff4aa6191f4a6310c0f32f057f0cfc6619be29e9163f3984b6b7fc8	remainder
/workspace/reverse-pilot-20260929/public-receipts.txt	576312	c925ebe24f59bb24ab1777ce2be54b21df3ec54f8e765023ba241a8493d05c19	remainder
/workspace/reverse-pilot-20260929/recovery-after-reboot.txt	3783	2fef00d1828f26d9b50c59490703896c0cc9b000a98184436f80f897ab5325c4	remainder
/workspace/reverse-pilot-20260929/repair-pause-receipt.txt	512	7e71ba3ceb20b58a3db36f3754e8a588ad944e2ed8e25eda25d6f0bd75d53d13	remainder
/workspace/reverse-pilot-20260929/repo/.git/COMMIT_EDITMSG	63	4fa3454a4b0ef8eadf5aa7df3aacac1cebdadc0df80d44df087f5bd9c24aa503	remainder
/workspace/reverse-pilot-20260929/repo/.git/FETCH_HEAD	133	886067d12f6ca7b12bb24ea1dccf9026dd7e7b81fbc2ce126c2cc8d7fca1457e	remainder
/workspace/reverse-pilot-20260929/repo/.git/HEAD	43	595be4177aa79153c15cbacb0ab7cadaa0e7ee4c46c0900a742c8972b50a3ea2	remainder
/workspace/reverse-pilot-20260929/repo/.git/ORIG_HEAD	41	b57247e620c2fd5bd9aa55e1cf453d881669b99401c9755e4e9de6a9f961580a	remainder
/workspace/reverse-pilot-20260929/repo/.git/codex-test-efficiency/reverse-pilot-20260929.jsonl	719	0422c813080768bbe71197866a249750d9bfa6bc425910ff55354385171f82d8	remainder
/workspace/reverse-pilot-20260929/repo/.git/config	442	6cb864454ee716d9c3f104884834a8585825c55316f97292ecd63a2ba6c2fd13	remainder
/workspace/reverse-pilot-20260929/repo/.git/description	73	85ab6c163d43a17ea9cf7788308bca1466f1b0a8d1cc92e26e9bf63da4062aee	remainder
/workspace/reverse-pilot-20260929/repo/.git/hooks/applypatch-msg.sample	478	0223497a0b8b033aa58a3a521b8629869386cf7ab0e2f101963d328aa62193f7	remainder
/workspace/reverse-pilot-20260929/repo/.git/hooks/commit-msg.sample	896	1f74d5e9292979b573ebd59741d46cb93ff391acdd083d340b94370753d92437	remainder
/workspace/reverse-pilot-20260929/repo/.git/hooks/fsmonitor-watchman.sample	4726	e0549964e93897b519bd8e333c037e51fff0f88ba13e086a331592bf801fa1d0	remainder
/workspace/reverse-pilot-20260929/repo/.git/hooks/post-update.sample	189	81765af2daef323061dcbc5e61fc16481cb74b3bac9ad8a174b186523586f6c5	remainder
/workspace/reverse-pilot-20260929/repo/.git/hooks/pre-applypatch.sample	424	e15c5b469ea3e0a695bea6f2c82bcf8e62821074939ddd85b77e0007ff165475	remainder
/workspace/reverse-pilot-20260929/repo/.git/hooks/pre-commit.sample	1643	f9af7d95eb1231ecf2eba9770fedfa8d4797a12b02d7240e98d568201251244a	remainder
/workspace/reverse-pilot-20260929/repo/.git/hooks/pre-merge-commit.sample	416	d3825a70337940ebbd0a5c072984e13245920cdf8898bd225c8d27a6dfc9cb53	remainder
/workspace/reverse-pilot-20260929/repo/.git/hooks/pre-push.sample	1374	ecce9c7e04d3f5dd9d8ada81753dd1d549a9634b26770042b58dda00217d086a	remainder
/workspace/reverse-pilot-20260929/repo/.git/hooks/pre-rebase.sample	4898	4febce867790052338076f4e66cc47efb14879d18097d1d61c8261859eaaa7b3	remainder
/workspace/reverse-pilot-20260929/repo/.git/hooks/pre-receive.sample	544	a4c3d2b9c7bb3fd8d1441c31bd4ee71a595d66b44fcf49ddb310252320169989	remainder
/workspace/reverse-pilot-20260929/repo/.git/hooks/prepare-commit-msg.sample	1492	e9ddcaa4189fddd25ed97fc8c789eca7b6ca16390b2392ae3276f0c8e1aa4619	remainder
/workspace/reverse-pilot-20260929/repo/.git/hooks/push-to-checkout.sample	2783	a53d0741798b287c6dd7afa64aee473f305e65d3f49463bb9d7408ec3b12bf5f	remainder
/workspace/reverse-pilot-20260929/repo/.git/hooks/sendemail-validate.sample	2308	44ebfc923dc5466bc009602f0ecf067b9c65459abfe8868ddc49b78e6ced7a92	remainder
/workspace/reverse-pilot-20260929/repo/.git/hooks/update.sample	3650	8d5f2fa83e103cf08b57eaa67521df9194f45cbdbcb37da52ad586097a14d106	remainder
/workspace/reverse-pilot-20260929/repo/.git/index	190534	58aa3bb40157586ad122ad065de4b9db6f8ce49eb05f7b674b14aad7e1273472	remainder
/workspace/reverse-pilot-20260929/repo/.git/info/exclude	240	6671fe83b7a07c8932ee89164d1f2793b2318058eb8b98dc5c06ee0a5a3b0ec1	remainder
/workspace/reverse-pilot-20260929/repo/.git/logs/HEAD	2767	d6b319e344ec7fa650d8d68ffbe6e00c6d02f734c288dc9497f177b14f3fe4ee	remainder
/workspace/reverse-pilot-20260929/repo/.git/logs/refs/heads/gpt/reverse-pilot-20260929	2497	f5d282ea7c9e880ff0d9a28c4a145e721e41aa087f563ddd1ee139975bedd482	remainder
/workspace/reverse-pilot-20260929/repo/.git/logs/refs/heads/handoff/claude-dangerous-adult-20260924-1631	199	13d7c58cdde0f7157f17bda4404756b207d458d0306ec57eb9bbcde145cedb9d	remainder
/workspace/reverse-pilot-20260929/repo/.git/objects/00/75940a48b21904d0ded5c9fc77de5103d90712	474	bd4ebd2b4304aca9879effe8ad9cd6d918f73db45ebf69a5eb1aac77863e39bd	remainder
/workspace/reverse-pilot-20260929/repo/.git/objects/01/4fa745b9d0b449a39569602f5646e675d8614d	233	c8bdc37397ab862a97057151f86e043986b198626fb61a8c7794325fcd5bb0c2	remainder
/workspace/reverse-pilot-20260929/repo/.git/objects/06/5c1eff732ad1731dabd84b852c4b0e54b78b0c	1334	087e8392ad47be5a91fc500ca484ba069a7f30aa07fc8324a99dc4b6ba942725	remainder
/workspace/reverse-pilot-20260929/repo/.git/objects/07/53e13f5f660a836e1c2de55ef346aa59aaf8f7	233	b9d19957590bd11e66c0e0eadca4e39ef8884f5e32fc55246cadd797cac3d02f	remainder
/workspace/reverse-pilot-20260929/repo/.git/objects/07/d40047b7fa45457080ed78498c86e69e747b98	1101	fc8991728a536494b456852bdbf107af446fa29943b77efd565f3c49b6b705c0	remainder
/workspace/reverse-pilot-20260929/repo/.git/objects/09/158b60b527c75776a22fbc3942715a457385c1	5794	d6ad8454ba1b19d46c7c7fda1f43bcf40cd50c2847205e85b7b9cc618e467d00	remainder
/workspace/reverse-pilot-20260929/repo/.git/objects/09/53b9b80bf80c269c74c3b321e119a117c56f4f	72	70fc0bb99aac60ef63190fa611e3d9ff424c385fa1acba960b28805c6486fc1b	remainder
/workspace/reverse-pilot-20260929/repo/.git/objects/09/a2273f19c274f0ba398591cd1a5491bddc589a	11279	8d2a4883cd21b52c38aec8f8a2ac05aae500ff47f847ea632025b66052d6f603	remainder
/workspace/reverse-pilot-20260929/repo/.git/objects/0a/1b952fa55f1959938b0607996d4a88850e8838	589	5b23f448c12d61a1e8cb32f80054a323515b09b72b54936ac7bc3c309b2d8430	remainder
/workspace/reverse-pilot-20260929/repo/.git/objects/0a/74fafc8d624096ed59b2302d5b0740bd9ea741	1380	d6d3f0f023c896a228b7e4611df68fe8e99787f9d78704e158536438b295c9b2	remainder
/workspace/reverse-pilot-20260929/repo/.git/objects/0a/e65d6f7acc2b087bb59c7a4bb92c01c6a1c041	747	057a8f27d583a5dacbbe098b5fd9d681311fed4026d8dc93cb596ec36ca962f9	remainder
/workspace/reverse-pilot-20260929/repo/.git/objects/0b/5e8d0da640ef72e932b03fd70a0ed8a190c91e	233	fc7dde7676ccab663c2d067c95d4d682356ea5283c1122935f64a427e3d26f4d	remainder
/workspace/reverse-pilot-20260929/repo/.git/objects/0b/d5043f8dc73d7e168df18f909b2bc89c21afae	1334	fa44c353bfd445fa850fa3271c3b670634f92db098c371c430f5083376de7219	remainder
/workspace/reverse-pilot-20260929/repo/.git/objects/0b/fd8c3439e5f5ad1c6fa8d01f50a7b77ced9b66	1655	36c1094b58ac227fca655c6e2ae1fe9ecf50a77350defc9fa94f00391856403e	remainder
/workspace/reverse-pilot-20260929/repo/.git/objects/0e/cccf909f90858f963c0b460707329db45fdb57	233	d0dc31ea3c138a72f1b2adcab1762ee073d7da07defe5d0dbffea0f746b68ccc	remainder
/workspace/reverse-pilot-20260929/repo/.git/objects/0f/b3d2da9677e598a9f02fd8e377ddbe912fc23d	10008	35697a5e8eb94f659fc347919155f5d72e7acf391c026ee01e4cf1c471be0205	remainder
/workspace/reverse-pilot-20260929/repo/.git/objects/0f/bc202c508fad1d36c41e74c6d446173b2c02c5	4868	9b609df1b1ff03a474290157bbeb09b8e8f736a666afe632d1d1041ad85b5966	remainder
/workspace/reverse-pilot-20260929/repo/.git/objects/11/7264b6e1e049f597f609969a9aa06aba6c0285	4877	d34d7bb3965e20a888fdabb4d5e5d9df15267e0db0bd20f08e88e559b75fc238	remainder
/workspace/reverse-pilot-20260929/repo/.git/objects/11/eaf6980466be26be714a08f75e75c9accc0a21	398	47750a244dd6b81fc0b8932ab026c3de59055e312e66725cbd060368c9b62ec6	remainder
/workspace/reverse-pilot-20260929/repo/.git/objects/12/6f4b4b6881eff82038cc5a57abb1813a894120	352	b2cf2f38765337c9a965943e6928d0a03d76d426be9a433321752cf9c6f6887d	remainder
/workspace/reverse-pilot-20260929/repo/.git/objects/12/c8b70180a672b74aae5585e7fe89b514074b69	320	0408cf6a24451bfeceeec24c16638dd7c35ea11b884fb33adb07a3518f88cff4	remainder
/workspace/reverse-pilot-20260929/repo/.git/objects/13/08684079fd228a015e39991532259123815888	945	ea53400ba063231b79e4ef5135e0063e1539842fa1c4c2077ef04da3dd3f179e	remainder
/workspace/reverse-pilot-20260929/repo/.git/objects/14/69697402920052393dc97c3ca217b3d1cd6d02	531	a1f2f98d713621f64af5dbad9f62b9499f075c657b96b9196db86a9f7c8df5de	remainder
/workspace/reverse-pilot-20260929/repo/.git/objects/14/849a96c0c7178f69e3b46234ad082b193620bd	140	f01bdf8b8af9bb3f7bceafe53df4bd7f20c80368fae65ddf69a70b7ade20af43	remainder
/workspace/reverse-pilot-20260929/repo/.git/objects/14/9e1b6e4b978aaabca0c5ece5de4a4844960c12	1335	80275caf47780f6cc505d75b3e87b381a55c5fafc4cf1ea2d33485f44fa869cb	remainder
/workspace/reverse-pilot-20260929/repo/.git/objects/14/a7deef9339ecafdaf689870f8c1aa833a55d57	108	4850c7ba03fb97493d94807f1a1e55f4fbd2e929642b504ed7abd6fd487cb737	remainder
/workspace/reverse-pilot-20260929/repo/.git/objects/14/cbb93bf0af2389632ea6a015ef04a8cb148768	142	186070848b12c417b1aeae65735e20eec9ab456fa8ec2f7d7a7ebb15e5707407	remainder
/workspace/reverse-pilot-20260929/repo/.git/objects/15/29e62dd4a9b163a47d410e19e8eafe1b52f549	1335	5b0d7b45aad4340569f30a4e5dd089c378be3358ba88b342b12f29b5668cdd87	remainder
/workspace/reverse-pilot-20260929/repo/.git/objects/15/42caa1c3cb1bf808dc9f446ee17c4fff3e785f	349	b81884544ebd4b119bd7125552c12db1c2140cabfe9c0472c14b5ee53c6ff3a2	remainder
/workspace/reverse-pilot-20260929/repo/.git/objects/17/22a2993cf4ee65edb79d30b5527c046393af1f	1050	4cf72c1c57cb72cd4f254c4ff5f5c7f04130ca61022f42519a0fd323ff90b606	remainder
/workspace/reverse-pilot-20260929/repo/.git/objects/1a/948e10aa34211d5def213cf2926983a3da0ca8	142	ad0eeaf7635c55ac5d9efbc26bb1fbad0a58beb56dec953c40e35b0852dff2d9	remainder
/workspace/reverse-pilot-20260929/repo/.git/objects/1c/2550bf7a7bb0aab21209358d6cca13bf799e90	209	d2377902cbbe29f2fa7b74e35065b0217fb24ff6e4396b71b0a9b1aa1241ae69	remainder
/workspace/reverse-pilot-20260929/repo/.git/objects/1c/997506690199ed5205de6600fd83726158fcbb	4722	f448799807f8b49af4b715acd1540153e320e10c91b66d21b6c5bccbdeb5dc8e	remainder
/workspace/reverse-pilot-20260929/repo/.git/objects/1d/10f500ae42439d166ecbecc2def6bf3cbc860e	300	5c1f8f31deb10f99c4790ddafa9ee67eb2b76aa7215d46ffc35f8c8ad3eab051	remainder
/workspace/reverse-pilot-20260929/repo/.git/objects/1e/bdac84c759528fdfe46bd1d84b1c06f1e6a083	200	a26b2e62c35e5e9f531f52e6c92dd988a9eb241b480204dfc60ea1a3728cdcfc	remainder
/workspace/reverse-pilot-20260929/repo/.git/objects/1f/7861f50d44b5452e74488f770aedfdd0b22387	209	0aa8297adb2e057267d9dda366416c5ac2f8089680e46847df2717be3c374c9c	remainder
/workspace/reverse-pilot-20260929/repo/.git/objects/1f/ccc83014f95632981b6524102992721e87fdff	211	dde06aff52267302b4cf67019cf4ebc6b5a557541c8ed9b2f14c1bf9f5d61f58	remainder
/workspace/reverse-pilot-20260929/repo/.git/objects/21/de0823bcc0daccbe7df20612a6bd4d48ed602b	649	15bb5ec2e0555c155e8b9deb92dd24cb0e441a54d067c2215ec5c46fffc0d134	remainder
/workspace/reverse-pilot-20260929/repo/.git/objects/22/6d71254564d4b31763dc262f3da2b452d07215	284	54d7970212dea317d11312af634802553ed8bd39cc088b0cb2ae9419da54579b	remainder
/workspace/reverse-pilot-20260929/repo/.git/objects/24/2db75955271cd2a9b0173b64a7fb735a693611	1335	da5962e5a16a01e3dcfe0bc9213a2624c534ff4c16b9c15acf7a517c9e33af12	remainder
/workspace/reverse-pilot-20260929/repo/.git/objects/25/be6340ad81971c549afc3b2dea0afe44cc996c	1334	2bca921621aa4ce129be59bbcf49d0cbb2efb5daf42753ec04153a4c3ee02206	remainder
/workspace/reverse-pilot-20260929/repo/.git/objects/26/b2ff49946ec694effa67aeb96378d38b9c523b	199	75c25fcf3aa0f74b797e5dd145c4a70799dff08bda23687bb75f5ad9c9d8208d	remainder
/workspace/reverse-pilot-20260929/repo/.git/objects/27/069d7b641c5500d7a5ae3e0464bea4b04d0e20	920	7cf8f38b1f33d46e0dfe8d6ee092731d72e5556d6059ef4fd57bc57048a8a6f7	remainder
/workspace/reverse-pilot-20260929/repo/.git/objects/27/e3da9b37a24920ee7e680338b7ee940fb436fc	461	e41d30a5204092ed1305be11072a6c600a023d11457ccbb7fb1e213a7effc0b4	remainder
/workspace/reverse-pilot-20260929/repo/.git/objects/27/fddfa7c8357eb3733b2292090ec98205c26d9c	349	f8f8908eb503cef044ef944eef50dba5ce6af9f464e4a67130f2f43285556387	remainder
/workspace/reverse-pilot-20260929/repo/.git/objects/28/2c6be37cce2ecda6711e47f69080812b206c04	176	4eb290e3ba13c997e1a2d98b5cb414e257533788c73b20dfa05770df9ce36670	remainder
/workspace/reverse-pilot-20260929/repo/.git/objects/29/3cb0dd223a72baec4127a67c03c2dd2caf6833	1541	182852f04bba7d1c432c96d88b866c50e51a0eb13512bf95409e7415a5abbdc4	remainder
/workspace/reverse-pilot-20260929/repo/.git/objects/29/b5d808db82fe87e639ff5608c665df46e123c5	300	04ec16ea1b28b10dc7663880c9a23ed86df2258fb80d8b3d5f57d349f99a3f8b	remainder
/workspace/reverse-pilot-20260929/repo/.git/objects/2a/2ee080a23a49a867e1e25cdf149a1133b65bb1	1334	c8175f3d90b10ce401f84604ddb3d2b2f730a7b7218b084fb71e0a4d9c6393e5	remainder
/workspace/reverse-pilot-20260929/repo/.git/objects/2a/433b89830a166408c11b459fc5c371398e9e54	299	ddda654f1a2a3119cdd220e8581210385d65be7ec72bfa6bc955c36192efc5ec	remainder
/workspace/reverse-pilot-20260929/repo/.git/objects/2c/548fe82ab502f7160906be7ac374bd442d07a7	1334	c6d3e18a72b2d208a26911231b3b4a62bd9789815f383023c34f1a7d8fbdf402	remainder
/workspace/reverse-pilot-20260929/repo/.git/objects/2c/6d4ff002056afb84d07d6385ce143446cad5df	5641	daae5fa848bc7de061491f6ea192c1296f734c5d9932fd9a3ef5e4bfcaeff238	remainder
/workspace/reverse-pilot-20260929/repo/.git/objects/2c/ec206073301df89f7d9388ced24b565de800c2	11779	567a00e918aabe565c183ebdf3c0eb4bd6a59bcffb60204b108031b34720c186	remainder
/workspace/reverse-pilot-20260929/repo/.git/objects/2d/1443c59692cf2a4dd7cc0dc83748295b5b7dcf	31004	3374cfaef41807bd75a6ffd99b124ff13320adb60f5dc09806f6895feb0b1186	remainder
/workspace/reverse-pilot-20260929/repo/.git/objects/2d/1f3dcc24b9c4938466973def220f9a7b1a53dc	3180	f15c36747e6cfbdda2be5309e4dfef0f397390a72794b80edab66b6d6eb033cc	remainder
/workspace/reverse-pilot-20260929/repo/.git/objects/2d/87d66152a080d8e2f112e4898ddddd2a21eebe	747	6eb6bb1cbdc1a818c48f16473b74d3f627e47adf5cad8964d5f5de2922cb481b	remainder
/workspace/reverse-pilot-20260929/repo/.git/objects/2e/5b26f0e938360ad4c7e17d5ebd48d5b26e7dee	1408	417c597ea29f983591183a6772d2775770c2d298f622b3489734d59c14fdf3a4	remainder
/workspace/reverse-pilot-20260929/repo/.git/objects/2f/46fe30b13eb2f1450054b542bbe92cf786cc8e	218	7d58097a0fef355d6c524c9d3bb4af7b8b67def44107a02cc4817e9bf3807101	remainder
/workspace/reverse-pilot-20260929/repo/.git/objects/2f/6a26cb372e351d0f22df4567631d7569909aeb	252	cb45c5dfc08f91e33d70a904a63f4931a772787c5c59883263ac89ee05c1d82c	remainder
/workspace/reverse-pilot-20260929/repo/.git/objects/30/80def8cddf4fcd8db63d573085e3ab4e74ac2f	15656	c0855d1cbc1d6ec2677f2c2d653f3e1590aa7630252dc1928cc609a26782cd59	remainder
/workspace/reverse-pilot-20260929/repo/.git/objects/30/b5200368c8dcb3c127d1a184b45bae9933e105	268944	a2cef2aa1e011686db5dae3f81f0e4e20a1cc188ec5307788db48a45955728af	remainder
/workspace/reverse-pilot-20260929/repo/.git/objects/30/cca7a73e57c438095ad455906e77c97d6ac45f	94270	dd154b5548dde3992f803b45fe06943798780ea9193bb60f23a584db1666e125	remainder
/workspace/reverse-pilot-20260929/repo/.git/objects/30/fc18b4d7e0ed678c1a1b65dfc06eb1cbb647c6	1788	97620178dbf1bb51e48734edf3d2e06fd363cb0f7cdd9bf623f678ae492dc332	remainder
/workspace/reverse-pilot-20260929/repo/.git/objects/31/483869db4687ba9881334fab583261e2b8b72a	2113	96017c7c729768bb24cd0714970f32e03dcea7a9bc906a27bcb61ba5724034f9	remainder
/workspace/reverse-pilot-20260929/repo/.git/objects/32/5395b4524e30a084c61b1825f4f129902b1cec	2362	b454f825ede66bf51c031d393e749b757070659b27d944b3d84664571eb4747e	remainder
/workspace/reverse-pilot-20260929/repo/.git/objects/32/a192dc1c65b758390119a0c0c342eda493cdf2	118	d5ca78d267aa7ce5c641251988a42fb0929a1ce31a8ddbdb804cf428d99a4f07	remainder
/workspace/reverse-pilot-20260929/repo/.git/objects/34/83620794e7acf761e1e244aa156a63f2b6ec25	1930	9148405c1a0ff5ce48283978f86c1ba40d3f35daba9e13780e8145db2c545ecc	remainder
/workspace/reverse-pilot-20260929/repo/.git/objects/34/8b2f234a6e386052124f476c7905ba2bff7a22	26038	002996c8d7119249b17e06d11c1f0051ed3ed7b28388362ba5e47cbb902e3652	remainder
/workspace/reverse-pilot-20260929/repo/.git/objects/34/d7a216427235a6058a1df2801d3f6073058071	5959	199342962001234533245078b40cb3c0208f6744815c48ad32205dae0f5a2d1a	remainder
/workspace/reverse-pilot-20260929/repo/.git/objects/35/50983c44b26417fb14c5a4fb50f7b7f117b71e	35143	d411657e8cf85011cec610dec9951ec0f3b626c9a74fa3abf764cbd846d38b18	remainder
/workspace/reverse-pilot-20260929/repo/.git/objects/35/bf20c94366b2aece37864c9d54334d767e6b2a	222	488234d2cec7a3235c3f5033db8e6f0605bd5fb487e1b038eb4516bf893d1f40	remainder
/workspace/reverse-pilot-20260929/repo/.git/objects/35/e1bbf4af9162d40d186d1e24d6713817eef9ff	156	17aa7e0f2a2f3a06244c25699be79d84c610aac1921b28bb25334f334db10bca	remainder
/workspace/reverse-pilot-20260929/repo/.git/objects/36/0f2ea41831546aee1d1c886fb8ccac5a5f11cd	2945	85807f06b04ea95c0bff49e9fb564f4630ceb9ec32975f0de24e427e80e59c74	remainder
/workspace/reverse-pilot-20260929/repo/.git/objects/36/fe92f338eb69c822e880af60fd49994f255a9b	199	c19584304d78454204f54e9990f1d38d5734c63ae9c17931e6e312313dc6cdd8	remainder
/workspace/reverse-pilot-20260929/repo/.git/objects/37/38e2b52ef243513b493906e7ea8892a2d93b69	1651	c68e7ff5c8547f3558741738d6d1096afb2fc18d4374b7ec5d94e9ba8de2f9f3	remainder
/workspace/reverse-pilot-20260929/repo/.git/objects/37/9e45efda3dd87e9bc9d73593845fadb99557e7	87681	ecc4c5fc3dcdbd8e988bb519a07e4afc1b6a27b48f1143298b7ba9b420b8f34e	remainder
/workspace/reverse-pilot-20260929/repo/.git/objects/37/acd37a79a457c5eef7d64c7234d2568917ebe3	316	70973b8e1e059ab2c5f2855eae5c5aaf8103fd811ebbb742b99b21e5ec7cad6a	remainder
/workspace/reverse-pilot-20260929/repo/.git/objects/38/1d4dde5d866f82fbe1aedab80c2649ab56e661	3224	f4380d343c3350c682eff6fa4b2efcdcbd98a9a5c6b2b1be2aa4f3869c05ded1	remainder
/workspace/reverse-pilot-20260929/repo/.git/objects/38/66180aeb6436185e9ca5cdd0caad71f2738496	6242	a85e6808a790aa2886abc8e634cc4ef6ff822eed265f8cf2223fc4ebb6f9fbba	remainder
/workspace/reverse-pilot-20260929/repo/.git/objects/38/d39dfba3738bd7e664b5b56b90c47b255c384f	215	160663535dfc52a035ca59e8f59573c602a2393b1c207a1e7461a8bfcf41a38b	remainder
/workspace/reverse-pilot-20260929/repo/.git/objects/3a/4d626924dfd5f0cdf9e2d266a4c8c9d0007c98	1004089	0150418c4b2c2224a276d401ed94482187fee9294a5b73c192cbd1c1c7e02f85	remainder
/workspace/reverse-pilot-20260929/repo/.git/objects/3a/51951be8bae3625fea35bb44bee38843af3749	2196	827900ad5beb96dd2f099b27fc82cab17dd0c90ae8e4b9eb5583ee38215b2fa0	remainder
/workspace/reverse-pilot-20260929/repo/.git/objects/3a/962b033fa9c0596987cea6c4c90d4801de2de1	858	7f70bb5814fea18f48c63da6c34f1c93f5d61db8555eceea8ca636080c64ffe0	remainder
/workspace/reverse-pilot-20260929/repo/.git/objects/3b/80372f50505aa73280201c5352efe3f47f7d48	65	aea465f79525a9544218e61eaf7d72352baa5de89fdbc85afa69ea3ab664bdd7	remainder
/workspace/reverse-pilot-20260929/repo/.git/objects/3b/b9f13a2b5d5215d2f4837ed2fc018bf9941a0d	1335	354b2b40f96075a8f144aa11487aa36e3eb1e1f4028718a6b8ae584fc1171b5e	remainder
/workspace/reverse-pilot-20260929/repo/.git/objects/3c/129798418eed9ac5a892b86da13f5e94514524	362	ad71f735b2085c55c48ebbd1d97a2641f53432248d7d057fa7ff1aa0e8568e30	remainder
/workspace/reverse-pilot-20260929/repo/.git/objects/3c/821a41646b7f1fe08dca027d2e7733037c3156	3073	18be160bc5d45c2f2cce953bc027bd34e5f5242c0d9fa61450f65347a35665d1	remainder
/workspace/reverse-pilot-20260929/repo/.git/objects/3d/997b8b6511befa8b842ef97920de0375fa5182	217	cbba3ca7c4c818bd8ade175b65d419854f9f40db12a351a1f8f7954605714d2a	remainder
/workspace/reverse-pilot-20260929/repo/.git/objects/3d/ac6a0663c14cd86c2fb660809dc0a950887d0c	1316	919623900a2b9b8facb582e1e92f6fdc1975fabb5f590829d6d06bb949ae71af	remainder
/workspace/reverse-pilot-20260929/repo/.git/objects/3e/25c1ead7e6d4fa966682def43a068ded50d3af	233	bc1bb24f75acecbf54cf53cfd7bd315d68b4e6a4e95f611c14eec34f5cbe374b	remainder
/workspace/reverse-pilot-20260929/repo/.git/objects/3f/3429d4b664f9b79029ac1b2eb52a427eaf2466	1335	46be858975429619b81bae5442c33d98691c268b325cd442ad8e4c95c662d58a	remainder
/workspace/reverse-pilot-20260929/repo/.git/objects/40/b9c17ac54c1cd16d75fc2111c67bb880214dec	213	f27ae97adeda0aa7c9ee4a30a434a69e64f91f20329a4c05d7a9a32b3384cdc9	remainder
/workspace/reverse-pilot-20260929/repo/.git/objects/42/ad66552c2a1a5a32c0994f611b596b365d8719	1334	a20e09fef53190e0fda54d71d021c8ee9ebfe162af66d75690fb7dbda1cba140	remainder
/workspace/reverse-pilot-20260929/repo/.git/objects/43/2e762817e53d38958e84099bf5ad53c2e5def1	5264	ac36fb4aade81fc2d478c61be813c7af345da47956ae9200c721aeab83eb55b4	remainder
/workspace/reverse-pilot-20260929/repo/.git/objects/44/2ea09ba33df17391550aa7376ca8304ecec8a8	9262	c65886a76d4d1188c8ca649c63ae1b606a915288d2c9fe4254ad1c460b7c072f	remainder
/workspace/reverse-pilot-20260929/repo/.git/objects/47/a5ec078180e20861d4b387f80cc0286ca6f3ed	6400	11da8021f6c46d7fa24b14cdd9a974c180aff85b0abb5ad1cd8864b6be7e3b60	remainder
/workspace/reverse-pilot-20260929/repo/.git/objects/47/ce88c5e9ab3f1682b48b17991767fe6ecb71ee	2519	9679d208523facf7e592b876227c4d40db437322700ef2c5ed3412419f5bf8d1	remainder
/workspace/reverse-pilot-20260929/repo/.git/objects/48/dc32e31de420622377c7cbce8ed4cb420d7293	1290	df70b44d9386ea11495abc637b2a2a17fe0b28ffcacc2c12a10377cda92c5c5d	remainder
/workspace/reverse-pilot-20260929/repo/.git/objects/49/b29ce974eb5bc84676d39815bfca5f0d4956e6	746	94d6b5c01ccc94868075dbc6b3aacf7f306fc72491ba27381cb84162bb04285d	remainder
/workspace/reverse-pilot-20260929/repo/.git/objects/49/c9efd6204ab4f42458089c74fc74a0856e7a56	48418	4a810f58df2a75d2507a27d95f0cdc098daf3a8d258e1df2dc3aa5daaa53b8b0	remainder
/workspace/reverse-pilot-20260929/repo/.git/objects/4a/6a4b00fedeffd328a1c1160511a2d9eb2f567c	202	d30544693a16183221f326bcdc26d3cf8915618d0937fad0658198dc63133d3c	remainder
/workspace/reverse-pilot-20260929/repo/.git/objects/4a/9919a72ad7ac011eedef7d3990ebd096b0f4b3	746	ee72e7b52e2bbc4643d337558a3a5d3baee629cae4d1ca766d6ad8a2045b2b71	remainder
/workspace/reverse-pilot-20260929/repo/.git/objects/4b/6abaf82585e1b868681f144386b922391e7f65	898	71e35f4871052dcf940fce069fd5cb09a2036e504d0817ec7e597f34103f5118	remainder
/workspace/reverse-pilot-20260929/repo/.git/objects/4c/5d8af40c66879a93447e2c3074b33f31378a44	299	9ce545f345025045f8da3214cfb458dfc301278a75e8137867b3dbb9e685c897	remainder
/workspace/reverse-pilot-20260929/repo/.git/objects/4c/82d88bc7c52a09fc7f672c8ab25366ebf5caf0	267	152d278bfcbb6ade5611ba18257395c8267db856167b2bf8d8858b558d9110e1	remainder
/workspace/reverse-pilot-20260929/repo/.git/objects/4d/3a9aad3f58919b0550a47beaf94d14302abe0f	242	cd35c585c710a02ad8b3aee25fbafac0ad2c93221b61f47e5da9e7e5eeb2e0e7	remainder
/workspace/reverse-pilot-20260929/repo/.git/objects/4e/5f04ecbb7612b427ff45bbfffced1ff99021d8	142	32d80404f39bf055a3f6e0f6baf947a12c84e5935a68cdb660c97f54ec746a3b	remainder
/workspace/reverse-pilot-20260929/repo/.git/objects/4f/3ba71f77089e605afeb18ec70cbb4c7147b5b1	198	5a8fce23bcf33ae52b76545895b68ae2a881636dd12e32d12f21585ad502cd08	remainder
/workspace/reverse-pilot-20260929/repo/.git/objects/4f/74ff1fd686051a3d78fc439310bef454230a69	221	2f593cb7695c36ad8ba7ee70eef28cd637f9d0dcabb56d7d904830db42b17ffb	remainder
/workspace/reverse-pilot-20260929/repo/.git/objects/4f/7c40a62e9eec79dc72cadcf39ddac165267c78	397	59c04471e9cc9256d392f6d3d8aaf1c37dee9d9312151fada471bde74fc18f3f	remainder
/workspace/reverse-pilot-20260929/repo/.git/objects/4f/b86f0306a4ead017bfe4ab0bfedfffc771e8b1	796	25209188acdb356bb70cf4bbd353765ec4b0bcc94b10768130826aca885ee6c4	remainder
/workspace/reverse-pilot-20260929/repo/.git/objects/50/155bcf0ff6d92cf683e819ccc3d3832e989f23	233	eeaf5521d114377626c5cd4416661d8534bd6b6dd33bde43f9a1080dda0b966d	remainder
/workspace/reverse-pilot-20260929/repo/.git/objects/51/09accfd41798c99e78fb5a21c6040b9aaf5849	747	91cd873c27c6feb2128396e83a8f79ea0e1dc9e70e54b749f77312d38c584705	remainder
/workspace/reverse-pilot-20260929/repo/.git/objects/51/1572b388c022faa06f95199728e74dbb3284f9	998	dac604b95a43d610bb4adb65a4da65fd17fd00b1f8134f7a0b86973b8bb3684b	remainder
/workspace/reverse-pilot-20260929/repo/.git/objects/53/09412181d2811e2de2361400dab13b8c06846a	568	022de0b7ee4bc4769b3808a126a621609fbc040f56baa97958ff07c434a846d1	remainder
/workspace/reverse-pilot-20260929/repo/.git/objects/53/d20cbd9d1a38d3672ae87ace8c0fa1e689218c	575	7a601c7c6af12240e3a03d7478f0d18b7187d51841448e506e0d6eb7ba1ff29d	remainder
/workspace/reverse-pilot-20260929/repo/.git/objects/53/f49e467fdd5b43de354410599b3f6cb144e450	30088	b782085e0c134a7f7914166bd101aa2d977a994e18b373d67c21a34caed645f4	remainder
/workspace/reverse-pilot-20260929/repo/.git/objects/55/45b89932843694198d4cf712a15875b88bc884	889	e3a9330d592f35d9261a424ba3c33554f87cb72ea3e14bc7888c4820f4426bd4	remainder
/workspace/reverse-pilot-20260929/repo/.git/objects/55/bcdf0aa1fa1196cb4fa8037d032696fed7a866	1046	4e137f388e8bf8785a4b4144d0802f089d48da6bb93e015a5764e7ff5e06e420	remainder
/workspace/reverse-pilot-20260929/repo/.git/objects/56/11040d48d70d4bac035f450f10c1feb3a44ef3	1156	54339adbc6626d41ade3c6e0bdff0359d896ebab4d6ed5f9bdfe5ef5acb1430f	remainder
/workspace/reverse-pilot-20260929/repo/.git/objects/56/645fdb75682bc3231c56fb037f0c9c55992ac8	299	7836714243376b553d1620c658ca8940289f43e3eb92e916dbfedcf61253d7e8	remainder
/workspace/reverse-pilot-20260929/repo/.git/objects/56/7bb90b5ec95e32ab076677ca4adba4bcbe0647	526	e4b7390d965ea86eb7dd2a795f71c23ceabcb3aa15bfc0e035d0c372c521101e	remainder
/workspace/reverse-pilot-20260929/repo/.git/objects/57/086e920bd899b681556b62e67a36fceefc0377	6404	0d2ef13b31e4ae3818bbb9646eb25b975e2198f48125583a7753281fa00e7091	remainder
/workspace/reverse-pilot-20260929/repo/.git/objects/57/ba85949c0b4bb48a845fb8785663f67b960643	1356	c92b874a7a85c3473d64b73e283b6e139e9d71adfa3d189adfb038f1b097f2ca	remainder
/workspace/reverse-pilot-20260929/repo/.git/objects/57/da6f43638989e283ee7017dd6086962e6f5e0a	197	c1c32c1ff44e06f19f7cd9a9d7f5c879e9a6c0f314bd427c78c8aef9a284db75	remainder
/workspace/reverse-pilot-20260929/repo/.git/objects/58/89239adc190c29eb95ff247e3d4af5b3a22f3b	1066	8657178031f84f139b9b698bde14fb4b6c463da7fb72796208279e72250945e2	remainder
/workspace/reverse-pilot-20260929/repo/.git/objects/58/abf9fa77e0e1367500039d77a2125869822bf6	733	958338bd76f06d39e5bc72ec604654ff038c0d97629d97f7d022d48dea695625	remainder
/workspace/reverse-pilot-20260929/repo/.git/objects/59/02cfcd8df67a07c2b94386c6558b5f661c0307	2501	6da2f4d48b1b3b1cd433c90e19db3f195949e23b64c35960f099a32262de14d3	remainder
/workspace/reverse-pilot-20260929/repo/.git/objects/5a/45071e7a947f5ec47bfdae7872f04b53fbe095	747	5159e5e776723226158e01216dcac928a0e125a26fc4843286c69b58ae253025	remainder
/workspace/reverse-pilot-20260929/repo/.git/objects/5a/faff6816b1c0cc165badf6c2e1aaf837617dd0	601	788107a7b3961a1f931557e79ce0bb0bdceb3697a95813fee4ef629eed1cc3ce	remainder
/workspace/reverse-pilot-20260929/repo/.git/objects/5d/426997c3226dca64ea9abc5d33ae6b6a269de7	617	4b6e4ff563adb366958c68d458b39444b77c21675e1acbf6d620e20e19b662c6	remainder
/workspace/reverse-pilot-20260929/repo/.git/objects/5e/9c90ae596d91bec827cf10e828e22d499eeb36	211	a27211e71691656dec92fb31e035a97999bb02dfd95e6cd9bcbf6fb7bd8de5cc	remainder
/workspace/reverse-pilot-20260929/repo/.git/objects/5e/f035bfca49b4f6a4010a066ed955762b2a2a16	3402	6e9edf62c85016fda95511cc4fe99969c915d8a4c8813d8c74f53a74ebbafe8c	remainder
/workspace/reverse-pilot-20260929/repo/.git/objects/5f/9a117ebaaaa2d14e7e1e9663c71f23f782d6e1	139	6d69fc698a7dce9a973854727a9ff96d19ba2e7c34103e7b62811d8df5cb7b3a	remainder
/workspace/reverse-pilot-20260929/repo/.git/objects/60/888b1c4929bbad57b87b18ce4e75b2a3c464ad	208	7198fa298fdaba5bb1428fc1b962eb7ab667a71480b742887483efb03cec4756	remainder
/workspace/reverse-pilot-20260929/repo/.git/objects/60/b44c1bbd49f9b8e6231e6e79c1265af63bbbf4	926	8d30c5a7bc58b0a90602dad732c7252bd492ea27638f9302f6bd90192f97609d	remainder
/workspace/reverse-pilot-20260929/repo/.git/objects/62/43df99fda5fdcb55663d71ffa7e9457de41543	299	fc2c4313cd1eb4e9dded6b1a37d024a3f7e297737802a71fbf5bc02a3d6a67a1	remainder
/workspace/reverse-pilot-20260929/repo/.git/objects/62/4e410920c65bf0015f72ba56a780324e9240c4	22030	a4a4c642f966a49688fe8a6c41ed7e78b7e173087e5dddc89d9f09b151c45ca2	remainder
/workspace/reverse-pilot-20260929/repo/.git/objects/62/4e4f7654d5887762594f7672e6aad2665b9da5	971	fd2b71e0148db94c17b338fcd0eb42d195abe118ca5b9c094fae31aab48c4077	remainder
/workspace/reverse-pilot-20260929/repo/.git/objects/66/7ca92e68eb4ed5a7e76281398c592dfe783259	11863	59c50b2b51f40c07420f379e69ce499b5ef8d3a10420f0356fb1b74e2290cf86	remainder
/workspace/reverse-pilot-20260929/repo/.git/objects/67/213c42e60d82f223cb68ecefce61017689b3f8	938	5d2fda40c4fcb14abe249d5f6dd75440f52ca9bae5816f76849e321377d2ea0b	remainder
/workspace/reverse-pilot-20260929/repo/.git/objects/68/b7fa1129da98fc0badc382c41d503e66ff0e2c	1189	75a9e674e2a69b53d5e8292a51ddc080cc9ca6d669cea22a7b3480741d5de092	remainder
/workspace/reverse-pilot-20260929/repo/.git/objects/69/7d566c35784cd04bfb40d822215a7c81d2730b	746	547b0c1fec3a4a74cdd70985b6301fb215da667c3cf73dd34c554eeb3ba2f75c	remainder
/workspace/reverse-pilot-20260929/repo/.git/objects/6a/1a63edc70a926b44c84c1e10cc75e29f9881d9	213	4f64ab7fe23ddec9038ffd5a2c1c662c56d201e55ccbeb1d249f9725da47036b	remainder
/workspace/reverse-pilot-20260929/repo/.git/objects/6a/f1fdb50bab10ae302ca5d53723c743ce651bc1	268	c6605a1fdd0d5290d1ede3b848ec277ec36b76a21475a0f0bdca59af854ec3b5	remainder
/workspace/reverse-pilot-20260929/repo/.git/objects/6b/ad2f93b6b564cdd7765f63f3448a9f1900e94f	1078	0be608e093df43d13f3bfcbd5a4b85332ef8442abfd87991e4cd464f56c66d00	remainder
/workspace/reverse-pilot-20260929/repo/.git/objects/6d/718797b6fece19068ce281bf262dfac9fe718c	142	49a00c47b80d4202710cc703eb61e271cc5397dcb28d574d95ed43c0b4bab9e4	remainder
/workspace/reverse-pilot-20260929/repo/.git/objects/6d/9c52b3b64dad8ebf29427e47ab6d86c57df22f	1333	b9271299ba497deccf027aefe724aebd71dfdb6d5f773ba0985153cb9b65cdff	remainder
/workspace/reverse-pilot-20260929/repo/.git/objects/6d/a99578b73233bbe4c57e235217adbb7850ffeb	130215	5e93bf7ab4323dba7463ef6c7fe6ca96c8e0a5ccc13404d83b36f9306adc543c	remainder
/workspace/reverse-pilot-20260929/repo/.git/objects/6e/5b9d463db1254b47d7c09c80f94af3285f6858	221	92a1c163e18696ff1895b55379751724a256d0cd477d7541b1cafde73cf75c86	remainder
/workspace/reverse-pilot-20260929/repo/.git/objects/6e/e907a8515fe54693cc9b63e29749a6e8a28d03	1538	6a0cc2af836f6ea17244ed906c488a6064a305771176d553ec713a66edcec9f1	remainder
/workspace/reverse-pilot-20260929/repo/.git/objects/70/245f972f352f81feb7a991cf4175b8cde5a419	1334	35fb5a60faa9e2a73d354878fcb840bcd8270af2128d1a47a82b336160634c1a	remainder
/workspace/reverse-pilot-20260929/repo/.git/objects/71/7fcb651823334abfd51acae69d368dab98d1ec	1123	0a322864deae7284d788c98eee79dc71b02afb8353dd50356adf1886cb8c1417	remainder
/workspace/reverse-pilot-20260929/repo/.git/objects/71/e42bfa8a3b40cdd6f51247591030ca9c32681e	1139	56a2affa9eaaae105ae1d7d229ade02e886bafd7dcf24ff5c5a81cf423eb4650	remainder
/workspace/reverse-pilot-20260929/repo/.git/objects/72/27498967a35c9a22624f1a47e5f8e3cbdcabdb	13115	7d9494725b3aa809b0f951c620c9b36836ecf98479692a39ba81efa7c6a75b79	remainder
/workspace/reverse-pilot-20260929/repo/.git/objects/74/aa389603c2dc4d56c500cfc3fb088cf41802ca	978	140ae928f7a3a075d691d27506d1714de3e22361f7e7460bd171f9862dff1004	remainder
/workspace/reverse-pilot-20260929/repo/.git/objects/74/c6d9d3272b667f976587087e001ba44af5420c	130	0c8fab47819b294a937c7956e1505d49e8ca9bb2b8f803c971174421535938b0	remainder
/workspace/reverse-pilot-20260929/repo/.git/objects/74/cdb889871ecb40d93b552b0b59e050b21ec9cf	5239	85152977fb4ebcfc22533825a0459211677b0bcaf540a4abaa1e1a7f11e4c79f	remainder
/workspace/reverse-pilot-20260929/repo/.git/objects/75/84b3ca55c86ed6813e22617310f28a441f279d	299	0e0a2e0577a58807a5ffd6d3e823381e273dcaacbd3ce8afdb9cfd8a32361cd6	remainder
/workspace/reverse-pilot-20260929/repo/.git/objects/75/84efeb94da7bde88f0b08f04d9dec31450eb6b	2074	22e7ddfa6ca2297d61e620c7834d2dc4388f2bf753a85d268992b99d9d992021	remainder
/workspace/reverse-pilot-20260929/repo/.git/objects/77/2aa71aabeb027ef8ca012b56744359ba53da44	212	b9b60687d85a275d4bd5b2c88113cf432f899c3dcf4c512d0f618bd954be20bd	remainder
/workspace/reverse-pilot-20260929/repo/.git/objects/77/9b82069c051ae366a0d81c97f1c7d9e72852db	10889	8b1d46b4f8e05f419a34f9a0c80f3d58e30272dd7f03425a64e6aded77805a08	remainder
/workspace/reverse-pilot-20260929/repo/.git/objects/79/81690beff7eb83f9f133b87536d02ee972c155	221	8e7841130aa30e9e53a5db0d86238533f703933b65ef43363350df5701dd4fe8	remainder
/workspace/reverse-pilot-20260929/repo/.git/objects/7a/c1fff09ed4c65e810e17ca05200d0e5f33093f	1335	090693991186669f081120197080deca036231fc8577a75b7458afd275a56bba	remainder
/workspace/reverse-pilot-20260929/repo/.git/objects/7b/0ffda531b5c44b50ba32c7c83f8670e088e642	379	0a56cf4a6efeed8a07d161a74baff13676308d1cc3f51bf5393e566a79bcacd7	remainder
/workspace/reverse-pilot-20260929/repo/.git/objects/7b/42a7b6d8c1a2c7a2c569eb0d5720d0e37af373	474	fecd84a50f8df4634999735e2bf4284fa64a76a09b05548ada2c2127182acd21	remainder
/workspace/reverse-pilot-20260929/repo/.git/objects/7c/56013857b363decdc278a62b8047d9ac297680	2170	8fac252fd2479651faa18bf342c282e2d007737de8835a7ef2695594fe033d01	remainder
/workspace/reverse-pilot-20260929/repo/.git/objects/7c/df3cffcf23f91d51b10ee92964c2aada32d916	1334	6fe7e2f382f47eb7b45733a684c7c683eea03280cc75cd218dd31fc400cf9633	remainder
/workspace/reverse-pilot-20260929/repo/.git/objects/7d/2a04763decfb07209ed1a588925939e47c20ab	579	af3314f1197c70c4a3add94697e37953022946c771913997b4602a760386f068	remainder
/workspace/reverse-pilot-20260929/repo/.git/objects/7d/903073491ee95dfdda2e33d302be5731d0847e	233	d12ed980e88b72b114a37fb2684ae6b83cb3016b96682dccfe8b9ce9f4065af7	remainder
/workspace/reverse-pilot-20260929/repo/.git/objects/7d/b4ff8a144428054710b77cb09088f8e750282b	747	42e019e3302395d04e9d5be760d78f20bc2a7b1f953f69fa0fb4b62735138a4e	remainder
/workspace/reverse-pilot-20260929/repo/.git/objects/7e/715749a89e790169c056dafe77bb66a1815635	266	be2eccc0f4e10fe6f2323301296f2cf331f62a075dce7be2a10989b76be47eea	remainder
/workspace/reverse-pilot-20260929/repo/.git/objects/7e/b482f2f9133bbbf4fb118f14acdc06f5f9d690	747	3c5b9b70a7357acb18e7fe368f1dfbb20fc5f00e602c73956a8c518ed683de87	remainder
/workspace/reverse-pilot-20260929/repo/.git/objects/7e/fc50d840eb0b9ee1086c97fdf629134d004865	320	b6faa5b7993574c666478beb38ebd059a76f7f50adf8ff129582c5c9f9fed0ea	remainder
/workspace/reverse-pilot-20260929/repo/.git/objects/7f/8cb24437d102e38f04540b8351a844e13eb7f3	747	526f19157a558b0ad9002ae0c04bf8b0b66d568291f6a1a3b0ffa44d0db67e5d	remainder
/workspace/reverse-pilot-20260929/repo/.git/objects/80/380c4012dd76d0030d2fa19cbe6175e688b78a	747	18cb58f3628653eb3a6003a2010d41d7be04c99911e474b450b230fbb41f80ce	remainder
/workspace/reverse-pilot-20260929/repo/.git/objects/80/f61fef9698eb2ab38fb6eca377da59157972eb	352	45d594d58eb5c5d5c51c28c5b8d96e16d232df5324a52b729ff5748343bd54c4	remainder
/workspace/reverse-pilot-20260929/repo/.git/objects/81/4dceed26c29c682f1e736f5e438324f4d35f79	201	7798d14a44bcee5aeef25e8f0107597242d76906d6a7d32a68aad746f5f73f11	remainder
/workspace/reverse-pilot-20260929/repo/.git/objects/82/9fb86477fd75d9db3d7a77461d54d95661b24a	150	5b3783d5ff623f9412c6bd67312f0952f11033e3ae550b26f334001b9e3bb74b	remainder
/workspace/reverse-pilot-20260929/repo/.git/objects/83/4a5390d45a328f65dc3aadcdf5922c58560f5a	99	9600382cb4e183e9aba7acf3f4de96d416c3f1e2eeae1a69c86271f618467db1	remainder
/workspace/reverse-pilot-20260929/repo/.git/objects/85/3ddf7e35092b897ed490d356ef52b6e1bc4227	491	c091b77bd861bda092a9650c2e0e8ef04c15c787e10e5bcada3459575b8a51d5	remainder
/workspace/reverse-pilot-20260929/repo/.git/objects/85/fa7cda7b9cabe2b8b27815b508edfa75a8ee8f	747	06316a29580e78c4b06ec7c076613892c71b6c630be8f6747669b2b796530d71	remainder
/workspace/reverse-pilot-20260929/repo/.git/objects/86/87ad0f26d9f3800d2991d95e0a3b684fa03edb	216	86b729e1d4cf1fcebdee9447c743f882590e632c65cd11b84182246985f561a4	remainder
/workspace/reverse-pilot-20260929/repo/.git/objects/87/2d75c19e15221feb08ce1c7227d7acebe97af9	4299	acf0ef80f8e0f13d08c9393815b3a1024ad6613a8ee9ae11bbadaa52b0409879	remainder
/workspace/reverse-pilot-20260929/repo/.git/objects/88/6ed7887862fa9133651f8fc24cc4337b9a14e6	283	194b33db90a11cd89a18af536b6ab4029f904a4829f32112264801f2b0a33f43	remainder
/workspace/reverse-pilot-20260929/repo/.git/objects/89/22ed7737ea9bbe12e1bd5988ddd6dcf06db3a1	2365	7cf0899aa175fd26075ff732577aacc2f9486806f35e42c730df8555083c0061	remainder
/workspace/reverse-pilot-20260929/repo/.git/objects/8a/466318aeca5ff8c7484bade2cb87385e32b4ea	1957	67f4a90867ea2ec20bcd0d75ef31b581e1653b3453817ea669d0983ecfc74d13	remainder
/workspace/reverse-pilot-20260929/repo/.git/objects/8c/f47706114803801d4995e65a3b775b05aa3472	218	a893ce04b15808d22b52d5c7aa57556939fb9d3191f818296cca24b18f733cb0	remainder
/workspace/reverse-pilot-20260929/repo/.git/objects/8d/7d62d308730e18fdc69fd9d102b68bcb45a9b2	746	65ef535666d62c31fc45cc30c22214620b235c76bd568b384e755f57c629c235	remainder
/workspace/reverse-pilot-20260929/repo/.git/objects/8d/88ee3bceafb23f3a0a2cdba470a1e56fd92817	11080	580218021fe2cb495563cafa39722122a3f9e266edeb5a5a026bcc1e85a23d4d	remainder
/workspace/reverse-pilot-20260929/repo/.git/objects/8d/b28780215fa61c0bad8d9eab3511ef64786ecb	62338	9d7d0ea274e73cd83eee59a02dc9fecd94d45ed8696303770ab527a7775df97e	remainder
/workspace/reverse-pilot-20260929/repo/.git/objects/8e/06e57e7cb10d890a78b9d541dec90ae4463b3a	13846	00994145ec5e3f782ea5c2f56e317b1385a03de44877ce4ada4b8a0d6d6991fb	remainder
/workspace/reverse-pilot-20260929/repo/.git/objects/8e/14294fe5fd271217e00ad8c99f1608a1495d79	349	22970eab93990a23be876e7191d30f247eca0fed0572a938cce3d1cdae5f9505	remainder
/workspace/reverse-pilot-20260929/repo/.git/objects/8e/dc60087176f5fc3e84bb168e58b65515557708	227	65c86ccaf7d60fa7d96f29359c7c6104a728b2354fd56bd63489c3d873e963e1	remainder
/workspace/reverse-pilot-20260929/repo/.git/objects/8f/2a51f39f7e96331fbd88c79cb3532bcc3258f5	747	4be26c38ceb1637c08170bb166c59545b08a2e94d777197890fa0ccb1f46effe	remainder
/workspace/reverse-pilot-20260929/repo/.git/objects/91/03fc86cbb9dd13bef9894e8de3507d136f1649	307	d132fdaa5da709062973591873e697507d24d8e45e220119ca7497e2d77119b2	remainder
/workspace/reverse-pilot-20260929/repo/.git/objects/91/7cf328c48b5fbc535ea0a304c1c572297a6e2e	1046	b967a97a3a3255747c6cf1fd2b2bcbd682df1c54833cc56d336758d68600fc29	remainder
/workspace/reverse-pilot-20260929/repo/.git/objects/91/d23200b6f88880a51e3a27b78f44139f51b163	4152	8e2a98c081b53a509b389636dabf394c8ce7ab77931705caac727a833f86e3ac	remainder
/workspace/reverse-pilot-20260929/repo/.git/objects/92/876e576667332926bc90ca5e1c5cf517cbae09	746	775d069216cd90bafa0c9bf0450c8a6fba76df883e6f3c5102a1f18d241bbd95	remainder
/workspace/reverse-pilot-20260929/repo/.git/objects/92/ebfdc56add53156fab83114774e5018500e306	298	abee50907f2678e9a517a7e040f337f0aa6ee5a06fbed1f056aa27e2c079a432	remainder
/workspace/reverse-pilot-20260929/repo/.git/objects/95/9c2e0215b7a7f1a6284156f0ad243417e4ea7d	747	67559ba44f3cf508a1abbb02e53f9eb0b78a55cc974f27bd1505c547e07d7984	remainder
/workspace/reverse-pilot-20260929/repo/.git/objects/95/a1f659faf5b81b24967533e611a80e74439645	3196	6402cf3bf2107ef129b627510ce3bb2d50afe8594ad2b141340aeb22ff614a77	remainder
/workspace/reverse-pilot-20260929/repo/.git/objects/96/0ee161dee9ab9a967c814555a9e14fe63fa4ae	747	222becaef8131a70a36bbff26e913a5d5c2348cd198fccba96822faecdc8d3b3	remainder
/workspace/reverse-pilot-20260929/repo/.git/objects/96/50da614d6a308ec92eb50c9ea4c8b373a405c4	617	72bc417f8b8f254a30e8ca5279f3220e458c6a3c4e034c9e4599940d79a31016	remainder
/workspace/reverse-pilot-20260929/repo/.git/objects/96/8f4d96264f7774bba65b04e02fae58f3a160fd	1378	dc092c78427dde14d3b19516cc72201e2c32c7585683ed4130a976e551f8ca91	remainder
/workspace/reverse-pilot-20260929/repo/.git/objects/96/a7581fdddbc6f76f6971ba3ec3f985c74c6e2d	1993	02dbb24163ecab0099c16b7d32303e341ab49ae9513376ca07112df28a0271ae	remainder
/workspace/reverse-pilot-20260929/repo/.git/objects/97/07b770cd8349ac33ba82947d073f7bc67d875a	1334	3a5027b4be76480297f6eda41f800f1e74077c49f279c417391fa0bddaab183c	remainder
/workspace/reverse-pilot-20260929/repo/.git/objects/97/4ea7a2c70ace0e8628d896a97d6479a4f88eb0	20004	ef5c32af2f6c1d0d86a3ea7833b1b068297d0b09305a76a596f3dc20da92149d	remainder
/workspace/reverse-pilot-20260929/repo/.git/objects/97/c04db835b8201c856627501c5ce3b2fa25d6ce	253	27c759762ee9e42e24c1cc3422958688c2bf440bcbc7fc066e5c5f186591c975	remainder
/workspace/reverse-pilot-20260929/repo/.git/objects/9a/1881679742b6daa4cdb20ee5edc4c157d76abb	217	b2b33e00790c59c11a3a8911c933e6dc702613758fbb41c3e4a981df8eff0a7e	remainder
/workspace/reverse-pilot-20260929/repo/.git/objects/9a/d9810caea452c2c290e1e06e8f4d8bcb51699b	1333	c57cff5e96980fb7f3504d8db8bcbfb4228b250a63887b2ca93fe39a6a9bd5ba	remainder
/workspace/reverse-pilot-20260929/repo/.git/objects/9b/015ad8461c203aed9554aee095893bacb53d30	2918	77a4fb5a7702b1e80f46a459fbbe7d2317f534e32b2f8d12bc02f87ad082993e	remainder
/workspace/reverse-pilot-20260929/repo/.git/objects/9b/058db347d0d163782c26c259a64e8a31e0d5b1	4325	c06d4f61376e04fc05d3d6c48aeea73d42577906d609c112eca1b34c7d548242	remainder
/workspace/reverse-pilot-20260929/repo/.git/objects/9b/74c1abb47023b384c7bbf1b7ea1953efa0361e	958	cc75358092b4699fb06e0a47ca47c5329d18c23895672ef6d051f2c4af893181	remainder
/workspace/reverse-pilot-20260929/repo/.git/objects/9c/6ba25782c4a3ad1dccb9c223f0c82453ec488a	6048	de03db30d681d04414676c1519bc50c76282d48883e7ac9edc6f8b0cf60a8110	remainder
/workspace/reverse-pilot-20260929/repo/.git/objects/9c/a2d784ad630ac944782a3bee717258c3d02cbb	747	578264707c8f50d09466277e5410ff6c9407013338dabfa3c9091d8b621f42dc	remainder
/workspace/reverse-pilot-20260929/repo/.git/objects/9d/978c2ffc673c18936fff702ea825293a28af03	1071	18c56cd8f2afbcb9c8e2626d47a6c3ffe2ba5ce9efc8f0ca7df5ac0b486bd22b	remainder
/workspace/reverse-pilot-20260929/repo/.git/objects/9f/9a8fe90e3fac2758f1e427e81033f3287b7bc8	26624	24600e60fb71db93debc92f289e454fc2a71660e01fe8fc9598e34d9ca82447c	remainder
/workspace/reverse-pilot-20260929/repo/.git/objects/9f/c8e7d45a99942695408292243b59815d917f51	1133	a8ca4c94396008e43ffbcf464e28bc3cd50551b2a4140257718931b15051df05	remainder
/workspace/reverse-pilot-20260929/repo/.git/objects/a0/662836cbb9cabdf1d07f660599b67e028e3556	2895	682b1f10010f261c8dcd916d2979bbdf217ed589e97c9965ecd300ec7efae3a5	remainder
/workspace/reverse-pilot-20260929/repo/.git/objects/a1/9dc50844ea96da0ee2c8a9b3d941d49bbd2467	349	b5fc1f76676e0d0d1ef3138e54a446c13e6db535d8a401fe02249fd2842f2898	remainder
/workspace/reverse-pilot-20260929/repo/.git/objects/a3/169c96cf2d8b78e7bc8c783460a64d6c9cb130	1890	cfb8f4c723c2690f04ddad9dfe57e0cf8014f668b32c20f1dcac626b3128e5d8	remainder
/workspace/reverse-pilot-20260929/repo/.git/objects/a4/2dcf4e5f01ebd0a966ab832fe689e9743a32b3	1333	a0a9040459f0bf14b9c2bfa415a2902b76369484141448dc991c7e18d50966a4	remainder
/workspace/reverse-pilot-20260929/repo/.git/objects/a4/bef1752e2795360c0062f0f0f0d8e2067a4813	3000	07b89802ad9a00c31499380ec6c7088368cea9acb169096231762a2e99336908	remainder
/workspace/reverse-pilot-20260929/repo/.git/objects/a4/d638cf24d78d367ba39ced4d09b0fd94c44352	1334	9ba393376162197bfe7965d4d87be102b9141d221f55c84cc759b7bdb0619d78	remainder
/workspace/reverse-pilot-20260929/repo/.git/objects/a5/a8fb4cfcd38e4a4d79fd74abadec1a1d5e76a4	747	021e46d7c980ee085eb28fd16237710a62af4c7d054cb18d998a91f65603cddc	remainder
/workspace/reverse-pilot-20260929/repo/.git/objects/a6/0084796c9d87401ee1b98ae5cf97d6c6256bd3	267	86ee9c7eb77b3f86050c86e96fb75c4dc6caf73347417c707ebb8e5cb4ca9b90	remainder
/workspace/reverse-pilot-20260929/repo/.git/objects/a6/2b17f2355d96471b10dd258913c11d1bbf4284	1335	aeae57fadb242352a567c0324533275216a34997dbb94fdbf607feaaeea158f0	remainder
/workspace/reverse-pilot-20260929/repo/.git/objects/a6/4e500b8d4d5139493b80031984e3c501548751	1160	3211bcfe94975df182b5ad2484a9d6c715121a9dcdb4a6ef142a53e225c1c647	remainder
/workspace/reverse-pilot-20260929/repo/.git/objects/a6/f52193479aca514069c06ebca5a92e6fb4a7a2	2343	1c48620f97ba78077559c4b2c07af304555df3f13704a2a3c1323353547da501	remainder
/workspace/reverse-pilot-20260929/repo/.git/objects/a7/62d738fca17cf6e0b24d3a7e8b637cf97a23d7	1335	2995ff12bce1d1b721efd686c4e0c04c8345e0da3e43096099d5144e241b13cf	remainder
/workspace/reverse-pilot-20260929/repo/.git/objects/a8/1f80adc0e4ef4d273eb7f49f82fb428bcd7229	746	ac1f560aa2aa15f82ad319ce346fb3bebe1f249f207b9e551305ae8f6d10b957	remainder
/workspace/reverse-pilot-20260929/repo/.git/objects/aa/8cafa41e08a383ba53f62e10dae45df04e82c0	186	2e96de5ae3102c18b3ccfe61f0e92c7ff511fce67882194c37514e2e097fbaa4	remainder
/workspace/reverse-pilot-20260929/repo/.git/objects/ac/1d41a4282d2c00b11d85472933a4f48ef75055	232	2449db4960ae2aa094a53b79fcac275a24c0f70d3678240b7dc340cad641d30f	remainder
/workspace/reverse-pilot-20260929/repo/.git/objects/ac/85c9f208a3915fe64b231363a0c02bad42d711	49309	e416b651268bf8ac982dafb06686fc9910ec7120c2353f90164b1403430b8fbf	remainder
/workspace/reverse-pilot-20260929/repo/.git/objects/ae/23489a674e5e2ea51825fa9db9d9ab0c843133	136	df3cf099a7ab7a4c4492a47f74b83d68ad36484e82372eeb38d727c6306b920d	remainder
/workspace/reverse-pilot-20260929/repo/.git/objects/ae/9c90e1b819cc2f0bd8e0afdb460d94ced57081	140	416d3168674acb0a7cf7e3a7df5449ca8a1ab8a2cf3aa6cfeac319b647293a1b	remainder
/workspace/reverse-pilot-20260929/repo/.git/objects/af/143414c95fc8dd219800957857f34ab2c26f62	283	7ed033c552a83ae9a44a635ac71da507fe0103610f32f714128b41518cfda0bb	remainder
/workspace/reverse-pilot-20260929/repo/.git/objects/af/f68dfe838ebae717c280b66f491ce3fadf731f	617	e175da374484fe15f84fd3065d6f0e119dcdb94afa5caddbbe081c0426113a45	remainder
/workspace/reverse-pilot-20260929/repo/.git/objects/b0/b6e95680f56c05d0b8ed6872592dec05de6d69	1334	edd9c0d3892e2955a99060278391bd3e9bb1bcdf0f6e24f8dce9fc2727da7702	remainder
/workspace/reverse-pilot-20260929/repo/.git/objects/b0/d91af0dd13cd05b6732a6e21d29a1ecd851976	1335	1bf2306477da459dd41b0fd1b6f7ea3bb714d232232869980ac455c390b34f67	remainder
/workspace/reverse-pilot-20260929/repo/.git/objects/b1/5f4c3a649044f6cc1a71b631df375c5a448f1b	216	269a90c343e59b2aeffec448bff96e3196ac8212e29ccf108925e69257cc8783	remainder
/workspace/reverse-pilot-20260929/repo/.git/objects/b2/4caea6303097e5e62a984d55d4e7c65298c4c6	5302	7e46a1c4fd525593a7500a7793499a92e8264943daf895172b2d6ccf163ec6b3	remainder
/workspace/reverse-pilot-20260929/repo/.git/objects/b4/26fde6c53f2c23854cfba23f0b4cd2dbe984b4	221	34d3ccbc729cf213b2f2375e21177024b2e6b5f1c6a1b4ba8590a2f2c044a322	remainder
/workspace/reverse-pilot-20260929/repo/.git/objects/b5/614185e581342c24ff424f2c8089fc385eb2c0	227	7698d549d0ef7fd45857a204592acccf0b56216b5699646a9c41b34d57c94a66	remainder
/workspace/reverse-pilot-20260929/repo/.git/objects/b5/7ac7be4568f9074259de2d32aa9fb0a55fde16	3143	0a8da51c1d394bacfeeafb1491e9ced24deb83ab26612eb7f7cff5c46feb24c9	remainder
/workspace/reverse-pilot-20260929/repo/.git/objects/b6/424250c7418395dbb699b45201e47f5a2af347	747	4542f0b8e23aef9733febb8d75e64408cfe95b30105eea7c6536c5aba9e43153	remainder
/workspace/reverse-pilot-20260929/repo/.git/objects/b6/534c67a11358378a8d9702d5cc1aeed656636b	222	d0376bffe1b964afd3511a8e8fbcaa94a9c0786ed5b37a60d6e588ff61ec7ba8	remainder
/workspace/reverse-pilot-20260929/repo/.git/objects/b7/bda61821113807c3af3cb2911850e9452d2251	212269	5ba0baf6d5ca1abcc448dfaad8d4c253fc974203c787eeb6dd30982727df5613	remainder
/workspace/reverse-pilot-20260929/repo/.git/objects/b8/1024eabee98a49a4ad51210dca709ec2f87e4c	1334	3e710e1dcf2766f0288c3c6b503c408ae61f56d4baa1a28a53621a38c787c2da	remainder
/workspace/reverse-pilot-20260929/repo/.git/objects/b8/352b0d20ce2a092065e70804ab05e77e6721ad	321	7325b7fb2bc6fbeeffe9cb17bcce412d1d101db127901e690eefdda331991866	remainder
/workspace/reverse-pilot-20260929/repo/.git/objects/b8/683ff1b7edac257b6972ffa584d49f82162227	817	078e5a2333d5bed3f10d9fdbb07477abb37783926a6fec7f185c1f15b65df341	remainder
/workspace/reverse-pilot-20260929/repo/.git/objects/b8/917415c5209409c876e65f61f940f59a58917b	605	402330e2396931b09ada14154de82249f6abd09038e39a40a0458d43cc4778cd	remainder
/workspace/reverse-pilot-20260929/repo/.git/objects/b8/b09c2f7b366a7153446a77ad21a083db443e24	139	d46e094830ed90c170c5fbfd1cd0949260cc2fe6d43a64a35c69aad02d80cd21	remainder
/workspace/reverse-pilot-20260929/repo/.git/objects/b9/18bff19d267646f3533db0fb39a5f738be97e5	827	effc1371696f414c6f228d51d06366c230f5b594217a2f0b9f34554eae0e6919	remainder
/workspace/reverse-pilot-20260929/repo/.git/objects/ba/29792bb9c1f03577bf5ea0e2156355ea944439	1046	003735cf2b6ef56df6e31bb1d8c4bde768146a610ae4d4fecb2246c6a28ac831	remainder
/workspace/reverse-pilot-20260929/repo/.git/objects/ba/bbf655042f7b8e8e9f8d2aac638785b19879a9	373	b82c818a786c4b942df0c01f0f5d0abfb98ff91cb57df93fed46193e63ce3443	remainder
/workspace/reverse-pilot-20260929/repo/.git/objects/bb/5a2ec2cdf569f7131889634fe06fce1f02b729	105512	56095d51ca3c780bb2b34f786aa8cdf6d62ea3e7823fa16fc400abc1c13d635e	remainder
/workspace/reverse-pilot-20260929/repo/.git/objects/bb/9ffce8855b54421e8cae5c88307c7ac6b2b5d0	283	67865d1e627d97ebaab83505f33f123e6e69cccd17ec9768fe5bbde6563834e9	remainder
/workspace/reverse-pilot-20260929/repo/.git/objects/bb/fac051a47de93408c61d60673780adcce4d8e7	205	cb522d30b0e44f193e3376ddfb47e6855f1656de7eeaf4a7b060863633a86b60	remainder
/workspace/reverse-pilot-20260929/repo/.git/objects/bc/1d4c6400ac948932ad431bfa85cfdfcd2fd46c	138	c7ed2a90b6aa848071e002aafea45228bee2af8ba819c9ac5f2489add40e2ff9	remainder
/workspace/reverse-pilot-20260929/repo/.git/objects/bc/95bd8737f2f2d94cf6719a95c03953f4acf5ae	232	699d9e0c7d99bfc17cc0a3e6a73bc6179fa6a89e0d53722151c5878c77f9f069	remainder
/workspace/reverse-pilot-20260929/repo/.git/objects/bc/cbe058799286d687959123b4b810420fb810d6	603	904bc0dd07da1648411e2ae1ba4884ffa041dfa1345150bbd055adb50dbd04c5	remainder
/workspace/reverse-pilot-20260929/repo/.git/objects/bd/676331248729f91c923cb0ebdc77799c3ba358	926	631a5f2d9560cdf5e426c2331497516fb9eb4a61f9422416e9885ef6a58b62ed	remainder
/workspace/reverse-pilot-20260929/repo/.git/objects/bd/80ee891292f74557703f313f2cebd01db7f96e	216	3841a0f954e5a71840c25cec155da1f7f01d70296ea6501fdc096ca1045ed40f	remainder
/workspace/reverse-pilot-20260929/repo/.git/objects/bd/c4618697e483d08a43fe5bfd811f41116016bf	1265	2ac528b776342d2c35863befe1ec5b70e225ffe608112d847d385ff449828275	remainder
/workspace/reverse-pilot-20260929/repo/.git/objects/be/c494609286a115e9363e0c64bdcfcdc39908bf	963	67293f2995fdf7faa6841af6a7a5e836d5f07440831034402e008aac2540a04a	remainder
/workspace/reverse-pilot-20260929/repo/.git/objects/bf/cc2f3b620ff882ed505f975e88b98517084a21	170	0582d47ff20c167708b3bff953904c4d13ea1ef40f7dd8829bfdb8e1253443c0	remainder
/workspace/reverse-pilot-20260929/repo/.git/objects/c0/d6ee0ec0d66890e62539684b3b1fd8decd9648	2341	287e7496327f5252d8a5520357275701b097f870e9a303b533e4489f15e26cf2	remainder
/workspace/reverse-pilot-20260929/repo/.git/objects/c1/0a9dd92d1cedc3abe54e1f41ff187b023c2e39	568	aebb1012ef275d745808b6eb0557e0b90e5af42cd787c1702ea4ee355797b164	remainder
/workspace/reverse-pilot-20260929/repo/.git/objects/c1/9cb9de6c93dd62c148a8c6fa999948d06c79fd	1333	6fd6213fcd89be02995e9deeb90bc4ba5499680f35cf98e0b0a94f40e1592842	remainder
/workspace/reverse-pilot-20260929/repo/.git/objects/c2/54f47010585d85c61381fb7dce3fcace077aab	2627	4f582e845a480adf4a15d679bc964bae3fceb7a547fd97d53e71d5d01c192658	remainder
/workspace/reverse-pilot-20260929/repo/.git/objects/c2/f4cf8105e3949ecd6feaf5e9d20b47d0702b36	110315	81992a6b754815bee9ba131c372e6fd63c2865505111ed160176b909c9c7d4a6	remainder
/workspace/reverse-pilot-20260929/repo/.git/objects/c3/03dab9acaf8ab20e9c9b8a4524aa1a75589579	13114	4eea5e649cc41603a36c0c168b381fbbd4f4b3df328f78a6cf7a00ddb56b8b41	remainder
/workspace/reverse-pilot-20260929/repo/.git/objects/c4/1b80d31f7f72f365ade2b33e06f81977938971	747	ae8340f80f751cad54def178c20955b11930370e6b27d01cda494eba89b8f396	remainder
/workspace/reverse-pilot-20260929/repo/.git/objects/c4/255b36ce162f18de690edff2e70d25aec3651d	233	49eafa6cabe4ac620549218d469a9b39e9ba8be5f8b0b2996b08dcf94401c528	remainder
/workspace/reverse-pilot-20260929/repo/.git/objects/c4/527307924c25a665f93c5503667d3d232e17e2	156	6bc96a8dbd0f1343322fdacf62d569a9982e27e186f7f9a1ab768eba9114cda0	remainder
/workspace/reverse-pilot-20260929/repo/.git/objects/c6/d1762c02a31219c029f7e9442aa107ec4b7a78	1472	6536579df1d362f93e9365ea89debd2d13d47e3784f00373ddd3ed68b6213a52	remainder
/workspace/reverse-pilot-20260929/repo/.git/objects/c6/e768c31495c28d33eb6d5aa2ce283c40cf638e	2923	84834e98c5b504493e30cdee06655a7a7a76431c5d83f27908aa395c4fed3239	remainder
/workspace/reverse-pilot-20260929/repo/.git/objects/c7/0a21011573f5b081d36fb9dad5738a829e1de7	14860	6bb98370d0c5cf7e676f2ae744ad41da6ceb6f387ee49e3ca01d39294dfb3efd	remainder
/workspace/reverse-pilot-20260929/repo/.git/objects/c7/0ff0fbd3a8e63385c587feca9632b62d7f4354	746	ecabcd38c0c395e2396e3808752409c7dfc389d354e5af85a1f028331efbd09c	remainder
/workspace/reverse-pilot-20260929/repo/.git/objects/c8/774222e9659f6238e921662b9271419ab2c8cf	137	52854e74117a99ee5f79abf30df2cafe6c8d255ee9fa48c8aa82d735b2a34030	remainder
/workspace/reverse-pilot-20260929/repo/.git/objects/cb/078d072bf2d8d1b669e8419cb4b8ec48b988c2	1333	3ce97969abeda8a327d91f875aa369271c44d402d1301cc4c07fc4d0f184ad36	remainder
/workspace/reverse-pilot-20260929/repo/.git/objects/cb/a8df294b3fba70d2a6a625b6a5898906aae392	233	989491d8575fc317688f682aaa918ebe2fb1ddcf6c4fd97979ee2aa88861c2fd	remainder
/workspace/reverse-pilot-20260929/repo/.git/objects/cc/5cbdff4ad2d56e18c2a73e87aac05da3410797	105	d5cddb644caca3d62426e2c2a41a1d9cf818afa596d358e669c177066f050abe	remainder
/workspace/reverse-pilot-20260929/repo/.git/objects/cc/979969cf7b6aa75edbb6ce3e50b83288d768c4	257	37da63438212bc6e564b9d9379ac326e6c1c1ac14632579915e4d10622e1d1e1	remainder
/workspace/reverse-pilot-20260929/repo/.git/objects/cd/47b489daa05b134128d1d9dcdc69e9c5ed85b1	232	08b4937a9e5fbf1f172b214a034ffb097aed2235bba0d66f1a216ec2e3c07991	remainder
/workspace/reverse-pilot-20260929/repo/.git/objects/cd/aa93b300ddcedab6a9362e22b0e8a66cdc907f	746	0ecc0a94c6d9a73c12690d52099bf9420c0d4ca88347ddfdb2fcada964e27070	remainder
/workspace/reverse-pilot-20260929/repo/.git/objects/ce/54bde115a859fcf792575a098940a3ebfc08af	1335	cbbc1e3e9ee4470191047127a4d2049d06a7ef312924fc9e3c7e3a4d602e0d4a	remainder
/workspace/reverse-pilot-20260929/repo/.git/objects/ce/a949f6ab450068826d65603a84522f044c5820	601	14c2e9664935d0f8c69f540b871564fbaaf43a46805e77f03045183d2975f318	remainder
/workspace/reverse-pilot-20260929/repo/.git/objects/cf/0a61ee4803eebe3f3309f792d2c4f6494ab310	111	406a4273186dab5ec24b58fa4bb318cc241243fcd902711b3080cf3706cfcb45	remainder
/workspace/reverse-pilot-20260929/repo/.git/objects/d0/061ecc3331c0f51e8949609ce60e07dade4acb	668	cb5b0b0a66d73736077e66829ffc11edda163d7c353a905db6f001fafa5b57a6	remainder
/workspace/reverse-pilot-20260929/repo/.git/objects/d0/6ce58109f70615f74a17b2237a5a53deb7f431	24516	3129bf49de9f32cf33db79db4f9d311837de5bd73dc8d4841d8a5f4bc890342b	remainder
/workspace/reverse-pilot-20260929/repo/.git/objects/d1/0b2a5d8b24d2e29ab9496720f690eb8191f0aa	233	045401e652878a52361b42f7695c9025b2b5357c1b59062782c1b688729967c8	remainder
/workspace/reverse-pilot-20260929/repo/.git/objects/d1/40df98ec10423909626d3129dd5f07d2503b0a	49527	aace87da6ea0b59cbe61942476038babb1a64cbd9e804334c8b9d6b4f19cfe18	remainder
/workspace/reverse-pilot-20260929/repo/.git/objects/d1/6ddaec47e6054b47f0fc046dae36b5e9da33c7	2725	c6e9e0f606a396159617134db7b4b3fb22ff09d09d941adc7520994bb46835d4	remainder
/workspace/reverse-pilot-20260929/repo/.git/objects/d2/c1478f3f02ca6ba4d209109c61d13ed8c1f857	15662	2545a8f3ca4c4354707c08d71d48335df6e81a46631fc4e6c2a9dc8fd9b3ee2f	remainder
/workspace/reverse-pilot-20260929/repo/.git/objects/d2/d634f302c0e4511be5b49c3487227610936fe3	299	d5a56938b681c33c7e8724bf5b5b65aa7ab2d8014582e16d92350d1c5e953332	remainder
/workspace/reverse-pilot-20260929/repo/.git/objects/d3/2dc6d38d0c856078e4d458f09c06b7bdbb4a53	1333	289e539fba0f7f3800f2c3efde669614bc9bfdb757a569c00e178cbcd9baf75e	remainder
/workspace/reverse-pilot-20260929/repo/.git/objects/d3/94c916f4ec34719057342fb787f69155688e73	755	154cf311392557396c41eda9e5d0f1ec5e06a6a9f73175d2bed4bc41a10790ab	remainder
/workspace/reverse-pilot-20260929/repo/.git/objects/d3/b77c267ab97d039e8fc60bf93686e111de66c2	4865	3386259d1f82ac539a36e7e199375bf4984f40364bbdeb9a199b602f625a9bdb	remainder
/workspace/reverse-pilot-20260929/repo/.git/objects/d4/38eb06938c89f5291f28acce403c8a17c47762	747	62988b11b44b4f34042b0a3c31748b556285adca31984ca8c23fae3ec041a371	remainder
/workspace/reverse-pilot-20260929/repo/.git/objects/d4/79fec7dd40487318a6d79b9fa9e94d81d45cb1	4465	0e11a7eccf2bf77eb501bb3e7f7ce4c38e661594bd5dd6036754c1c97dbf7656	remainder
/workspace/reverse-pilot-20260929/repo/.git/objects/d5/09159e39f10d508bf799171db8fd42de3b2380	3179	ec56dcd5fd3fd77c9a7c5368d4b790064507e3488de6baa8eda1b3d0cfda4444	remainder
/workspace/reverse-pilot-20260929/repo/.git/objects/d5/1b4f5901f4acb410a811b8a1d246e3e52e87a0	868	f3d27ecd8fb14eaa3984cb47d60e4d4f2ca8af47bba91f503e4bfc8da14364c6	remainder
/workspace/reverse-pilot-20260929/repo/.git/objects/d5/baf23323b61b20affd0a31125efda545beee88	3178	99de83efbfc43648b27162c93908f50b81442699faea83612b4682d0e5fc32db	remainder
/workspace/reverse-pilot-20260929/repo/.git/objects/d5/dd48e3ddefd00ca495da4bff1a6dab41d1d345	747	b3f33110f8ad90d5862a8b4b965369b5fa3ac01fca641a949e78296ed8e55dca	remainder
/workspace/reverse-pilot-20260929/repo/.git/objects/d5/ee5d35323a31524977beb5a6db236325306c80	220	47cdc69d449e0d5c3f838a7ac5e9d6758b86e83b4db7f844e4c41bbaa78d4dc6	remainder
/workspace/reverse-pilot-20260929/repo/.git/objects/d6/71b1599302a98965dbe75a34232b3380cd82e4	584	b8c602d1a87e2a106d79e0c20b70965c627639c2592fc44d4a6d904f1d248671	remainder
/workspace/reverse-pilot-20260929/repo/.git/objects/d7/a0e7012dc44bb34a58d24235c3a6a847d50569	587	58c9db09f1a2cc4c701f5cf4ec479ccadd4c198a67c0bb5cfebe847bf4606680	remainder
/workspace/reverse-pilot-20260929/repo/.git/objects/d7/bf2e54a30807d4926844ca374e84cf68b3e540	746	96dc4dea8d9ff92cd199930fa64733acf65678d857ec76708909b79cfa670ac8	remainder
/workspace/reverse-pilot-20260929/repo/.git/objects/d8/690247e019966076b21e235661693b77f26ac3	1335	aab8c13e5a8ba236d384ae698bf27db8f3fa59b0bf06da5839275f8eb5cedb06	remainder
/workspace/reverse-pilot-20260929/repo/.git/objects/d8/bd2fc187530ea19ac9916c583acb8416c79a93	1333	a5a2f3e842532fc2604b8e7025c6227a76718c6ae0dd2470e358e63968e8adb8	remainder
/workspace/reverse-pilot-20260929/repo/.git/objects/d9/897b0676db6dbbaa3eb548adca591eedc2aba9	723	6962ce99cd2a8065e86b1661f7c87503afed29bc790b92f480a4380a5cb630e0	remainder
/workspace/reverse-pilot-20260929/repo/.git/objects/da/20f6d531c8559a976a96f023b4bf0fccc76748	164	7b24297115b254d08ea937fcc734a331037380660d7577bcb8c07360c5e53839	remainder
/workspace/reverse-pilot-20260929/repo/.git/objects/db/01e2059ceb21aa89649b4c3dc6391486d0a1f4	593	a123d0e6284c7cb0ac904c2cd82a527f86bd306f874b7145b9c16c4d12bbb9c5	remainder
/workspace/reverse-pilot-20260929/repo/.git/objects/db/25239b10448e0bb386861a933809e94cdd9e3f	3218	d1e2a3ca606fae23d1cfe9df6f2b768ec2ef1a469f485535bf5770d2e8d9be4f	remainder
/workspace/reverse-pilot-20260929/repo/.git/objects/db/3126a46b69377eddadf25c10ef098d5e1671cb	5264	dffbc2e9fd3789cc4277d787dfcf77a0de71c2bc188c7a9ca7c5cd2cadbc44c6	remainder
/workspace/reverse-pilot-20260929/repo/.git/objects/db/53070218b5f8787ffce52dac120a3e61f5e5af	207	f481937852dd4f764efd7fd5b6feae9374c76f47e579f762a5bbe71ae330045e	remainder
/workspace/reverse-pilot-20260929/repo/.git/objects/db/7f6de774f85c410eb127e954fb2ce07b68fa28	4072	301a70e369692e904e6f0a844b5f00643b661fcada38415f9ad706e8b6b8819a	remainder
/workspace/reverse-pilot-20260929/repo/.git/objects/dc/2b1f62a175a375a3d887a3abe195b51e4ffaf9	1335	115cd2b477e6527779c21c103dc35041075864a6a1befa9d5069d7e5e5fe8973	remainder
/workspace/reverse-pilot-20260929/repo/.git/objects/dc/588f13b26dab59b7e28a7c761e0b19d21884ba	213	b6c67d49b9230d5edac807a15873e79c4556f39687ed060f130a590e5941271d	remainder
/workspace/reverse-pilot-20260929/repo/.git/objects/df/392674c9fcf1bfbb5b218138866eb8f6edd0c9	3027	eb0fa7ba2445d760b7f231492031142bae9babba47f4676840834418be5da0ec	remainder
/workspace/reverse-pilot-20260929/repo/.git/objects/df/a4d7ee5edc48f801c6222851a514ff0c8f23a1	747	f03a9ba0edfdda9fbe8dc3eb4b2439ff2eef4de2b8dbd24f068616e21dcb2421	remainder
/workspace/reverse-pilot-20260929/repo/.git/objects/e3/1b1ae4e6605764912058f4fd3ee14953aeadb4	205	b7977bffc695e6aaf070d5593fe88d7755351912de1c0f529ff9920bf3c520d3	remainder
/workspace/reverse-pilot-20260929/repo/.git/objects/e5/e4b9fcaa0690a35e5926a5a670a595b010f65c	233	6e290daece91035ed08962fdd27b564752991ac1bde9676abfaf173dcc81c847	remainder
/workspace/reverse-pilot-20260929/repo/.git/objects/e5/e9e6bc86a489a3890294e21bee3564928ddfe8	899	7623289e2bcbeb06615ba10077677e03d7a08bcc37a2051feaf91495ac5f2c23	remainder
/workspace/reverse-pilot-20260929/repo/.git/objects/e6/3bbe0e7a8aac9aa8bf56f8c63c5db56992a602	945	d9584a819c9182f80643e6eff647fadfaef1de8915c1de18a0c8d7881869878a	remainder
/workspace/reverse-pilot-20260929/repo/.git/objects/e6/501947e445157fd14ab6a4457d0fa5b08c49e6	721	b42d5f59babf9707ee6790274caf5535ca5022413f1b0ac680b64144d0dee1ef	remainder
/workspace/reverse-pilot-20260929/repo/.git/objects/e6/9de29bb2d1d6434b8b29ae775ad8c2e48c5391	15	164c5fa8067facf1a43f09ce3d0e35ebf53a7f5723ecbf15a8667cfc53c26f6c	remainder
/workspace/reverse-pilot-20260929/repo/.git/objects/e6/c66449e90f9ab3d2e7355daca5c88d05782e1c	233	601637b18d13b1574f536a5737429b9b951c06dab8927efc996cd1b3a71e013e	remainder
/workspace/reverse-pilot-20260929/repo/.git/objects/e7/d94c6f0a541c8ceeeba06cda0fdd6b324d2166	55	1287f7f86cf3ebde6ae535830a4f614bdba2b4d8cf33b09de63e6680437d9ebd	remainder
/workspace/reverse-pilot-20260929/repo/.git/objects/e7/f10ee76428add926a378b651eca174de90e82c	284469	c91adabeafbd5fdce4184f4cb648d83d3c1a87f523639f641d92a05441153065	remainder
/workspace/reverse-pilot-20260929/repo/.git/objects/e9/47d4b98586203900c60dc0c476410234dc6e12	311	20714ba2fc69d2fd79d346e7634318beeb0ceb3184741474f271e524359e2d6e	remainder
/workspace/reverse-pilot-20260929/repo/.git/objects/ea/555ccebf208e0447f005c6669a857d04527fb7	1334	13f4882dec19ddb81144e8de85d30659c70795336f7ff67a05840678ae6ede08	remainder
/workspace/reverse-pilot-20260929/repo/.git/objects/ec/3bc773a236ffc4d0f14433b78ae73cd0c6062b	3645	34b3f0a5aa6c4ab42bea45728fac12f280ec545df48a158dc533b5eaef6c06f4	remainder
/workspace/reverse-pilot-20260929/repo/.git/objects/ec/8638a14b997e27edcdbfc07707b5f5ab6b8093	1498	6137d5f96fa638640d8ac4ce1635d882be21ea15a2f53a6bb7b6760b65547209	remainder
/workspace/reverse-pilot-20260929/repo/.git/objects/ed/d2d11bdb80f6775de05e42686b1df66f139161	67695	5727fdd44aa0356587b1d26b3cbb515aff9212c69e44c83e41df7f7c5a014489	remainder
/workspace/reverse-pilot-20260929/repo/.git/objects/ee/71d92edf11e5085296a13abcadabf66c17de0b	747	7c963a026c7c1d64b3e6a629bf2e61e69c35709061dda8a5bc64aed1bad4233f	remainder
/workspace/reverse-pilot-20260929/repo/.git/objects/ee/78cdd4c4164c07a86cc55c1a39df303dc23acb	8545	b8076bf9848b5edfb5ed8750d0ec36f0bfa9fae5048d4156c9711efbcbff200a	remainder
/workspace/reverse-pilot-20260929/repo/.git/objects/f0/3caf50ccdeb0defe1e764286bbefac0e8de0e2	996	c7ec4489d8a03e5a68e2d2e45204f422e20ca3de4c7bb19e6723c7d91f84bb0d	remainder
/workspace/reverse-pilot-20260929/repo/.git/objects/f0/4a20a6a815012d55dd112ffc3cc81a12105f7a	172280	064dec09d539cac33f86b99d85cfb868672a2d03805028a8178d8f886ca8dbcd	remainder
/workspace/reverse-pilot-20260929/repo/.git/objects/f0/fdb98ba97e746d75b34d9ff748f15f0db520ea	209	79a9aab6c8bcce64d0db9a62ef854673defb782ef5ef9b8a6a801f3bd9ef71ba	remainder
/workspace/reverse-pilot-20260929/repo/.git/objects/f2/e287c916de2ae883f452bb743df4e40a74a5b5	2532	9009aa2a5d98063586d4edac134066b345b452a1c3a57ef77896bc9cfc6ac56f	remainder
/workspace/reverse-pilot-20260929/repo/.git/objects/f3/191925e0235941de9901af847bb077568aa609	747	110063d9a3064d70c258b5b0381e46b7f1a64e2e626883ae48fccd12a4bab22b	remainder
/workspace/reverse-pilot-20260929/repo/.git/objects/f3/2a66e19c6d3865c1948420c3b89277188e6993	143	8708375bb321c588491c7037aea2ed1c34816b9aa88867c16a8dc6fc6fc743ae	remainder
/workspace/reverse-pilot-20260929/repo/.git/objects/f3/b45325eddd17e77b4a42b95f85cb61de1d004c	569	bc21930260f0b0d592b6487b1b2f8b060ba8c32e0806872182ca8d66171e22fe	remainder
/workspace/reverse-pilot-20260929/repo/.git/objects/f4/4c718a01b98c79eb3b3621f1a2960441b5f29b	1050	9cf3b7c0875a823c892651169276c93f24fe1a9e5537afc642de9f82339a960f	remainder
/workspace/reverse-pilot-20260929/repo/.git/objects/f4/90694529027683a5880c9f25b4caf5d27f63b5	747	663a7d37d193b48454985e13833f4fa9f9b82d4668128e2883d53f071396fa89	remainder
/workspace/reverse-pilot-20260929/repo/.git/objects/f4/f7573e6e353badd6498168ff5cac5fa60291bf	253	c0026da96dd6cbb01beede27743139d95689ebfc67bc56c8f4dbe0b19830b5d8	remainder
/workspace/reverse-pilot-20260929/repo/.git/objects/f5/5b0d7246f58969aa89986a48736acd2499cb62	232	43eec6880ebe5374e6c192f4dadf940954408c9808a0f3b377e1a07dab243cfe	remainder
/workspace/reverse-pilot-20260929/repo/.git/objects/f5/eddc5a148c99c7e9cbf1f99d125e8b36f6ac34	1334	9630ba0cd2696cf1560457f7bf68df29923f9d4929c817af19d128d1f490d8a5	remainder
/workspace/reverse-pilot-20260929/repo/.git/objects/f6/50fb75ef29447e1e0ef0c9a999dd1a54abd5eb	1681	f115e1179c4504d91deabfd3786f9e377d5f4951d8d439c937e3cfb103d7ff3c	remainder
/workspace/reverse-pilot-20260929/repo/.git/objects/f6/d64c95ec6dad29256506d747d668dc403a64f5	3698	3f640ac6d7e1d2ee584d0c56590cd99d757c4c6e9bcc690deea213e94e92aba1	remainder
/workspace/reverse-pilot-20260929/repo/.git/objects/f7/b4183de5fd439d95cd6fcf67745b913d00b881	822	ebd05250ca051dbc87d42d3272438514d1d39bce2e4e497ecd0257c66d1f7fa2	remainder
/workspace/reverse-pilot-20260929/repo/.git/objects/f8/13bc04c474e852d3628ed72f22b71d1efd7bb5	213	7391856c7be5c98dfc1866fe3f1c768f25af722efda2e9955eeb35cd87b49149	remainder
/workspace/reverse-pilot-20260929/repo/.git/objects/f8/78a1975a4bac32bb18dc9bf791d180981c905a	137	85132608cf3e224cbf637c702015196ab8e6f0226b49d227dc2127b6c49cdfdc	remainder
/workspace/reverse-pilot-20260929/repo/.git/objects/f8/9cdcada7f96d22917738d557393bf8c24932cc	746	3b6c5c6d3cad4e76fb55964ed4743dedd90e8d2da620e49f9c78046edea25d46	remainder
/workspace/reverse-pilot-20260929/repo/.git/objects/f8/e75b9bc491144fadd5138c30bfa3843a51b09e	233	feaf694030345aae66b032461e5cc5e05ef6a6d2ce885323e633bb6a78c5ef37	remainder
/workspace/reverse-pilot-20260929/repo/.git/objects/f9/1830be1d032b55d915f2b2d58a27e073b65c95	746	4011501253ca5538df0a3c0cdf922636130fc862d8d76bb66918a36456222e2d	remainder
/workspace/reverse-pilot-20260929/repo/.git/objects/fa/ea651f095f0d4584c254a6068f8250d14a5d13	267	d19da327e9e011b587bd58133546b888db6e589e13b5f9d8218d0a01599bd1e6	remainder
/workspace/reverse-pilot-20260929/repo/.git/objects/fb/0f70a9fdf5067b519bf5057a182350e2599c16	208	86914a99d4b54f5cd486c1099754376800241eaf508650e5a448711909edce6a	remainder
/workspace/reverse-pilot-20260929/repo/.git/objects/fc/125d41f579f6cfd83338719e19d1d56e1df2c3	1660	e83bb8d5eafd752de6d4f5b77bb54656e6667bc69c6e16c3b2642a2c3551713b	remainder
/workspace/reverse-pilot-20260929/repo/.git/objects/fc/1faa6bb7f46e7b578b3fd96317e8a027641d17	747	06e135b9318b6885ddb533023594846bfbfa307f69f1568ed0679bc2ffc981c9	remainder
/workspace/reverse-pilot-20260929/repo/.git/objects/fd/e2f0881016074a03356be50961f43426d613b1	3978	0b0dfe2ad3eb66f2769218054685f2e4bcfbbe139e24a6f1d78e26415e05df66	remainder
/workspace/reverse-pilot-20260929/repo/.git/objects/fe/1b3c5828d2f27833665b35badb385fec01b6e8	1943	51aada52ae70f38e1458628a8487e3a64e1ee02be1c20581b85d84cbdb6f9b42	remainder
/workspace/reverse-pilot-20260929/repo/.git/objects/fe/35fdee3eef349a914db7222fe42ce281935082	1334	dc1f620a17e514bb4efd0d8faf99a1c190fdb48721b5b0ed7f611e72f246ba83	remainder
/workspace/reverse-pilot-20260929/repo/.git/objects/fe/9f3dc9ef3bc47563e4277abfd1ec0f1efb7c88	3204	2f21db8cdf6e2b6f962a7f425041ab032c01422fd2c29350e8df8ece3bf98e0c	remainder
/workspace/reverse-pilot-20260929/repo/.git/objects/ff/40515257164f9d3a000417d4a9278f6f2d2f38	220	499241fd7e500ad44bb8adbc9baede6d3eba14f33a15b5c047967a939fbba8c6	remainder
/workspace/reverse-pilot-20260929/repo/.git/objects/ff/76fcfdce2c38db4646fe6d8e425c0f43fd56f9	222	2ceb6de37e90778466384ecd16f64125b04bae50f548ad98fcaa8f46c279e8a1	remainder
/workspace/reverse-pilot-20260929/repo/.git/objects/pack/pack-432f774b6afcae9e9ecedfcc4754dd25873c51e3.idx	34000	c7f7f85584996998d8027127d9793e76185f74555a4a977882f49095bbf99da8	remainder
/workspace/reverse-pilot-20260929/repo/.git/objects/pack/pack-432f774b6afcae9e9ecedfcc4754dd25873c51e3.pack	2939696	d86a9f130745e6b7d95975c9cc4cfa6bd579da72bb69ff7611520727656763fa	remainder
/workspace/reverse-pilot-20260929/repo/.git/objects/pack/pack-432f774b6afcae9e9ecedfcc4754dd25873c51e3.rev	4756	cbcb47c184c6c7c961f5f43fef525e200b8d6abeda877a94370a36b2b22e0e05	remainder
/workspace/reverse-pilot-20260929/repo/.git/packed-refs	152	f47a7cc192f2f731cd4e2f0982c543825f2aaf13b9e2ed7b458aa8c53edae3f2	remainder
/workspace/reverse-pilot-20260929/repo/.git/refs/heads/gpt/reverse-pilot-20260929	41	5f78753ae1250c3b97f61007bb5496ad2806f32e13d8d2f2f9c3f01b9b5fa474	remainder
/workspace/reverse-pilot-20260929/repo/.git/refs/heads/handoff/claude-dangerous-adult-20260924-1631	41	5bb7abb039fd6e0259c8ed5227984bc1e57652e27402476d3f3f17fb6bfd3ede	remainder
/workspace/reverse-pilot-20260929/repo/.git/shallow	41	5bb7abb039fd6e0259c8ed5227984bc1e57652e27402476d3f3f17fb6bfd3ede	remainder
/workspace/reverse-pilot-20260929/repo/.gitattributes	483	d0285a2f13887d7b3af07746aebb882962993f9a495a78d86d5cdfae130389d7	remainder
/workspace/reverse-pilot-20260929/repo/.github/AGENTS.md	1228	256ee6b8bbfefd59218b39f6fb28ad708e2bc878b6bad51c6c292ff88edaf7b4	remainder
/workspace/reverse-pilot-20260929/repo/.github/CODEOWNERS	495	61d518a8c584a695f53a5eb0a9fb1fadbaaeb1b9fd52838db56d04e249e212fd	remainder
/workspace/reverse-pilot-20260929/repo/.github/codex-repository.json	1516	ad1f93cc8526142d0609b7edb3b4149cabfa356128ef281dd38b335e7c78213c	remainder
/workspace/reverse-pilot-20260929/repo/.github/dependabot.yml	250	1e77e44e76111fe53f004c8e3725cc674011e7d1f0f6db923607c40e4f9acaad	remainder
/workspace/reverse-pilot-20260929/repo/.github/pull_request_template.md	2491	f8b4751fa550ce5785ac6c01120eccdd8b75a4d8772f6ff3a3c0d40fd259691a	remainder
/workspace/reverse-pilot-20260929/repo/.github/workflows/content-integrity.yml	874	82f777a9d238ef5bc682dce682b080c5a048af8611adc1b9d397c08830e4ed44	remainder
/workspace/reverse-pilot-20260929/repo/.github/workflows/publication-secret-audit.yml	784	ecbc4e4b0b9cfc7ce990729b192ce6bc7ced3689b2e57196d792e31621a883ab	remainder
/workspace/reverse-pilot-20260929/repo/.gitignore	117	a2fec8c21bb0e107397eeab29814877daa5c28f3b88f40c32f366d473467c57d	remainder
/workspace/reverse-pilot-20260929/repo/.gitleaksignore	746	d9418937c8f6a8e9b786db0edf15d1c1c5e0d26cc4254751fe0b40c9daef1a93	remainder
/workspace/reverse-pilot-20260929/repo/AGENTS.md	10396	23c42a95e0dc941dfe133a165a12c05afb97bdc51d64d51dec145d90982696e2	remainder
/workspace/reverse-pilot-20260929/repo/ARTICLE-META-MAP.md	1073	7570bda93e01ff504f02d2e961ab6bd56e387beed951a3035223e73fd25f1d14	remainder
/workspace/reverse-pilot-20260929/repo/CANONICAL-REPO-MAP.md	10188	87b3ee1b308c78cc8a75f04c52b439801b91f1775b9b24ae45a34c5617103370	remainder
/workspace/reverse-pilot-20260929/repo/CONTRIBUTING.md	1048	0e84f440719b5caeea89cbbfbfe08ea2bff6a5abedb6fe17d36af2547d4cf3aa	remainder
/workspace/reverse-pilot-20260929/repo/CURRENT-STATE.md	370	c9331f60a6526455f19ec86116aa5472b7a372bfc9a413702a93ac75d66ada30	remainder
/workspace/reverse-pilot-20260929/repo/OWNER-FACING-TURN-CONTRACT.md	5778	47ea949e703871cf9e2f2e9e3f080f3723a94e41f6a7fe8964ae9ac05e735880	remainder
/workspace/reverse-pilot-20260929/repo/README.md	1625	f87e089527068446de4fd155e156fbcac624772b91704bb7ee19a2bbc52b50bc	remainder
/workspace/reverse-pilot-20260929/repo/SECURITY.md	935	ed43ff9fddca42090ef307497094854cb51c27c2e295df16dd58453de7150850	remainder
/workspace/reverse-pilot-20260929/repo/SKILL.md	33167	50d892dc544b81ad94d1d55107f5cff59a696154fb24135a08644ced2c401f93	remainder
/workspace/reverse-pilot-20260929/repo/archive/chatgpt-project-retirement-2026-08-17/MIGRATION-LEDGER.md	5418	7031e7ae8a225bf02f5348c23e309f2f108a2cb6c627b58e03ba06ef5d1aba15	remainder
/workspace/reverse-pilot-20260929/repo/archive/chatgpt-project-retirement-2026-08-17/MINIMAL-PROJECT-INSTRUCTIONS.md	1726	b77d377eabc9da5d27bf04bb785bb0aa0affd9204e384871e0f4ed091d7743d3	remainder
/workspace/reverse-pilot-20260929/repo/archive/chatgpt-project-retirement-2026-08-17/OWNER-CORRECTION-CURRENT-PROJECT-SOURCE-COUNT.md	1117	6c873f0c0694dfbbffc9ddc155e522ab5699c3d4bb3fe6f7e518934a8ac137c5	remainder
/workspace/reverse-pilot-20260929/repo/archive/chatgpt-project-retirement-2026-08-17/PROJECT-INSTRUCTIONS.txt	7427	a42da36d4ef25854e48510285605a729b653fb8fe55cca64846bb06029a2ef48	remainder
/workspace/reverse-pilot-20260929/repo/archive/chatgpt-project-retirement-2026-08-17/SHA256SUMS.txt	925	af1bbbca6cb88e3e8c22ee8e9e8961d7a9848d81060c3e19914b659f98d7efb1	remainder
/workspace/reverse-pilot-20260929/repo/archive/chatgpt-project-retirement-2026-08-17/sources/ARGUMENT-AND-EVIDENCE-ARCHITECTURE.md	18707	102da3aa74c974cc939123e2fb5201506f4964d70f95342686b1445506ac7e14	remainder
/workspace/reverse-pilot-20260929/repo/archive/chatgpt-project-retirement-2026-08-17/sources/ARGUMENT-LEDGER-QUICKSTART.md	5931	c3bf7b39093b946f0df79798838e3ae3a5e935a3d3ceb0c36f47e6af6ef2911b	remainder
/workspace/reverse-pilot-20260929/repo/archive/chatgpt-project-retirement-2026-08-17/sources/ARTIFACT-FAMILY-LEDGER-TEMPLATE.md	6442	532f440c7aec51b30c7ab433c5313c61e57a86173197d2de5a9ce834431c9ec7	remainder
/workspace/reverse-pilot-20260929/repo/archive/chatgpt-project-retirement-2026-08-17/sources/CANON-FACTS.md	9279	c544535d80737c7fc3b1ba2be6fb08c02ce319aee9329fe297a501555dddcd95	remainder
/workspace/reverse-pilot-20260929/repo/archive/chatgpt-project-retirement-2026-08-17/sources/CONFIRMED-SUBSTACK-HELPER.json	3468	b9132116432fc2e37ff47dacf7794f98c1a3e1ef906fd6baed1fac85075a9342	remainder
/workspace/reverse-pilot-20260929/repo/archive/chatgpt-project-retirement-2026-08-17/sources/EMERGENCY-FALLBACK.md	2690	85954a2033b010e9f8655e11ef1c7715968237e75b565b7cb01d7fbd6ccb118a	remainder
/workspace/reverse-pilot-20260929/repo/archive/chatgpt-project-retirement-2026-08-17/sources/GITHUB-BOOTSTRAP.md	5403	9453609fc5f761dfe20302672a8ed2a42a295a9802f4540a2c8521fea82ff299	remainder
/workspace/reverse-pilot-20260929/repo/archive/chatgpt-project-retirement-2026-08-17/sources/INTERLINKING-AND-HTML-SOURCE.md	17315	5ec47f956d88f8fb1de010777dc52814acfd8a359348737bf1b39f4eaf9430df	remainder
/workspace/reverse-pilot-20260929/repo/archive/chatgpt-project-retirement-2026-08-17/sources/html_islands.py.txt	19904	9e9411e5959ea610c4f4fc2f11f7f6d72a0afe2f8cb7ff63a96dc4af7cdbf6b3	remainder
/workspace/reverse-pilot-20260929/repo/archive/chatgpt-project-retirement-2026-08-17/sources/review_package.py.txt	20569	624cc7e76a493e9bee63af69f212967a49321958145e841dba963e65f141cda7	remainder
/workspace/reverse-pilot-20260929/repo/archive/project-source-snapshots/4.11.1/Joel-Articles-4.11.1-Project-Sources.zip	318275	c0b6b0ce4d95b303a00cc44d75fdf54e4433fa72e39e9e866c84b856fde965b1	remainder
/workspace/reverse-pilot-20260929/repo/archive/project-source-snapshots/4.11.1/MANIFEST.json	18420	3dc9a043ceb54136bae18e78157a33dd8276aa02d4c437703fe52a56e5469e90	remainder
/workspace/reverse-pilot-20260929/repo/archive/project-source-snapshots/4.11.1/README.md	683	9b83e99ed89f90a49d96fbad1ea26d565290f71fb22e77e35e5fb73dc9446987	remainder
/workspace/reverse-pilot-20260929/repo/archive/project-source-snapshots/4.11.1/SHA256SUMS.txt	4160	2cce4b4fc1622538b4c5e31fd3e756b6fe6f1e66c7d2520ad2732a8d22dafccb	remainder
/workspace/reverse-pilot-20260929/repo/archive/project-source-snapshots/4.11.1/sources/ARGUMENT-AND-EVIDENCE-ARCHITECTURE.md	18707	102da3aa74c974cc939123e2fb5201506f4964d70f95342686b1445506ac7e14	remainder
/workspace/reverse-pilot-20260929/repo/archive/project-source-snapshots/4.11.1/sources/ARGUMENT-LEDGER-QUICKSTART.md	5931	c3bf7b39093b946f0df79798838e3ae3a5e935a3d3ceb0c36f47e6af6ef2911b	remainder
/workspace/reverse-pilot-20260929/repo/archive/project-source-snapshots/4.11.1/sources/ARTICLE-INDEX.md	16088	1bd1f154699580a34f431052844b8dcf8fee3141276bf5155bf21d10e1414998	remainder
/workspace/reverse-pilot-20260929/repo/archive/project-source-snapshots/4.11.1/sources/ARTIFACT-FAMILY-LEDGER-TEMPLATE.md	6442	532f440c7aec51b30c7ab433c5313c61e57a86173197d2de5a9ce834431c9ec7	remainder
/workspace/reverse-pilot-20260929/repo/archive/project-source-snapshots/4.11.1/sources/BANNED-PATTERNS.md	34363	1d8e829f0b351ee1fd7c3d563c6869ac667f9e5c044464b81afdbf194e570557	remainder
/workspace/reverse-pilot-20260929/repo/archive/project-source-snapshots/4.11.1/sources/CANON-FACTS.md	9279	c544535d80737c7fc3b1ba2be6fb08c02ce319aee9329fe297a501555dddcd95	remainder
/workspace/reverse-pilot-20260929/repo/archive/project-source-snapshots/4.11.1/sources/COMMENT-RESOLUTION-LEDGER-TEMPLATE.md	2538	2857b4fc200b0b4e80ee19fd23532ecd2e9644660aea03dea75331abd06e69fc	remainder
/workspace/reverse-pilot-20260929/repo/archive/project-source-snapshots/4.11.1/sources/CONFIRMED-SUBSTACK-HELPER.json	3468	b9132116432fc2e37ff47dacf7794f98c1a3e1ef906fd6baed1fac85075a9342	remainder
/workspace/reverse-pilot-20260929/repo/archive/project-source-snapshots/4.11.1/sources/CONTROVERSIAL-TOPIC-EVIDENCE-AUDIT.md	2638	0b6620a20abcd195092e54395266c44bf365e9b0756328f3925a164da831a276	remainder
/workspace/reverse-pilot-20260929/repo/archive/project-source-snapshots/4.11.1/sources/EDIT-CONTRACT-AND-LEDGERS.md	40745	3530160be4eed2a1c77d2602c61dda90baed9b482d3e0588f542fd7f1399f884	remainder
/workspace/reverse-pilot-20260929/repo/archive/project-source-snapshots/4.11.1/sources/FACTS-HEALTH-FORMATTING.md	13157	35c11c27c77efd363d9955d7b9cb31749d1e0f381f6c010db301d7d0b4edb986	remainder
/workspace/reverse-pilot-20260929/repo/archive/project-source-snapshots/4.11.1/sources/FINGERPRINT-PASS.md	36594	c05ccbd4ea16bedaf54f7b6428f09f1dfe3635c9976aa3d62cbdba43b40e0b4f	remainder
/workspace/reverse-pilot-20260929/repo/archive/project-source-snapshots/4.11.1/sources/HUMANIZATION-AND-COHERENCE.md	22986	0f2bddf8fc1b8011a1424cb760ef497cb9bec9e50000a338e9636db0180d797a	remainder
/workspace/reverse-pilot-20260929/repo/archive/project-source-snapshots/4.11.1/sources/INTERLINKING-AND-HTML-SOURCE.md	17315	5ec47f956d88f8fb1de010777dc52814acfd8a359348737bf1b39f4eaf9430df	remainder
/workspace/reverse-pilot-20260929/repo/archive/project-source-snapshots/4.11.1/sources/MASTER-INSTRUCTIONS.md	46850	4a747158a5ef5c53830d8fa339bf3d785bdc58f58aa7ead1a8266fdb226a05c2	remainder
/workspace/reverse-pilot-20260929/repo/archive/project-source-snapshots/4.11.1/sources/PROGRESSIVE-DISCLOSURE-EXAMPLES.md	5091	caf573ce8ecc1a38eb1456ea19d131582224846da03a5da23aad995fed9e82df	remainder
/workspace/reverse-pilot-20260929/repo/archive/project-source-snapshots/4.11.1/sources/PROJECT-STATE-TEMPLATE.md	10427	a07b8c17a56761cc91bce23c7d14c1a7052f41d606c41eb9bd8e3a22fa2f8d55	remainder
/workspace/reverse-pilot-20260929/repo/archive/project-source-snapshots/4.11.1/sources/QUALITY-FORECAST-AND-PASS-REVIEW.md	17007	288b8d4eb6f2013504ffaccf4c87ef0e9704edced35ef6da4b2075783f51d813	remainder
/workspace/reverse-pilot-20260929/repo/archive/project-source-snapshots/4.11.1/sources/REVIEW-INTERFACE-SPEC.md	7796	e77f1c138fb44bc89f7209b2ae4916100650ee0f51cfbcff2ff5641bb65faeba	remainder
/workspace/reverse-pilot-20260929/repo/archive/project-source-snapshots/4.11.1/sources/REVIEW-PACKAGE-REGRESSION.md	4897	8549348ff36eb19291496cbbfc1ee6e11e02af003e9f18cc1deff2686d518a1e	remainder
/workspace/reverse-pilot-20260929/repo/archive/project-source-snapshots/4.11.1/sources/REVIEW-WORKFLOW-RULES.md	16062	3307fc89beadd1e78e02e612ba9673457c2433c0851e2f85471b1ad04da698ec	remainder
/workspace/reverse-pilot-20260929/repo/archive/project-source-snapshots/4.11.1/sources/STRUCTURAL-HUMANITY.md	43254	3e7a9360b5ade7a89ca843cbcfeffbe0c6fcd2b633e67e9cef6092a280f4296e	remainder
/workspace/reverse-pilot-20260929/repo/archive/project-source-snapshots/4.11.1/sources/TASK-MODES.md	24909	0d3e77b688814767ad43b0053310b753e832ab71c96d128196fd5b3f26a1898e	remainder
/workspace/reverse-pilot-20260929/repo/archive/project-source-snapshots/4.11.1/sources/TOOLING-IN-PROJECT-SOURCES.md	3810	7de902181d952f65772d109fef0fce3efc981aab0d9586f1ad5d4e47239bd221	remainder
/workspace/reverse-pilot-20260929/repo/archive/project-source-snapshots/4.11.1/sources/TRANSFORMATION-CASE-STUDY.md	46716	b2a040e0ee99b65fa44b7b05e48eb2f1957f07ae29b5495238abe241c330d6f3	remainder
/workspace/reverse-pilot-20260929/repo/archive/project-source-snapshots/4.11.1/sources/VISUAL-EDITORIAL-PROTOCOL.md	4910	e4dcd12948cd435a80d553b72f8768cb953fec88ed999ce389bfd05632049f28	remainder
/workspace/reverse-pilot-20260929/repo/archive/project-source-snapshots/4.11.1/sources/VOICE-LEXICON.md	3259	440133624cf60e9455d91208790694e37dac46173e57dae904754a7195d0584b	remainder
/workspace/reverse-pilot-20260929/repo/archive/project-source-snapshots/4.11.1/sources/VOICE-REFERENCE(1).md	15347	e360690fb34f49d01c000b3bd552324281207b6c55699c4794fd9512680d2342	remainder
/workspace/reverse-pilot-20260929/repo/archive/project-source-snapshots/4.11.1/sources/WORKER-CHAT-HANDOFF-RULES.md	5180	91d6da5100675047b8728ec9d7e5154a67111a5df96305b4f66e2a87c61fdca3	remainder
/workspace/reverse-pilot-20260929/repo/archive/project-source-snapshots/4.11.1/sources/argument_ledger.py.txt	51359	777fbf9d564aa95c62345a889b9c448d8fa1c087bcdc92be3cb2d57fbedafd77	remainder
/workspace/reverse-pilot-20260929/repo/archive/project-source-snapshots/4.11.1/sources/cancer-and-research-samples.txt	86094	9c082d52fe6a6e5ed242ac2af0a17981e6f1a6d4b7f1bd7e57cb643c5dabd0dd	remainder
/workspace/reverse-pilot-20260929/repo/archive/project-source-snapshots/4.11.1/sources/community-before.txt	45852	a230d45d1ec7fa3140bd6543a06b1042ad02b4068728398b6caf381ae8e9808f	remainder
/workspace/reverse-pilot-20260929/repo/archive/project-source-snapshots/4.11.1/sources/html_islands.py.txt	19904	9e9411e5959ea610c4f4fc2f11f7f6d72a0afe2f8cb7ff63a96dc4af7cdbf6b3	remainder
/workspace/reverse-pilot-20260929/repo/archive/project-source-snapshots/4.11.1/sources/html_publish_modes.py.txt	19673	2ae9877823ffb11aebd10611662c11a4a70a2429ea76e4c082c3d2a9e1bafd8e	remainder
/workspace/reverse-pilot-20260929/repo/archive/project-source-snapshots/4.11.1/sources/interactive_review.py.txt	35782	2ed2731a4fd03bec3d945724644ea8b1eddbf0d090c17cba3fd9e8f4f1838af2	remainder
/workspace/reverse-pilot-20260929/repo/archive/project-source-snapshots/4.11.1/sources/review_interface_browser_test.py.txt	29920	efdf285a3e37fbf45cc9fb2f74174b4b3bd2d873a362a0730f5368cd55363658	remainder
/workspace/reverse-pilot-20260929/repo/archive/project-source-snapshots/4.11.1/sources/review_interface_template.html.txt	28676	cc3907f13c8739b4e740872f7460fa2ebb9f6395f7378f31c0c48f40883dced0	remainder
/workspace/reverse-pilot-20260929/repo/archive/project-source-snapshots/4.11.1/sources/review_package.py.txt	20569	624cc7e76a493e9bee63af69f212967a49321958145e841dba963e65f141cda7	remainder
/workspace/reverse-pilot-20260929/repo/archive/project-source-snapshots/4.11.1/sources/substack_transfer_helper.py.txt	36050	62d4df1557f75f19f0e1d0f3a2471a932e5f8211547a9e6e56dd6401e9c47908	remainder
/workspace/reverse-pilot-20260929/repo/archive/project-source-snapshots/4.11.1/sources/tender-video-transcript.txt	11399	a12d8b699aa19723f819dc324d2107b03d9d7db919a2997283ccb73069094f1f	remainder
/workspace/reverse-pilot-20260929/repo/archive/project-source-snapshots/optional-maintenance/html_diff.py.txt	9653	8fa8f14b79a61c74d1ff75a07b99d6dcb7d718e3daa4656796c95c37d490c0d8	remainder
/workspace/reverse-pilot-20260929/repo/articles/AGENTS.md	3001	e264dea5ba306c6c3bbb48e4eae3cf6d489aa2f2705c09e7da83eaf5c11f45c4	remainder
/workspace/reverse-pilot-20260929/repo/articles/INDEX.json	136931	7e4e67b9e0b16c23c5da5a99d1692bcaed534840f40efb1a0e2e91998d0634b5	remainder
/workspace/reverse-pilot-20260929/repo/articles/inner-child-therapy/ARCHITECTURE.md	3121	4724513f1b889f983c31992c6c398d91b2fd9543be666f81c1dbd28bd03486c6	remainder
/workspace/reverse-pilot-20260929/repo/articles/inner-child-therapy/CITATIONS.json	345	18fb8a389a7841974043439e2c7aa44f232fb91358ffde21d73c67dd527895ef	remainder
/workspace/reverse-pilot-20260929/repo/articles/inner-child-therapy/CURRENT-STATE.md	7471	dcdf4d267bcfc5a4449fe9decb3cf3bd6c576d7a25a506c27a954618781774eb	remainder
/workspace/reverse-pilot-20260929/repo/articles/inner-child-therapy/DETECTOR-EVIDENCE.json	538	e780f50f9ea20d965a90bc3b217a42608c7c5d4ce4c96f43ccc2c40b9a4fba3b	remainder
/workspace/reverse-pilot-20260929/repo/articles/inner-child-therapy/EDITORIAL-STATUS.json	2748	d3be7ed4d14d9081a6e57a7b194128ae396b1095b2095fdc1a6aebf70373a1bf	remainder
/workspace/reverse-pilot-20260929/repo/articles/inner-child-therapy/HUMANIZATION-HANDOFF-20260921.md	15176	b0ad2a72297c8f0e6e2557b5bc7cbdb7ab53a7738145f84e2e058a347d77ba8d	remainder
/workspace/reverse-pilot-20260929/repo/articles/inner-child-therapy/HUMANIZATION-MAP-TOOLBOX-STATE-20260919.md	15388	9807db199ba8486ec138b99864b19fbae6edc9b115c05306d0506d5ff7bc5c33	remainder
/workspace/reverse-pilot-20260929/repo/articles/inner-child-therapy/HUMANIZATION-RECOVERY-PROVEN-REPAIR-20260919-2008.md	7364	d5d4f9c323ea5bac6f45618f4643bb35b7f775af528f1b5fd4e58340c7c78f04	remainder
/workspace/reverse-pilot-20260929/repo/articles/inner-child-therapy/HUMANIZATION-RECOVERY-STATE-20260918A.md	3192	b3c0a3727323d5732a3e445ca7115ac63c6301d898bbc50fdda860269fa6f65a	remainder
/workspace/reverse-pilot-20260929/repo/articles/inner-child-therapy/HUMANIZATION-RECOVERY-STATE-20260918B.md	2828	fded9264c44fbe38ef807cde66f79d559878e62d493226aaba8e91426f73045b	remainder
/workspace/reverse-pilot-20260929/repo/articles/inner-child-therapy/HUMANIZATION-RECOVERY-STATE-20260918C.md	2631	0756ad178cd90746b490362871df8120f1484442abe1cc0667ec79ac125c5bcb	remainder
/workspace/reverse-pilot-20260929/repo/articles/inner-child-therapy/HUMANIZATION-RECOVERY-STATE-20260918D.md	2950	8aafc03cbfa48e15de670768d0e0e8a38a2e0fc65e8e77edd8fa3b46591c68aa	remainder
/workspace/reverse-pilot-20260929/repo/articles/inner-child-therapy/HUMANIZATION-RECOVERY-STATE-20260918E.md	2743	0b7d27ee24a1d2c5c2d49e61a7a440ded9090aefef03e185187a86d18c38e139	remainder
/workspace/reverse-pilot-20260929/repo/articles/inner-child-therapy/HUMANIZATION-RECOVERY-STATE-20260918F.md	3322	44b6c57105a65a9ea30fa677b04c7d86a33b6aa68a1edc698ecf280624b14711	remainder
/workspace/reverse-pilot-20260929/repo/articles/inner-child-therapy/HUMANIZATION-RECOVERY-STATE-20260918G.md	2970	24e7282337418c13630317615153a5737b9863a3f61eb8da07107c75d169e232	remainder
/workspace/reverse-pilot-20260929/repo/articles/inner-child-therapy/HUMANIZATION-RECOVERY-STATE-20260918H.md	3428	943bb1df33f25c7edac28190e0342a5491b3e21c41307422df2066a52307bde5	remainder
/workspace/reverse-pilot-20260929/repo/articles/inner-child-therapy/HUMANIZATION-RECOVERY-STATE-20260918I.md	3062	346f7a2bc0961f370619a8c2f2297e4b54d45802a4c77f3670ed4cceeae9b6a9	remainder
/workspace/reverse-pilot-20260929/repo/articles/inner-child-therapy/HUMANIZATION-RECOVERY-STATE-20260918J.md	2307	85efef7f868dbd0d041a1ec8883bbc952e972d59a0f235242e5ff007c59ee951	remainder
/workspace/reverse-pilot-20260929/repo/articles/inner-child-therapy/HUMANIZATION-RECOVERY-STATE-20260918K.md	2818	3972ac0e63609d2289377238abc291d488880fbf5a652ae1ba8fc84f4370b4ee	remainder
/workspace/reverse-pilot-20260929/repo/articles/inner-child-therapy/HUMANIZATION-RECOVERY-STATE-20260918L.md	2769	f83ff568028b1035eb2e3a79c3c0e4114c67666539179b6ce21c5923addc6046	remainder
/workspace/reverse-pilot-20260929/repo/articles/inner-child-therapy/HUMANIZATION-RECOVERY-STATE-20260918M.md	2467	25a957bd0f6ae013d37db86b5bb3dc7b5b8476c309d42b32ca05876c572f9312	remainder
/workspace/reverse-pilot-20260929/repo/articles/inner-child-therapy/HUMANIZATION-RECOVERY-STATE-20260918N.md	2378	8a6d42bf5214baeee32149534bcb2d5a7ce6c819b04d70055431ef722b094355	remainder
/workspace/reverse-pilot-20260929/repo/articles/inner-child-therapy/HUMANIZATION-RECOVERY-STATE-20260918O.md	2025	26f6e588435fb4159d648efce52b2ff12078aab953afb4de00123651cfae0b78	remainder
/workspace/reverse-pilot-20260929/repo/articles/inner-child-therapy/HUMANIZATION-RECOVERY-STATE-20260919AA.md	3601	cde54cf09556f48dbc6eeba926ebcf64a9b1f36c54cf9ed241056f6648b6a86f	remainder
/workspace/reverse-pilot-20260929/repo/articles/inner-child-therapy/HUMANIZATION-RECOVERY-STATE-20260919AB.md	3110	bd82231188b9c22dccf0f47c3939e3557d17e4621867d9a3f4d0a4d440f027f8	remainder
/workspace/reverse-pilot-20260929/repo/articles/inner-child-therapy/HUMANIZATION-RECOVERY-STATE-20260919AC.md	2895	80fde45b254f75b974fbf464624be7c07a8ed67ddc7bbe7e1d36fcd8581e9564	remainder
/workspace/reverse-pilot-20260929/repo/articles/inner-child-therapy/HUMANIZATION-RECOVERY-STATE-20260919AD.md	2577	61b72e2b9eec1fc5cc2f03380535d00a8a4ee2387bfabebe66c956615d2b4688	remainder
/workspace/reverse-pilot-20260929/repo/articles/inner-child-therapy/HUMANIZATION-RECOVERY-STATE-20260919AE.md	3075	293787321670de52761928ae9006d09576f9c833b26c88993dba81d2ba084dd2	remainder
/workspace/reverse-pilot-20260929/repo/articles/inner-child-therapy/HUMANIZATION-RECOVERY-STATE-20260919AF.md	2772	e1edacf7a091f4d96643a4cb320dfda78109bff73f52ed9a91c0196c2ade2891	remainder
/workspace/reverse-pilot-20260929/repo/articles/inner-child-therapy/HUMANIZATION-RECOVERY-STATE-20260919AG.md	1908	5c5d2df4fb4c9f878fc5ca6a721330e79aa7f79f7aff8f58c34c95e2154206c8	remainder
/workspace/reverse-pilot-20260929/repo/articles/inner-child-therapy/HUMANIZATION-RECOVERY-STATE-20260919AH.md	2135	fd0efc54589fcdf627b9b0409fb57eb05c2667e7c9984a4e2039c433aaf676ed	remainder
/workspace/reverse-pilot-20260929/repo/articles/inner-child-therapy/HUMANIZATION-RECOVERY-STATE-20260919P.md	1492	8e47a885192a283c1d7634203f4f13d9460c98f0914aba38ef42a775c6b25cb2	remainder
/workspace/reverse-pilot-20260929/repo/articles/inner-child-therapy/HUMANIZATION-RECOVERY-STATE-20260919Q.md	1630	ec07e379d1b05896a2920269cfedfc904df30f1c10fb99e6baedb68083b9fad3	remainder
/workspace/reverse-pilot-20260929/repo/articles/inner-child-therapy/HUMANIZATION-RECOVERY-STATE-20260919R.md	2588	a09104f85ffc418c5ce48b82544eb466d09c2b1f1eeb2e78843807521d0f9b46	remainder
/workspace/reverse-pilot-20260929/repo/articles/inner-child-therapy/HUMANIZATION-RECOVERY-STATE-20260919S.md	2644	f6a041d1fa11dd87da1d04d9bbf83c70285e8ee246bbbf263347f88a6ca2b1fb	remainder
/workspace/reverse-pilot-20260929/repo/articles/inner-child-therapy/HUMANIZATION-RECOVERY-STATE-20260919T.md	1935	9865680b74573fc1722165a0b98fc44fe5164aa1af6998566a08947c49bf9a39	remainder
/workspace/reverse-pilot-20260929/repo/articles/inner-child-therapy/HUMANIZATION-RECOVERY-STATE-20260919U.md	2436	c1e9692401704bb77080ce811d08955aa6c5808b24a196100be2ffb492df6012	remainder
/workspace/reverse-pilot-20260929/repo/articles/inner-child-therapy/HUMANIZATION-RECOVERY-STATE-20260919V.md	2478	ac7311a759a619080ae43230c5e987f1eef14d9d9c2f619d52d9790dd5b2bad9	remainder
/workspace/reverse-pilot-20260929/repo/articles/inner-child-therapy/HUMANIZATION-RECOVERY-STATE-20260919W.md	4977	15061bb91427ee3c9624cac8199223d65a50b936f1b2e46b7bf610a942e69513	remainder
/workspace/reverse-pilot-20260929/repo/articles/inner-child-therapy/HUMANIZATION-RECOVERY-STATE-20260919X.md	3432	22b6130088d4f8de8b53ac8d220a58c9dc358e41caefeca34c7ded1be80444ac	remainder
/workspace/reverse-pilot-20260929/repo/articles/inner-child-therapy/HUMANIZATION-RECOVERY-STATE-20260919Y.md	4745	95a490c894ae6d6263baa3122da3dec9c3b48e6ecaa46f885c9f4ba45431a4de	remainder
/workspace/reverse-pilot-20260929/repo/articles/inner-child-therapy/HUMANIZATION-RECOVERY-STATE-20260919Z.md	3053	c778f653f7ddcbe904ab6e928e178d77caa3d051687872eb84a67abeb85223bd	remainder
/workspace/reverse-pilot-20260929/repo/articles/inner-child-therapy/HUMANIZATION-RECOVERY-STATE-20260920A.md	2871	aa10059cbb6678084089e8930bc1d002879d76068ac96e71b81be824c1f49d8f	remainder
/workspace/reverse-pilot-20260929/repo/articles/inner-child-therapy/HUMANIZATION-WRITER-STATE-20260915.md	10297	090aebcbbfe7d3a2f60983e10ba585e13d3b992fa03dd8b35ffdebd52037e2cb	remainder
/workspace/reverse-pilot-20260929/repo/articles/inner-child-therapy/HUMANIZATION-WRITER-STATE-20260916.md	7405	e33e93ae164c8afa2133cebca072d2e8c099a84d28dce3e57bb6c88653307531	remainder
/workspace/reverse-pilot-20260929/repo/articles/inner-child-therapy/HUMANIZATION-WRITER-STATE-20260916B.md	4876	861118ec431f3c4ac1f9223deee46971ab88ce762cd1c151329d3d8a7089d830	remainder
/workspace/reverse-pilot-20260929/repo/articles/inner-child-therapy/HUMANIZATION-WRITER-STATE-20260916C.md	3688	b1ca9c92c579b88f428b103abe6e9be63855de4d445e098802e3b3ee8cf1b0c5	remainder
/workspace/reverse-pilot-20260929/repo/articles/inner-child-therapy/HUMANIZATION-WRITER-STATE-20260916D.md	5490	7f22eb2cd8191730e9ef5de4a49ffd968753c11889ae21cfbfd1acd81ede39fe	remainder
/workspace/reverse-pilot-20260929/repo/articles/inner-child-therapy/HUMANIZATION-WRITER-STATE-20260916E.md	3367	302015a090dff39ec992e47e547af4f4babc5db5d4b4342a321dd84732dd03be	remainder
/workspace/reverse-pilot-20260929/repo/articles/inner-child-therapy/HUMANIZATION-WRITER-STATE-20260916F.md	3193	694551c57ed2ab0bd267d9cff00c9a02108216be6a9ff6e2c71013817efaed9c	remainder
/workspace/reverse-pilot-20260929/repo/articles/inner-child-therapy/HUMANIZATION-WRITER-STATE-20260916G.md	5192	6a9510b051d5cd73802e995c05718dde9765547f0e76fdd86fa96770930a9856	remainder
/workspace/reverse-pilot-20260929/repo/articles/inner-child-therapy/HUMANIZATION-WRITER-STATE-20260916H.md	4892	68b2d9fe5b663a6d5719e3a076bd931b258774e5df1d62a86a2de62cf675e9a8	remainder
/workspace/reverse-pilot-20260929/repo/articles/inner-child-therapy/HUMANIZATION-WRITER-STATE-20260916I.md	4241	b40699b37be60f77cd87e207c6d3ff128fa91628ea3b916f7f8e8def1ce9eb6e	remainder
/workspace/reverse-pilot-20260929/repo/articles/inner-child-therapy/HUMANIZATION-WRITER-STATE-20260916J.md	3498	baa4862a2f036ead96b5125115351801012f95c9f036271a6b8d09aa08505a53	remainder
/workspace/reverse-pilot-20260929/repo/articles/inner-child-therapy/HUMANIZATION-WRITER-STATE-20260916K.md	4354	06d1d02280250a1468920fd8aeeade89b38adecda08ccb97137f70887d751b33	remainder
/workspace/reverse-pilot-20260929/repo/articles/inner-child-therapy/HUMANIZATION-WRITER-STATE-20260916L.md	4563	e8930ec09f687e4b44587c5de3734570620d0a3698bdfb53aa2e167ebaebad56	remainder
/workspace/reverse-pilot-20260929/repo/articles/inner-child-therapy/HUMANIZATION-WRITER-STATE-20260916M.md	3961	8323c91103355fe9ee4b1043e11c4263c1e5368be1c5f7664ec9465a02b7823e	remainder
/workspace/reverse-pilot-20260929/repo/articles/inner-child-therapy/HUMANIZATION-WRITER-STATE-20260916N.md	3875	8b9b0a7dabad48a2219b92765a82112f244daf3d13042f460ebf8bc8a67f7488	remainder
/workspace/reverse-pilot-20260929/repo/articles/inner-child-therapy/HUMANIZATION-WRITER-STATE-20260916O.md	3287	5bbc82c037dec5dae939cf7b015aa4cd68375102c99f8bf8e675c54ae3584637	remainder
/workspace/reverse-pilot-20260929/repo/articles/inner-child-therapy/HUMANIZATION-WRITER-STATE-20260916P.md	5568	ec863799ad766b8c658183beb08a5c7ca8d97b43937bc842e0cda92dba74f3a7	remainder
/workspace/reverse-pilot-20260929/repo/articles/inner-child-therapy/HUMANIZATION-WRITER-STATE-20260916Q.md	5945	b8f256e28bb4b99b039af88a8407b231bb3cc92b1006982e2801b2eff5b86548	remainder
/workspace/reverse-pilot-20260929/repo/articles/inner-child-therapy/HUMANIZATION-WRITER-STATE-20260916R.md	4795	05aaa79558551e21fbe5e4100bee5cd2dd01d216cee33c7e853bc82bd3c980a4	remainder
/workspace/reverse-pilot-20260929/repo/articles/inner-child-therapy/HUMANIZATION-WRITER-STATE-20260916S.md	4892	9575ee6448a6672bfb7db88c7aacb64a0e92d6ea2a519102ffff3738547988a0	remainder
/workspace/reverse-pilot-20260929/repo/articles/inner-child-therapy/HUMANIZATION-WRITER-STATE-20260916T.md	7605	80ef0e4b8e1db7fad9166e9b1b19ba9d58ef71b1bb907090bbd3c029e8771ee3	remainder
/workspace/reverse-pilot-20260929/repo/articles/inner-child-therapy/HUMANIZATION-WRITER-STATE-20260916U.md	5775	8a89e74e916edb0deb79333d582c1f97ff453b8654ce77b237145109f39bd928	remainder
/workspace/reverse-pilot-20260929/repo/articles/inner-child-therapy/HUMANIZATION-WRITER-STATE-20260916V.md	4630	90fe7313c0584707bb22bd1c3d93956364c4347fafdd05a723139998f7fd6d81	remainder
/workspace/reverse-pilot-20260929/repo/articles/inner-child-therapy/HUMANIZATION-WRITER-STATE-20260916W.md	6609	988f38834f97f6fd34e1a65396e3f7d729e1966e151d8396184f35e06e7cf68e	remainder
/workspace/reverse-pilot-20260929/repo/articles/inner-child-therapy/HUMANIZATION-WRITER-STATE-20260917A.md	14768	56dbd78ea91a6be87e351fd579cdd6b9bf065b003f37a1dd8d0d379d7d0e95aa	remainder
/workspace/reverse-pilot-20260929/repo/articles/inner-child-therapy/HUMANIZATION-WRITER-STATE-20260917B.md	8090	2b6640c28b2b9c95d7d729c98ccbca8bfd66005cf1904d53465b3e172c734177	remainder
/workspace/reverse-pilot-20260929/repo/articles/inner-child-therapy/HUMANIZATION-WRITER-STATE-20260917C.md	3694	c0c564f0b6ede6563af228ef7730bfe5f34d86d44ae2d9d03639cd01aa7c8589	remainder
/workspace/reverse-pilot-20260929/repo/articles/inner-child-therapy/HUMANIZATION-WRITER-STATE-20260917D.md	7393	150fbdc7ffe68c4d959072e2840e81d760eea1abbfccb7461a28f00915b89259	remainder
/workspace/reverse-pilot-20260929/repo/articles/inner-child-therapy/HUMANIZATION-WRITER-STATE-20260917E.md	6159	d2e0d78cc0d5d207a0403ea08e015e45bfc91d30f1b4b9baa8b6fd9dd4bb81b6	remainder
/workspace/reverse-pilot-20260929/repo/articles/inner-child-therapy/HUMANIZATION-WRITER-STATE-20260917F.md	4730	9c069496bc0697b31d94fc03e48b3ac93d8a965d5aea89c3b54d3038fc2c2b45	remainder
/workspace/reverse-pilot-20260929/repo/articles/inner-child-therapy/HUMANIZATION-WRITER-STATE-20260917G.md	3664	b0b6f916258053f4b297c59565839cf464f69856e212eb771ea678e5ec599b09	remainder
/workspace/reverse-pilot-20260929/repo/articles/inner-child-therapy/HUMANIZATION-WRITER-STATE-20260917H.md	2982	e4035f6978c83f1c879a513d354b704a608e9c61daff3b17e14957d71f7eb457	remainder
/workspace/reverse-pilot-20260929/repo/articles/inner-child-therapy/HUMANIZATION-WRITER-STATE-20260917I.md	4445	50e9032e674d4fa6f0a9352497b73c8976e22a8b5140cb1ce162e70017ba9abd	remainder
/workspace/reverse-pilot-20260929/repo/articles/inner-child-therapy/HUMANIZATION-WRITER-STATE-20260917J.md	4000	467da45fa756e10039d4e767732e24a601baa9a72398bf2fb6ace08ee9dee7b0	remainder
/workspace/reverse-pilot-20260929/repo/articles/inner-child-therapy/HUMANIZATION-WRITER-STATE-20260917K.md	4115	e8e65c41ee90e3d823bfafa59f282255773fc707c028d940b1955411e3522418	remainder
/workspace/reverse-pilot-20260929/repo/articles/inner-child-therapy/HUMANIZATION-WRITER-STATE-20260917L.md	4173	76268a17ccee9faa911a5898024dd9892b876c698593ad295c97b7e22e27506e	remainder
/workspace/reverse-pilot-20260929/repo/articles/inner-child-therapy/HUMANIZATION-WRITER-STATE-20260917M.md	4581	e582b61cb020c94a118e845a38694d9593f756e2271d34214bffad8e82f77eef	remainder
/workspace/reverse-pilot-20260929/repo/articles/inner-child-therapy/HUMANIZATION-WRITER-STATE-20260917N.md	3220	0a5f57393a7fee0abe70b99752a43c74223881758450d1bc0ca9cd23177f9478	remainder
/workspace/reverse-pilot-20260929/repo/articles/inner-child-therapy/HUMANIZATION-WRITER-STATE-20260917O.md	3137	77a4c82dc523d97b307b387ab947c7bfce1b504435406e2aae0ed9b36b2ee5dd	remainder
/workspace/reverse-pilot-20260929/repo/articles/inner-child-therapy/HUMANIZATION-WRITER-STATE-20260917P.md	3916	a8df1091ad7d3bd458c84a6e0c17ef6f3722717b7a23530cb972c2a68a96ca35	remainder
/workspace/reverse-pilot-20260929/repo/articles/inner-child-therapy/HUMANIZATION-WRITER-STATE-20260917Q.md	4284	79194f3966f3b656aebe3f577d09a6b26b44c4094112bca289260a27ba0f7ccc	remainder
/workspace/reverse-pilot-20260929/repo/articles/inner-child-therapy/HUMANIZATION-WRITER-STATE-20260917R.md	4924	56206ec7f51d255990a2f24ab777dd3eed39b83b012a7de9b64ef4fea6c00e5f	remainder
/workspace/reverse-pilot-20260929/repo/articles/inner-child-therapy/HUMANIZATION-WRITER-STATE-20260917S.md	3097	b16f544189e1816087bad3bbaf2c5013c884cbed492f19350b8924ac81e14c3f	remainder
/workspace/reverse-pilot-20260929/repo/articles/inner-child-therapy/HUMANIZATION-WRITER-STATE-20260917T.md	3588	fdc4de457896b68320f9bb9fda281761a6ea3679948b7b907d65d865c438c825	remainder
/workspace/reverse-pilot-20260929/repo/articles/inner-child-therapy/HUMANIZATION-WRITER-STATE-20260917U.md	2922	5044b5a2fdf2e6d32776b52cd666176ae37b4d2f0d3f2ae826cd520f1f0d9b24	remainder
/workspace/reverse-pilot-20260929/repo/articles/inner-child-therapy/HUMANIZATION-WRITER-STATE-20260917V.md	2939	fada01145bf3dd51ac6cf824c91bd50f47d2fcdccc2901c8ac1d23a491f64499	remainder
/workspace/reverse-pilot-20260929/repo/articles/inner-child-therapy/HUMANIZATION-WRITER-STATE-20260917W.md	2893	61273c2c17b5dc92a40b562579dff89529c3c744fdd7a845a02da86772987667	remainder
/workspace/reverse-pilot-20260929/repo/articles/inner-child-therapy/HUMANIZED-ARTICLE-SO-FAR.md	47663	5339780ec45ecdc4849b3d9a393e9064bdf8882d3ce560400a1b5a4bf6a01fdf	remainder
/workspace/reverse-pilot-20260929/repo/articles/inner-child-therapy/INTAKE-20260915.md	3806	4c863a699528a2f0eeccb6a268cd35315f95be11263ac1f27bc3fd6a1587c561	remainder
/workspace/reverse-pilot-20260929/repo/articles/inner-child-therapy/OPEN-OWNER-FLAGS.md	4114	98eef74c4aa706dca2aac0e6969413f373ba30ccb7665abda540ffc0e3f0c3ab	remainder
/workspace/reverse-pilot-20260929/repo/articles/inner-child-therapy/OWNER-EDITS.json	13064	f476bbaaa9bc7770a5187f09482b5c7e8fe2bef821062853d9364eb5f162405b	remainder
/workspace/reverse-pilot-20260929/repo/articles/inner-child-therapy/OWNER-LOCKS.json	4380	289a491f08fb816b1f207fdbbc048c2a8f50c4555286ae97a2373d3ff82c0f6b	remainder
/workspace/reverse-pilot-20260929/repo/articles/inner-child-therapy/OWNERIZATION-SUGGESTION-BANK-20260916.md	6420	00c098c68ee1ec4fe04fe9c0bea2c6b5d4d20bd7454cefacc77fd858b6ae8f76	remainder
/workspace/reverse-pilot-20260929/repo/articles/inner-child-therapy/PARALLEL-WRITE-LOCK.json	1076	03193186ff7294619b9051036f1a54384e78a78159ae0a1003d6f2edcf701a07	remainder
/workspace/reverse-pilot-20260929/repo/articles/inner-child-therapy/SOURCE-EVIDENCE.json	4542	363af3b8841008e22bde08d532fb4850a5af9bbc7d9f7540041ee4859227a543	remainder
/workspace/reverse-pilot-20260929/repo/articles/inner-child-therapy/SOURCE-IMPORT-RECEIPT-20260915.md	2727	e7d7b4815e8b90e38c205583fbf00fc52f68d7972a535d17046367dc51692ff9	remainder
/workspace/reverse-pilot-20260929/repo/articles/inner-child-therapy/SOURCE-STRUCTURE-INVENTORY-20260915.json	2563	5529400f41a2bc0975d1a6b068f0093ab1001398b1150f7d8e61c53636ae58ac	remainder
/workspace/reverse-pilot-20260929/repo/articles/inner-child-therapy/SOURCE-STRUCTURE-INVENTORY-20260920.json	3230	3974f794f5c4ed840b2dbc317e7b4c59d867e3adc1022ba3e37504ff04fdcf45	remainder
/workspace/reverse-pilot-20260929/repo/articles/inner-child-therapy/SOURCE-UPDATE-HUMANIZATION-RECONCILIATION-20260920.md	7911	b890518e362b2b59cc1c027c35102655667915a11c172e6776710319078dda1d	remainder
/workspace/reverse-pilot-20260929/repo/articles/inner-child-therapy/UNINCORPORATED-IDEAS.md	1818	1e7573437be0dcfa7c361fe13255759aa3260432c7d02f726c3143425cc6a694	remainder
/workspace/reverse-pilot-20260929/repo/articles/inner-child-therapy/WRITER-LEASE-CHAT-HUMANIZATION-RECOVERY-20260918.json	643	52edb90f7c26860404a5ed8a8e53ec760ea695a774ee6d675a7839fd2f52c798	remainder
/workspace/reverse-pilot-20260929/repo/articles/inner-child-therapy/WRITER-LEASE-MAP-TOOLBOX-20260919-2200.json	1541	7a08afdccf3873721b9ff31b33ba68c75a7d916353074edb80147c72820c07f4	remainder
/workspace/reverse-pilot-20260929/repo/articles/inner-child-therapy/WRITER-LEASE-PROVEN-REPAIR-20260919-2008.json	1682	82ed2f1ef4ee03d34424e3e5d94ba26800cb894a55f9d2fe0522204fe48cf830	remainder
/workspace/reverse-pilot-20260929/repo/articles/inner-child-therapy/experiments/ACTUAL-MODEL-REPAIR-2103-A.md	3535	80e12597a89a23b2f50c53487b977920d95986790b7f1f3a16589bfe17c872e2	remainder
/workspace/reverse-pilot-20260929/repo/articles/inner-child-therapy/experiments/ACTUAL-MODEL-REPAIR-2103-B.md	4060	d162024cd96601f745cb139a440f7f1bf60b09c95ec547a6cd0a666df340cac5	remainder
/workspace/reverse-pilot-20260929/repo/articles/inner-child-therapy/experiments/ACTUAL-MODEL-REPAIR-2103-C.md	3971	73f25274cf472a76031d2c28d4a0801d60b419c4b717fe346fca5bb9c9076279	remainder
/workspace/reverse-pilot-20260929/repo/articles/inner-child-therapy/experiments/ACTUAL-MODEL-REPAIR-2103-CONTRACT.md	6212	2a5a47d29b80722728e36e2e93587bbd38b3a49c6723b41a3ed08d52a43d4a8c	remainder
/workspace/reverse-pilot-20260929/repo/articles/inner-child-therapy/experiments/ADULT-APPRENTICE-DRAFTS-20260927.md	25192	253961330c0d0938bd4968610aefd0c8f18c8aa9e6a56b744392f747d057760f	remainder
/workspace/reverse-pilot-20260929/repo/articles/inner-child-therapy/experiments/ALSO-LOOK-OUTWARD-P1-REWRITE-20260927.md	32215	f63d5b93b8a51c8541f6b21fd29d2264d9a037f4ec2f8ac515be32a9a02f1b9b	remainder
/workspace/reverse-pilot-20260929/repo/articles/inner-child-therapy/experiments/ALSO-LOOK-OUTWARD-R2-TELL-AUDIT-20260927.md	5224	1cd37cfd389e5189a61cf8f94ea12ee9f755bbea88e3c7e3e5e4c2ad22211e8f	remainder
/workspace/reverse-pilot-20260929/repo/articles/inner-child-therapy/experiments/ARTICLE-WIDE-COVERAGE-20260919.json	56176	212df939b9cf7007ac33c04f25ec16ef52998a961a71b7ce537e4a837514f7ef	remainder
/workspace/reverse-pilot-20260929/repo/articles/inner-child-therapy/experiments/ARTICLE-WIDE-WORKBOARD-20260919.md	10731	94ab5fcb7edc47c4d371d4616a26c4830f37f341f4be82b18aea102671055635	remainder
/workspace/reverse-pilot-20260929/repo/articles/inner-child-therapy/experiments/BORROW-LOVE-DRAFTS-20260926.md	128230	611178e3e6482654fbce50275f214908528b2d3412091c8a8ccef88ea102886a	remainder
/workspace/reverse-pilot-20260929/repo/articles/inner-child-therapy/experiments/BORROW-ONE-JOB-DRAFTS-20260925.md	104354	e293ec7b4fdf1eaab2a6d8cd784ccaecc3ded7d4628d7c28c722184ce0926b8e	remainder
/workspace/reverse-pilot-20260929/repo/articles/inner-child-therapy/experiments/BORROW-THE-ADULT-DRAFTS-20260925.md	7452	db40583e6fa040dafd94ac4de584a2dec22272be2ed6376162a6ced7da147e4b	remainder
/workspace/reverse-pilot-20260929/repo/articles/inner-child-therapy/experiments/CHECKING-CONTEXT-AWARE-OWNER-HELP-20260921.md	8728	2c98ec6b24eba945abe5b57c6cf3ff2d9f97206b46fcea8b2e796bc9b76fc510	remainder
/workspace/reverse-pilot-20260929/repo/articles/inner-child-therapy/experiments/CHECKING-LEDGER-V2-FOUR-REALIZATIONS-R5-R8-20260920.md	9400	b53c28374220c8123bf69c2f8d8e38208d87c13d76c7124ee1b5b3b57affc6e7	remainder
/workspace/reverse-pilot-20260929/repo/articles/inner-child-therapy/experiments/CHECKING-LEDGER-V3-R9-R12-20260920.md	10800	8715dc5f608b2e62129e4227194e712910b73022c56a1f6f851d717e8b9ca502	remainder
/workspace/reverse-pilot-20260929/repo/articles/inner-child-therapy/experiments/CHECKING-NATURAL-MAP-PLUS-SENTENCE-ENGINEERING-D-20260920.md	4361	8fbded7c6f2aaaee4d5499c81874506366376900731e887dca4d5315429f737c	remainder
/workspace/reverse-pilot-20260929/repo/articles/inner-child-therapy/experiments/CHECKING-P3-OWNER-ACCEPTANCE-PROMOTION-20260921.json	2302	d32cb9d4a81412ad3999f4ea0e0e85c3d470950bdeb524d1f52369a192bd99f8	remainder
/workspace/reverse-pilot-20260929/repo/articles/inner-child-therapy/experiments/CHECKING-P3-OWNER-DERIVED-DELIVERY-READY-20260921.md	4626	269287d9eb6be61b71dd113b89b061256f9546e95eba511f28f441e4f3a28719	remainder
/workspace/reverse-pilot-20260929/repo/articles/inner-child-therapy/experiments/CHECKING-P3-OWNER-DERIVED-PRESERVATION-20260921.md	7778	62b85529002c3b54b707bddcf92a2299044db4dc5696113b40991c6de03ebf62	remainder
/workspace/reverse-pilot-20260929/repo/articles/inner-child-therapy/experiments/CHECKING-P3-OWNER-DERIVED-TELL-LEDGER-20260921.md	9391	f4b53001edef2364ea783143717b32fbeef7d3aad54cc399584a2b7f6c0121d2	remainder
/workspace/reverse-pilot-20260929/repo/articles/inner-child-therapy/experiments/CHECKING-R10-DETECTOR-RESULT-LEDGER-V3-FAILURE-20260920.md	2180	4995227851dcd9e3d3a3d8c29895e483cf775794648ed876ccfde96dd33e52fc	remainder
/workspace/reverse-pilot-20260929/repo/articles/inner-child-therapy/experiments/CHECKING-R13-P2-FOUR-RESIDUAL-REALIZATIONS-20260920.md	4163	212c7dddaef980d4e3aee51b63dc85316a0566adfc1749ae85c8324a973f0444	remainder
/workspace/reverse-pilot-20260929/repo/articles/inner-child-therapy/experiments/CHECKING-R13-R14-RESULT-OWNER-HELP-GATE-20260920.md	4585	5787fab10d3509494f26c0703f660550ff5cd13d4a0305fdeadccac8079717e0	remainder
/workspace/reverse-pilot-20260929/repo/articles/inner-child-therapy/experiments/CHECKING-R13-TRUE-SENTENCE-ENGINEERING-EXECUTION-20260920.md	6575	44d295040dceac9a6a07f168a133277df2b18d2ce20555fe99a7995108586652	remainder
/workspace/reverse-pilot-20260929/repo/articles/inner-child-therapy/experiments/CHECKING-R4-DETECTOR-RESULT-LEDGER-V2-CORRECTION-20260920.md	3898	8f0c11b5359354d03999c28b4d2f6a104214d8c7ac5c4eabe0543b3a8e02c491	remainder
/workspace/reverse-pilot-20260929/repo/articles/inner-child-therapy/experiments/CHECKING-RELATIONAL-THOUGHT-RT2-PREPANGRAM-20260921.md	5631	b95a9e7dfe9a5728884f336597752a977965a3521ed12a6e4c3294f56335a436	remainder
/workspace/reverse-pilot-20260929/repo/articles/inner-child-therapy/experiments/CHECKING-SECTION-MESOSCALE-NATURAL-MAP-E-20260920.md	9290	23fbebb9af62599919f7fc51e1bf62169d27e935dc15b4b26c2fc8e2d4f7fe21	remainder
/workspace/reverse-pilot-20260929/repo/articles/inner-child-therapy/experiments/CHECKING-SENTENCE-TELL-LEDGER-FOUR-REALIZATIONS-20260920.md	12920	33c6c2ef7d1e8aa69eaf824c5e3f0c1deb65fd1610cfab0c5dc9de0b005e67ff	remainder
/workspace/reverse-pilot-20260929/repo/articles/inner-child-therapy/experiments/CHECKING-TRUE-SENTENCE-ENGINEERING-GUIDE-R13-20260920.md	5285	e54f4a93308ec548b2b1d55d0e63d12a81729d6b4ddbb9771f4d35e861ab408b	remainder
/workspace/reverse-pilot-20260929/repo/articles/inner-child-therapy/experiments/CHICKEN-EGG-OWNER-FINAL-OPENING-20260925.md	7579	67a96cab03f9cd032ba351a46f42651d2c622db1fc7a5caa1e7bc28d1377061d	remainder
/workspace/reverse-pilot-20260929/repo/articles/inner-child-therapy/experiments/CLAUDE-TAKEOVER-HANDOFF-DANGEROUS-ADULT-20260924.md	14557	15376d2bc39c748bb052278322258e036e0d970586dea48666cb4bb79bc759dd	remainder
/workspace/reverse-pilot-20260929/repo/articles/inner-child-therapy/experiments/CONTINUATION-CANDIDATES-2235.md	5285	b3bc71220c1ffdb898555743b7e43a03d257419f9522334ec5a5454e90f2e154	remainder
/workspace/reverse-pilot-20260929/repo/articles/inner-child-therapy/experiments/CONTINUATION-RESULTS-2235.json	4352	2294b59af2a3fdefd2e3b725bf6e5bc3006d53b9d7c4420546b33afd17ce3f0e	remainder
/workspace/reverse-pilot-20260929/repo/articles/inner-child-therapy/experiments/CONTINUATION-TWO-PARAGRAPH-OPERATIONS-20260919-2235.md	5295	242118ea089ac9d0af43b44750d4e988d081825d3c83cf35c66e33318fabe9ab	remainder
/workspace/reverse-pilot-20260929/repo/articles/inner-child-therapy/experiments/DANGEROUS-ADULT-BOUNDARY-SCOPE-EXTENSION-20260924.md	2333	b345bd36a4253f8e894557c32da45a9f497fc5a2db75e408e63330f0225312e4	remainder
/workspace/reverse-pilot-20260929/repo/articles/inner-child-therapy/experiments/DANGEROUS-ADULT-CANDIDATE-B-20260924.md	2392	87a332ce6dac08e9e35fb8e1decb4127e6f9e020ea33aaa3829480c1a6afb42b	remainder
/workspace/reverse-pilot-20260929/repo/articles/inner-child-therapy/experiments/DANGEROUS-ADULT-CANDIDATE-B-PRESERVATION-20260924.md	4958	16eb21652801f91f73b11ee021f42ad3c62df0f9a44d70302566387034dc83d5	remainder
/workspace/reverse-pilot-20260929/repo/articles/inner-child-therapy/experiments/DANGEROUS-ADULT-CANDIDATE-E-20260924.md	2320	373f2a62fd10e48ca0d2c3b8b245f5e6bcbd5c93c8ca30c13316c6c9cc6bb2bb	remainder
/workspace/reverse-pilot-20260929/repo/articles/inner-child-therapy/experiments/DANGEROUS-ADULT-CANDIDATE-E-PRESERVATION-20260924.md	4318	de1ce48912d3e3b41ba23a39eaef9df2e1dded5d7965694aaf14b40d664f91b9	remainder
/workspace/reverse-pilot-20260929/repo/articles/inner-child-therapy/experiments/DANGEROUS-ADULT-CANDIDATE-F-20260924.md	2509	0d43cefee92cbbb888ca040dc34ad36399dd2f8634f2cd164ccdd74816efa5ee	remainder
/workspace/reverse-pilot-20260929/repo/articles/inner-child-therapy/experiments/DANGEROUS-ADULT-CANDIDATE-F-PRESERVATION-20260924.md	4455	8eb7698084a1b49ed20d60dfc63094d317e5a7b28f21816012da343169b9bf0c	remainder
/workspace/reverse-pilot-20260929/repo/articles/inner-child-therapy/experiments/DANGEROUS-ADULT-CANDIDATE-I-CHAT0140B-20260924.md	2568	097283751ace490138ceb9773c6d25b97abb0f400c1b9043813cf8ea7ff8f01d	remainder
/workspace/reverse-pilot-20260929/repo/articles/inner-child-therapy/experiments/DANGEROUS-ADULT-CANDIDATE-I-H2-PANGRAM-RESULT-20260924.md	2101	8c78466f5bf7ac2c1a3ca1833a055f85a208e071d07e72db03c274d4b3f2345f	remainder
/workspace/reverse-pilot-20260929/repo/articles/inner-child-therapy/experiments/DANGEROUS-ADULT-CANDIDATE-I-H2-POSTRESULT-DIAGNOSIS-20260924.md	2561	0abfda483e44515e6ecbbbe9a5a03499863eb772f5485078a69c4224de872ca0	remainder
/workspace/reverse-pilot-20260929/repo/articles/inner-child-therapy/experiments/DANGEROUS-ADULT-CANDIDATE-K-CADENCE-RESULT-20260924.md	1556	742ede7719e12fae3a25e201ec0845393b5ad7d21633ed17c4dac541ffc6cb3d	remainder
/workspace/reverse-pilot-20260929/repo/articles/inner-child-therapy/experiments/DANGEROUS-ADULT-CANDIDATE-K-CHAT0140B-20260924.md	1902	bbccd34cbc07179820385b8757d401d8f25b9630c3de5af4cb5316a6f04f9130	remainder
/workspace/reverse-pilot-20260929/repo/articles/inner-child-therapy/experiments/DANGEROUS-ADULT-CANDIDATE-P-20260924.md	2109	c401aadf7913ab7e17a9211eb7d19a2d360dfa5bcd774e26d02625e941e3fc20	remainder
/workspace/reverse-pilot-20260929/repo/articles/inner-child-therapy/experiments/DANGEROUS-ADULT-H2-ASSEMBLED-20260925.md	5664	74cc65bd8fb2fb38cb5aa06c537bfd81469dd16fbe2256fc6777f4618f99f6aa	remainder
/workspace/reverse-pilot-20260929/repo/articles/inner-child-therapy/experiments/DANGEROUS-ADULT-H2-PROMOTION-RECEIPT-20260925.json	7829	24ba2bba16a3dd59673ea4cbccfb5a81186a4bd86922b18e5fe02c1b0f3062ce	remainder
/workspace/reverse-pilot-20260929/repo/articles/inner-child-therapy/experiments/DANGEROUS-ADULT-OWNER-FINAL-P1-20260924.md	41381	c5d73f9684fcf382184c57fc750a8b622dd78357236bbb483a57898f23972aa8	remainder
/workspace/reverse-pilot-20260929/repo/articles/inner-child-therapy/experiments/DANGEROUS-ADULT-PRESERVATION-COMPRESSION-AMENDMENT-20260924.md	5262	00d0bae9e0b5d1a759897c408af5f327fc2047e7be1773ff44d8b11db2a892be	remainder
/workspace/reverse-pilot-20260929/repo/articles/inner-child-therapy/experiments/DANGEROUS-ADULT-PRESERVATION-LEDGER-20260924.md	5699	578062df9c325791b26a0e79e6f2c9ba176c3a0778c87e68ef218f88f52ad75d	remainder
/workspace/reverse-pilot-20260929/repo/articles/inner-child-therapy/experiments/DANGEROUS-ADULT-PROGRESSIVE-PREFIX-Y1-20260924.md	477	7a853c3fe989722f8bba49612bc9828b240528bcf22e3ec43c0b7b5c91c99b82	remainder
/workspace/reverse-pilot-20260929/repo/articles/inner-child-therapy/experiments/DANGEROUS-ADULT-PROGRESSIVE-PREFIX-Y2-20260924.md	742	dd47f0065e202760f2b275aacc5390ed2bd1cee308cc00940200ac74013a7360	remainder
/workspace/reverse-pilot-20260929/repo/articles/inner-child-therapy/experiments/DANGEROUS-ADULT-SELF-AUDIT-RULES-20260924.md	70898	158f11dbc7d04406b4417cb115a712971c6e2ceb0560e00911be93d3c9c06daa	remainder
/workspace/reverse-pilot-20260929/repo/articles/inner-child-therapy/experiments/DANGEROUS-BOUNDARY-CANDIDATE-G-20260924.md	3553	94d798340782f4859ccd6cd54d2e8f8fb300652d423d4d64f70984c6e531bed9	remainder
/workspace/reverse-pilot-20260929/repo/articles/inner-child-therapy/experiments/DANGEROUS-BOUNDARY-CANDIDATE-G-PRESERVATION-20260924.md	4635	ca9c79b2df7fbacccd3db463cf3e4cfc645f86ef536f168bc3e7063e79b93d66	remainder
/workspace/reverse-pilot-20260929/repo/articles/inner-child-therapy/experiments/DANGEROUS-BOUNDARY-CANDIDATE-H-20260924.md	3934	ab4a0afe03cd717e942d06c0073aaca63492a24ddeb25ac490e310ca21c9b527	remainder
/workspace/reverse-pilot-20260929/repo/articles/inner-child-therapy/experiments/DANGEROUS-BOUNDARY-CANDIDATE-H-PRESERVATION-20260924.md	4633	2dd68ed83b7cbd1e89990d4444369f66823f86a1eca9372bdd66f56896d81f51	remainder
/workspace/reverse-pilot-20260929/repo/articles/inner-child-therapy/experiments/DANGEROUS-BOUNDARY-CANDIDATE-I-FINAL-PREFLIGHT-20260924.md	4026	017261c343661a682b2594f432723a3f74816a0b881d0a5c7ff9d09a69498897	remainder
/workspace/reverse-pilot-20260929/repo/articles/inner-child-therapy/experiments/DANGEROUS-BOUNDARY-CANDIDATE-I-FINAL-PRESERVATION-20260924.md	6383	154342a31f36aa545aff158293602b0cf5eb947bca2204b735c1bb5a29420875	remainder
/workspace/reverse-pilot-20260929/repo/articles/inner-child-therapy/experiments/DANGEROUS-BOUNDARY-CANDIDATE-I-PANGRAM-RESULT-20260924.md	2051	0d5e004352d7aca753d0da209a5baf7a20b170af3b229e21127f45a27ae851d0	remainder
/workspace/reverse-pilot-20260929/repo/articles/inner-child-therapy/experiments/DANGEROUS-BOUNDARY-CANDIDATE-I-UNPAID-AUDIT-20260924.md	7504	f6f4bcec6415228bb5d1855d75b1e13e5bdde4bdc9c88479910b240a860b9560	remainder
/workspace/reverse-pilot-20260929/repo/articles/inner-child-therapy/experiments/DETECTION-STRATEGY-20260928.md	4468	ad2ec06fbe2a394122f86b8b2391aa47a9905b0d16b081b5c9e25d3ce2c50f82	remainder
/workspace/reverse-pilot-20260929/repo/articles/inner-child-therapy/experiments/EPISODE-001-005-ASSEMBLED-OPENING-SCREENSHOT-AUDIT-20260917.md	4931	ed096022ab11b39da9ea717d6bdcbb29ef74a02fdf02071ba11df52063ea3e06	remainder
/workspace/reverse-pilot-20260929/repo/articles/inner-child-therapy/experiments/EPISODE-003-PENDING-20260915.json	260	f8ce51570be089dd12d6b9016d3dca2b57a368a441134368aa872f391c6eda4a	remainder
/workspace/reverse-pilot-20260929/repo/articles/inner-child-therapy/experiments/EPISODE-003-RESULT-20260915.json	4031	8b9f8eb79db1a4bfa0cac19e51e54316772ae278025ae71259a38b72b871fbb1	remainder
/workspace/reverse-pilot-20260929/repo/articles/inner-child-therapy/experiments/EPISODE-004-BOUNDARY-INTERACTION-20260915.json	2895	4c892a29def9541a4a63f659dc31585c7ed890b190f828aaf7a01f4f1b178382	remainder
/workspace/reverse-pilot-20260929/repo/articles/inner-child-therapy/experiments/EPISODE-004-PENDING-20260915.json	2681	e3d23eac8a08bb97ff0c21d83c58ec1226bfff41458b75715ac8082ddd25a56f	remainder
/workspace/reverse-pilot-20260929/repo/articles/inner-child-therapy/experiments/EPISODE-005-NATURAL-BOUNDARY-CANDIDATE-20260915.json	8770	ac12a85d9c9c579c97d502c00c83dc6e43ee6cb13d57ca394942950926a50bd9	remainder
/workspace/reverse-pilot-20260929/repo/articles/inner-child-therapy/experiments/EPISODE-006-ALTERNATIVES-20260915.json	7935	de79b578d9d2e315cd13e61755978aea7854f6828ec41213bc8147e9d3965124	remainder
/workspace/reverse-pilot-20260929/repo/articles/inner-child-therapy/experiments/EPISODE-006-MAP-BOUNDARY-PENDING-20260915.json	6330	17fd1e4d7d3268f6999899e198dabba3497b383b40eae24638c7a8ef2c290794	remainder
/workspace/reverse-pilot-20260929/repo/articles/inner-child-therapy/experiments/EPISODE-006-MODEL-LIMIT-HANDOFF-20260916.json	5581	7c0a92e287d7b518710155cea0b3406c31747c7e70f605a6c69ac028ffeb1902	remainder
/workspace/reverse-pilot-20260929/repo/articles/inner-child-therapy/experiments/EPISODE-006-OPTIONS-COLD-AUDIT-AND-STRATEGY-SWITCH-20260915.json	6427	422a30cdc54b0b35a13328953ef1779b626e77d66b12876247699d5d90e11d6a	remainder
/workspace/reverse-pilot-20260929/repo/articles/inner-child-therapy/experiments/EPISODE-006-OWNER-FINAL-LISTICLE-RESULT-20260916.json	9714	b89bc6632d5715dc1b03923dd9459c9c0eb463a23e14ada763178416bf993f56	remainder
/workspace/reverse-pilot-20260929/repo/articles/inner-child-therapy/experiments/EPISODE-006-REGISTER-LISTICLE-CORRECTION-20260916.json	4761	72cb3f2520c4dd62099c3408938b5c9d9854c168c6ce183fa4a10de2b2bc42b0	remainder
/workspace/reverse-pilot-20260929/repo/articles/inner-child-therapy/experiments/EPISODE-006-SECOND-COLD-AUDIT-20260915.json	5409	fc97d02ec273e525c3617bb5885866a519821bb04ef2b3866be0ffc1119898df	remainder
/workspace/reverse-pilot-20260929/repo/articles/inner-child-therapy/experiments/EPISODE-007-BLIND-AUDIT-BEFORE-SCREENSHOT-20260916.json	3341	6bdb604b445b4f6f700fe8a9551220e0f99f708d21e2517accc3e540d7e118e5	remainder
/workspace/reverse-pilot-20260929/repo/articles/inner-child-therapy/experiments/EPISODE-007-BLIND-SCREENSHOT-AUDIT-AND-REPAIR-20260916.md	13693	4a0bbb22c9063054ac1c53d3df5b0860b82d4e040630ba45fa114d9ab63b8006	remainder
/workspace/reverse-pilot-20260929/repo/articles/inner-child-therapy/experiments/EPISODE-007-FULL-SUCCESSFUL-METHOD-RECONSTRUCTION-20260917.md	8187	752f4dbff0e6f8095e4e2bb2137e6ccc0f4eb4824d3933bcbcd629fa43550e37	remainder
/workspace/reverse-pilot-20260929/repo/articles/inner-child-therapy/experiments/EPISODE-007-MY-JOURNEY-CANDIDATE-20260916.json	12399	18f023d48a76295dbfe2021d8d45761a30b8923675b959d423f69323fecbb72c	remainder
/workspace/reverse-pilot-20260929/repo/articles/inner-child-therapy/experiments/EPISODE-007-MY-JOURNEY-CANDIDATE-R2-20260916.json	9350	9bf315b4db6032922523c65579681089c76cdb51e557696a7fbeade098691a96	remainder
/workspace/reverse-pilot-20260929/repo/articles/inner-child-therapy/experiments/EPISODE-007-MY-JOURNEY-CANDIDATE-R3-20260916.json	8302	4481ef0eb40e775344ae2c2b02fab895177d5a0e3779eb0c7b91d4c0f1304e27	remainder
/workspace/reverse-pilot-20260929/repo/articles/inner-child-therapy/experiments/EPISODE-007-MY-JOURNEY-CANDIDATE-R4-20260916.json	8749	a4fb0993c26ca5dfd8c83a0cd93cc38f4e3592a7a63400d4c346b659dc60c8a9	remainder
/workspace/reverse-pilot-20260929/repo/articles/inner-child-therapy/experiments/EPISODE-007-MY-JOURNEY-CANDIDATE-R5-20260916.json	9572	99fbbce0c8862ee6c95404de80abeb96a1e4027d4f0751c89153244bc9feb8ab	remainder
/workspace/reverse-pilot-20260929/repo/articles/inner-child-therapy/experiments/EPISODE-007-MY-JOURNEY-CANDIDATE-R6-20260916.json	9851	44c100d5546bf140c702d698999c714d98db43002469e4ee0ca67df0f22e775e	remainder
/workspace/reverse-pilot-20260929/repo/articles/inner-child-therapy/experiments/EPISODE-007-MY-JOURNEY-CANDIDATE-R7-20260916.json	9882	c1e78fdfaceed3e4fbe94619b41e4d41a3e7fb1a3c53e1a59a78ae2db3b1f892	remainder
/workspace/reverse-pilot-20260929/repo/articles/inner-child-therapy/experiments/EPISODE-007-MY-JOURNEY-CANDIDATE-R8-20260916.json	9650	b6d7515efff9db0762901dfc38d0dce13bcc30b5cc113e47a62a8ee4c1ad4f99	remainder
/workspace/reverse-pilot-20260929/repo/articles/inner-child-therapy/experiments/EPISODE-007-MY-JOURNEY-CANDIDATE-R8B-20260916.json	8248	07ffe42fb362ab085aa1bf794eebab5a57fc01815edf01b491e3c3f05186fe20	remainder
/workspace/reverse-pilot-20260929/repo/articles/inner-child-therapy/experiments/EPISODE-007-MY-JOURNEY-CANDIDATE-R8C-20260916.json	7490	eae0b0e34e1efe5a64876ff972a997f0f8256e91f5bc10447b3adb1149829347	remainder
/workspace/reverse-pilot-20260929/repo/articles/inner-child-therapy/experiments/EPISODE-007-MY-JOURNEY-CANDIDATE-R8D-SENTENCE-PASS-20260916.json	8035	e8179f8ee6c5384b8788125cbb4a3e6afafcd7bebf8da1347d3a66057fec821c	remainder
/workspace/reverse-pilot-20260929/repo/articles/inner-child-therapy/experiments/EPISODE-007-MY-JOURNEY-CANDIDATE-R8E-SECOND-SENTENCE-PASS-20260916.json	8449	ec3fd78be04f6e43012aeda94d6eab4cc4db8f9fbc90f3caaf0ede35237bc9e8	remainder
/workspace/reverse-pilot-20260929/repo/articles/inner-child-therapy/experiments/EPISODE-007-MY-JOURNEY-CANDIDATE-R8F-FINAL-RESIDUAL-20260916.json	9317	5a813453632db9786a0cbd2b3aa3633096b39d01037b8e746b519a93028facb9	remainder
/workspace/reverse-pilot-20260929/repo/articles/inner-child-therapy/experiments/EPISODE-007-MY-JOURNEY-P09-OWNER-ACCEPTANCE-20260919.md	733	66000d64a6fc8e90c0c4f4f8708f5e9792764a52386f5b48c6c5b949d35aa864	remainder
/workspace/reverse-pilot-20260929/repo/articles/inner-child-therapy/experiments/EPISODE-007-MY-JOURNEY-P09-REPAIR-B-20260918.md	2053	ac3632d6d67ce26949e8f50f43bfa5faec68f3e2559f73aa102fc74bdcbe88ff	remainder
/workspace/reverse-pilot-20260929/repo/articles/inner-child-therapy/experiments/EPISODE-007-MY-JOURNEY-PARAGRAPH-LEVEL-AUDIT-20260918.md	3152	1e6f10a330273418f1cb56fed1c80333db18aff58d83436ab52ad38d09b72854	remainder
/workspace/reverse-pilot-20260929/repo/articles/inner-child-therapy/experiments/EPISODE-007-MY-JOURNEY-SOURCE-20260916.json	4956	5865d0925032e51f8d7866bfa8c608216bde26ce7400c6062fa68c14fa4547af	remainder
/workspace/reverse-pilot-20260929/repo/articles/inner-child-therapy/experiments/EPISODE-007-OWNER-CORRECTION-FULL-TEXT-DELIVERY-20260916.json	1110	30f5e7c7bc62e589f70fd4d774c46305784815a6e48557680789bd300d93fe28	remainder
/workspace/reverse-pilot-20260929/repo/articles/inner-child-therapy/experiments/EPISODE-007-OWNER-CORRECTION-PREFERENCE-PERMISSION-REGISTER-20260916.json	1827	3c4b908d14431ce99aa1e89abd1128f0da9e7c62835041f41218f0f154655a4d	remainder
/workspace/reverse-pilot-20260929/repo/articles/inner-child-therapy/experiments/EPISODE-007-OWNER-PARAGRAPH-LEVEL-HUMAN-GATE-20260918.md	1153	7b613af74810dd6192854066803212e00973822b533615a09053bf4a40eecc6f	remainder
/workspace/reverse-pilot-20260929/repo/articles/inner-child-therapy/experiments/EPISODE-007-OWNER-SENTENCE-REWRITE-GUIDE-20260916.md	8924	c53e617315dbe365cd5cc0abbacd5a5fe0f4613d17650972ae67ba4c90a74ec8	remainder
/workspace/reverse-pilot-20260929/repo/articles/inner-child-therapy/experiments/EPISODE-007-R6-FIRST-PARAGRAPH-AI-RESULT-20260916.json	3689	9b92e9e3ab49474543fe9d8259f929b9ec6b3304b0496fc64340bb49321dad68	remainder
/workspace/reverse-pilot-20260929/repo/articles/inner-child-therapy/experiments/EPISODE-007-R7-BLIND-PREDICTION-BEFORE-SCREENSHOT-20260916.md	4338	621420e3110cf7cf71de2198a326d4594e4c15433a00a950863acbd1a3f343f2	remainder
/workspace/reverse-pilot-20260929/repo/articles/inner-child-therapy/experiments/EPISODE-007-R7-PANGRAM-SCREENSHOT-RESULT-20260916.json	2202	dd9e0023bd897002971f895c13fee04bf26d0fa85e6b58168ce4063e141fe49a	remainder
/workspace/reverse-pilot-20260929/repo/articles/inner-child-therapy/experiments/EPISODE-007-R8-BLIND-PREDICTION-BEFORE-SCREENSHOT-20260916.md	4279	0a989294f4abd1c6d4975e5456616624ff6e09d45ff5fcfc5fabfb0d5056a9a9	remainder
/workspace/reverse-pilot-20260929/repo/articles/inner-child-therapy/experiments/EPISODE-007-R8C-BLIND-PREDICTION-BEFORE-SCREENSHOT-20260916.md	4894	8c3894c0e35bfbf617d285dfd9113d288393bbdd75b70c89e7b1517c2bc51a4d	remainder
/workspace/reverse-pilot-20260929/repo/articles/inner-child-therapy/experiments/EPISODE-007-R8C-PANGRAM-SCREENSHOT-RESULT-20260916.json	3025	98c6c5840513125283c36a5ec47e00c20b3fc8b802b5ea9fb815915a0f4ea07a	remainder
/workspace/reverse-pilot-20260929/repo/articles/inner-child-therapy/experiments/EPISODE-007-R8D-BLIND-PREDICTION-BEFORE-SCREENSHOT-20260916.md	4112	bc4636b8ec5ecb9ff7700bfb2d99ef5232a74ccc66ad3cb3ac878e9f22d979fd	remainder
/workspace/reverse-pilot-20260929/repo/articles/inner-child-therapy/experiments/EPISODE-007-R8D-PANGRAM-SCREENSHOT-RESULT-20260916.json	1843	51eda3569679efe08699aa305984344f296397c78f94b8ddcec969e71a4b602b	remainder
/workspace/reverse-pilot-20260929/repo/articles/inner-child-therapy/experiments/EPISODE-007-R8D-RESIDUAL-SENTENCE-FIX-GUIDE-20260916.md	8053	f646c09d4059089b1b0cdc4ed46d9be25cd5414b65dbed46351834eb3bad06f4	remainder
/workspace/reverse-pilot-20260929/repo/articles/inner-child-therapy/experiments/EPISODE-007-R8E-FINAL-RESIDUAL-FIX-GUIDE-20260916.md	2543	60b05700fb737939563026457f88f83c45218dc94ca1f768a8925fecb0747edb	remainder
/workspace/reverse-pilot-20260929/repo/articles/inner-child-therapy/experiments/EPISODE-007-R8E-PANGRAM-SCREENSHOT-RESULT-20260916.json	1349	2d2c1167e97744a9c14d0dd786adbbf55366241c5905a75e1ae4c6c25d1e510a	remainder
/workspace/reverse-pilot-20260929/repo/articles/inner-child-therapy/experiments/EPISODE-007-R8E-PREDICTION-BEFORE-SCREENSHOT-20260916.md	1708	f18877850f5a41ec5b128e77207c2c6669e5e89db1503fe6ec43cfb5ecb561e5	remainder
/workspace/reverse-pilot-20260929/repo/articles/inner-child-therapy/experiments/EPISODE-007-R8F-OWNER-RESULT-20260916.json	1070	6a8877cd3c31b9d73b85203380b0f83a6e7f42c8c9db0dfab032b73fc2326056	remainder
/workspace/reverse-pilot-20260929/repo/articles/inner-child-therapy/experiments/EPISODE-007-UPLOADED-SCREENSHOT-CANDIDATE-MISMATCH-20260916.md	1892	c3ad04bfb63d19f88cbd581c30e1b8778778f10b42771fb9cf7e1d6cd7ff1402	remainder
/workspace/reverse-pilot-20260929/repo/articles/inner-child-therapy/experiments/EPISODE-008-A1-STRATEGY-REPLACEMENT-OWNER-COGNITION-20260917.md	4708	c164a00754592229e10760022c9bd8afcd7162a3fb1f3b61c8e5bcf8f46faf16	remainder
/workspace/reverse-pilot-20260929/repo/articles/inner-child-therapy/experiments/EPISODE-008-ALSO-LOOK-OUTWARD-OWNER-ACCEPTANCE-20260918.md	981	4409dd4decf39224e25c61ed2442efcaf993237750ba46bc1a9c263f944a586f	remainder
/workspace/reverse-pilot-20260929/repo/articles/inner-child-therapy/experiments/EPISODE-008-ANCHORED-RED-REGION-CONVERGENCE-METHOD-20260918.md	5731	617ed6eeeb350f730b6026b05dbaa217fdff546cc6556985bea68ff799bb4028	remainder
/workspace/reverse-pilot-20260929/repo/articles/inner-child-therapy/experiments/EPISODE-008-B2-SUBTRACTION-ONLY-DECOMPOSITION-20260918.md	5008	f69452301283d5f84e1372e6f988e5ff6288bc7ab789e074887156e689b00009	remainder
/workspace/reverse-pilot-20260929/repo/articles/inner-child-therapy/experiments/EPISODE-008-BEFORE-YOU-TRY-TO-GO-DEEP-CHAT-ONLY-CANDIDATE-20260916.json	12831	89886815a2d29eb2f5a96a28088799b3e4cdc4ec4a6cae9cd1ca43c8566ce88a	remainder
/workspace/reverse-pilot-20260929/repo/articles/inner-child-therapy/experiments/EPISODE-008-BEFORE-YOU-TRY-TO-GO-DEEP-R10-HOT-SPARSE-OWNER-CALIBRATED-20260916.md	10091	d60c12bd4e43061c2281170d0f74cbafdf9c7b27ad904849a94f8ee35603dd42	remainder
/workspace/reverse-pilot-20260929/repo/articles/inner-child-therapy/experiments/EPISODE-008-BEFORE-YOU-TRY-TO-GO-DEEP-R2-PREPANGRAM-20260916.json	12577	d74e67f3e675dc384a82435343163f6f003d0a813c7514b765c8d35b5cbe26de	remainder
/workspace/reverse-pilot-20260929/repo/articles/inner-child-therapy/experiments/EPISODE-008-BEFORE-YOU-TRY-TO-GO-DEEP-R3-PREPANGRAM-20260916.json	12615	365874ca6c738aa6d2efd0f44f54cabc691cae7b840ac5c47fa985e9ba5fd5ce	remainder
/workspace/reverse-pilot-20260929/repo/articles/inner-child-therapy/experiments/EPISODE-008-BEFORE-YOU-TRY-TO-GO-DEEP-R4-PREPANGRAM-20260916.md	8984	b3bd2699007a5fcb73ef37367e752b8c6636ab2a83ce0cdc2d067277364d906f	remainder
/workspace/reverse-pilot-20260929/repo/articles/inner-child-therapy/experiments/EPISODE-008-BEFORE-YOU-TRY-TO-GO-DEEP-R5-PREPANGRAM-20260916.md	9467	8c4d158a46ef848b068c52fe1c69b310a6bf50a5eb4f7603ed01b215fc37c8f3	remainder
/workspace/reverse-pilot-20260929/repo/articles/inner-child-therapy/experiments/EPISODE-008-BEFORE-YOU-TRY-TO-GO-DEEP-R6-DELAYED-GUIDE-APPLICATION-20260916.md	9050	1b81fb684bfb924f5ad9c2e38a645c9b31a8f03375a2ecc74a134d0735b9adeb	remainder
/workspace/reverse-pilot-20260929/repo/articles/inner-child-therapy/experiments/EPISODE-008-BEFORE-YOU-TRY-TO-GO-DEEP-R7-SENTENCE-GUIDE-APPLICATION-20260916.md	9615	2ccea4ed22e6755b4fc1a15eb3396aa1ec042e56b17fd7de21b6d1ef8108530e	remainder
/workspace/reverse-pilot-20260929/repo/articles/inner-child-therapy/experiments/EPISODE-008-BEFORE-YOU-TRY-TO-GO-DEEP-R8-MINIMAL-REPAIR-20260916.md	8687	d7ea10bca09cb30714ffafa70ae8e1e58f649652c4da4849801c2b78294326b3	remainder
/workspace/reverse-pilot-20260929/repo/articles/inner-child-therapy/experiments/EPISODE-008-BEFORE-YOU-TRY-TO-GO-DEEP-R9-A-PLAYFUL-DECOMPRESSION-20260916.md	13460	f578c7d71323d95e4896f561d06f776ee77588fb6a07959f041865b27bbe8cc9	remainder
/workspace/reverse-pilot-20260929/repo/articles/inner-child-therapy/experiments/EPISODE-008-BEFORE-YOU-TRY-TO-GO-DEEP-SOURCE-20260916.json	7885	ac055332f2110a291428491d0d9e0cf99f5236a5d7759d940908af3210dde3ae	remainder
/workspace/reverse-pilot-20260929/repo/articles/inner-child-therapy/experiments/EPISODE-008-BROAD-VS-SENTENCE-ENGINEERING-COMPARISON-20260919.md	5767	e7b4dea47016f0cbd77c6fe7beaa77a99503288418e31401918a7161f5ee2ce1	remainder
/workspace/reverse-pilot-20260929/repo/articles/inner-child-therapy/experiments/EPISODE-008-CANDIDATE-A-OWNER-CORRECTION-FINAL-PARAGRAPH-MOST-AI-20260918.md	3222	f43a8878e23cd7adb2fee111d5eefe7b60c91f8ca75c5439669dcf5372082484	remainder
/workspace/reverse-pilot-20260929/repo/articles/inner-child-therapy/experiments/EPISODE-008-CANDIDATE-A-TO-B-LOCAL-REPAIR-GUIDE-20260918.md	2879	a33ebd8ab4bb7cf86a1421052bbb274b217a521b926a8ef10de17d717030e275	remainder
/workspace/reverse-pilot-20260929/repo/articles/inner-child-therapy/experiments/EPISODE-008-CANDIDATE-A-TO-B-LOCAL-REPAIR-GUIDE-V2-20260918.md	2794	7ba82f8340ece1e0f89f68a35294c1c2e071d7b23554473dbcae3750b26c9ba4	remainder
/workspace/reverse-pilot-20260929/repo/articles/inner-child-therapy/experiments/EPISODE-008-CATCH-HOOK-OWNER-CALIBRATION-20260916.md	12002	8152f38a730a2f03f85bbae3d44dc85d59a0b3c91e7c9d526d8b7d4f0ebeb586	remainder
/workspace/reverse-pilot-20260929/repo/articles/inner-child-therapy/experiments/EPISODE-008-CATCH-HOOK-R11-OWNER-LOCK-PLUS-REMAINDER-20260916.md	1901	9216e48d3cc0be9036affcdd8fc1ab9b2402bbd53338e39398e49c67f5932a7e	remainder
/workspace/reverse-pilot-20260929/repo/articles/inner-child-therapy/experiments/EPISODE-008-CATCH-HOOK-R11-OWNER-RESULT-20260916.json	2595	a3a93ebde6be9d8a35485f4dc104cbcca9536b990d32ab32fd05b0fb19fce428	remainder
/workspace/reverse-pilot-20260929/repo/articles/inner-child-therapy/experiments/EPISODE-008-CATCH-HOOK-R11-PRESERVATION-AND-COLD-AUDIT-20260916.json	5765	0e0978baf471fe8bd0f73a3f1ca048532991df06636bfbd8fcd230640c7de61c	remainder
/workspace/reverse-pilot-20260929/repo/articles/inner-child-therapy/experiments/EPISODE-008-CHECKING-INTERNAL-MONOLOGUE-M1-20260919.md	1958	267434a77b560b6144c8ceefd0e1ca49f327b8ddb2e714266dfb62fc41f1f71d	remainder
/workspace/reverse-pilot-20260929/repo/articles/inner-child-therapy/experiments/EPISODE-008-CHECKING-INTERNAL-MONOLOGUE-M1-AUDIT-20260919.md	799	131ad3fb5b4ce0e3e4c82a353ba837130fa0a395e3f9525330ebe64e53c51813	remainder
/workspace/reverse-pilot-20260929/repo/articles/inner-child-therapy/experiments/EPISODE-008-CHECKING-SENTENCE-ENGINEERING-GUIDE-E1-20260919.md	3707	cfc13e42c3e4887dabf1aa35ea119daf100a9a6bdc0dbda49d73602875d6ed4b	remainder
/workspace/reverse-pilot-20260929/repo/articles/inner-child-therapy/experiments/EPISODE-008-CHECKING-SENTENCE-ENGINEERING-GUIDE-E3-20260919.md	2553	2b160f7a97c06a975a5f3a0d8bc329b1b299a1847b74eefee7eb6883b653abad	remainder
/workspace/reverse-pilot-20260929/repo/articles/inner-child-therapy/experiments/EPISODE-008-COMPRESSED-CAVEAT-OWNER-ANCHOR-AUDIT-20260917.md	1880	4052bcc2ae344f946608db524b363fb01635c0463f4fa87f8e2c3a5221d400ba	remainder
/workspace/reverse-pilot-20260929/repo/articles/inner-child-therapy/experiments/EPISODE-008-COMPRESSED-CAVEAT-OWNER-ANCHOR-CANDIDATE-20260917.md	1528	b8af1db5f7c46111ec37121c8f756710a7be1c99ce42668f8a7cdb0a62656762	remainder
/workspace/reverse-pilot-20260929/repo/articles/inner-child-therapy/experiments/EPISODE-008-DETECTOR-FEEDBACK-LOOP-CORRECTION-20260918.md	2568	65edf3fd4e17b2457e8cdeb4fafc91331d723bba668a350236c266975844838c	remainder
/workspace/reverse-pilot-20260929/repo/articles/inner-child-therapy/experiments/EPISODE-008-DONT-ASSUME-R12-A-C-HYBRID-20260917.md	6816	4f08f1765025788c26cb769cdcdf82374e50a8be5e7b373310a601a919a84e49	remainder
/workspace/reverse-pilot-20260929/repo/articles/inner-child-therapy/experiments/EPISODE-008-DONT-ASSUME-R12-REAUDIT-20260917.md	8997	2d0e4dc2f948f9da6911b2f7015dd0c13267694fb9d35895301054154d4f7303	remainder
/workspace/reverse-pilot-20260929/repo/articles/inner-child-therapy/experiments/EPISODE-008-DONT-ASSUME-R13-REPAIR-INSTRUCTIONS-20260917.md	18662	8f268c54bc06327ec774f6263eac9ecc8e05b09df62b32248b3fdfabd7d9e054	remainder
/workspace/reverse-pilot-20260929/repo/articles/inner-child-therapy/experiments/EPISODE-008-EXAMPLE-FIRST-CANDIDATE-AUDIT-20260917.md	7434	eb539b0c9217cd90e2beca3744537c48b374cdf02a858d83e723eb12f5a940fd	remainder
/workspace/reverse-pilot-20260929/repo/articles/inner-child-therapy/experiments/EPISODE-008-EXAMPLE-FIRST-SUPERVISED-CANDIDATE-20260917.md	3099	3832121704d4d0aaddbcbca4a92e159dda4f064b83a86221f5000294b308f21d	remainder
/workspace/reverse-pilot-20260929/repo/articles/inner-child-therapy/experiments/EPISODE-008-EXAMPLE-FIRST-SUPERVISED-CANDIDATE-AUDIT-20260917.md	1472	c1c15600beb66616dfee5104687ecf2caceebc57de62cb9f4a7a3b53b3089bbb	remainder
/workspace/reverse-pilot-20260929/repo/articles/inner-child-therapy/experiments/EPISODE-008-FORWARD-CONSTRUCTION-BEAT1-PRO-PACKET-20260919.md	1806	be55b6f44b77534088bf530dd9d21585ef9543eb7f2d5e5ab4dad9cbf53dfbc1	remainder
/workspace/reverse-pilot-20260929/repo/articles/inner-child-therapy/experiments/EPISODE-008-FRESH-TRANSFER-WRITER-PACKET-T2-20260919.md	2030	23e6e44b18177ef735e4c03a1afba99535bb6c744ab1d2c1059640987b2e0493	remainder
/workspace/reverse-pilot-20260929/repo/articles/inner-child-therapy/experiments/EPISODE-008-HUMANIZATION-TEST-IDENTITY-CORRECTION-20260918.md	4931	7a20f3803d276e93c293c0d230215327767fc179e2ec852daa9f2abc57a43a6b	remainder
/workspace/reverse-pilot-20260929/repo/articles/inner-child-therapy/experiments/EPISODE-008-INNER-MONOLOGUE-OWNER-INTERACTION-20260916.md	3381	5e39d21c597f2615962ca9da67f43d88bc3f8061d7563d331093fcef2f7c39ca	remainder
/workspace/reverse-pilot-20260929/repo/articles/inner-child-therapy/experiments/EPISODE-008-LEAN-FRESH-LOCALIZATION-PROBE-20260918.md	2695	7d80a3cdc0153051b823c529469b601efed934e219b0486db18b484e4ea1c879	remainder
/workspace/reverse-pilot-20260929/repo/articles/inner-child-therapy/experiments/EPISODE-008-LEAN-FRESH-OWNER-PANGRAM-RESULT-20260918.json	3220	f6ef3974a25c9bd3f2f3a46496656d485fbf0c854dd05e6d52a536f2623eaf5f	remainder
/workspace/reverse-pilot-20260929/repo/articles/inner-child-therapy/experiments/EPISODE-008-LEAN-LITERAL-FRESH-WRITER-AUDIT-20260918.md	6061	ee8d51fa2671ef9d59330f7f3644d5127c047024cd78c57434d7877ea98746aa	remainder
/workspace/reverse-pilot-20260929/repo/articles/inner-child-therapy/experiments/EPISODE-008-LEAN-LITERAL-FRESH-WRITER-PACKET-20260918.md	4710	987c5ccddea3e49e406a37d5a2bc32d2c7c7729c89263d5ce72ce0ecc1e7a00d	remainder
/workspace/reverse-pilot-20260929/repo/articles/inner-child-therapy/experiments/EPISODE-008-LEAN-LITERAL-FRESH-WRITER-RETURNED-20260918.md	2340	2474fb77315211840b636b6e050e663176c8f426c0d4258bf06b3208dbc80f78	remainder
/workspace/reverse-pilot-20260929/repo/articles/inner-child-therapy/experiments/EPISODE-008-MODEL-ONLY-HUMANIZATION-RECOVERY-CANDIDATE-A-20260918.md	2846	e856b686d4c1e29d45939486adb1fdf923ec82d0ead1e0562f0e4a7225de472d	remainder
/workspace/reverse-pilot-20260929/repo/articles/inner-child-therapy/experiments/EPISODE-008-MODEL-ONLY-HUMANIZATION-RECOVERY-CANDIDATE-A-AUDIT-20260918.md	4288	79d7c84685921d580ff566abf183dab0041c1ba94c147fcbfcd8676294d8baf8	remainder
/workspace/reverse-pilot-20260929/repo/articles/inner-child-therapy/experiments/EPISODE-008-MODEL-ONLY-HUMANIZATION-RECOVERY-CANDIDATE-A-REAUDIT-20260918.md	11263	a96701ae73b985a6677b610ec36ff68ad79d5992f6bf1bda57014f74a6aa07d1	remainder
/workspace/reverse-pilot-20260929/repo/articles/inner-child-therapy/experiments/EPISODE-008-MODEL-ONLY-HUMANIZATION-RECOVERY-CANDIDATE-B-20260918.md	2656	8b6144123abd7b4bf70744d8e3271b92ef529863e18d96289605721f8666fa2e	remainder
/workspace/reverse-pilot-20260929/repo/articles/inner-child-therapy/experiments/EPISODE-008-MODEL-ONLY-HUMANIZATION-RECOVERY-CANDIDATE-B-AUDIT-20260918.md	4099	b24e4e56d89d374acb3f6d66fb2bd07a5ef0c0a5bb3c7339e52d7c64c3ec18f2	remainder
/workspace/reverse-pilot-20260929/repo/articles/inner-child-therapy/experiments/EPISODE-008-MODEL-ONLY-HUMANIZATION-RECOVERY-CANDIDATE-B2-20260918.md	3044	d83103b06352429e402789c62d5d3b61ba8d8cdb4ba0cbf34b289728b50056ab	remainder
/workspace/reverse-pilot-20260929/repo/articles/inner-child-therapy/experiments/EPISODE-008-MODEL-ONLY-HUMANIZATION-RECOVERY-CANDIDATE-B2-AUDIT-20260918.md	3769	c458d940afef59aa0d6d969ba8aa82609873925dd0c501a63f94557a9d67adaa	remainder
/workspace/reverse-pilot-20260929/repo/articles/inner-child-therapy/experiments/EPISODE-008-MODEL-ONLY-HUMANIZATION-RECOVERY-CANDIDATE-B2-STRICT-AUDIT-20260918.md	12690	b2f8bf7627bf89ad8e947cc8552bbf2d5d183313be364987e9bbd23b80d64836	remainder
/workspace/reverse-pilot-20260929/repo/articles/inner-child-therapy/experiments/EPISODE-008-MODEL-ONLY-HUMANIZATION-RECOVERY-CANDIDATE-C-20260918.md	2336	89562b5ef87dad964b97eb7eda9a92dd33e2079d1de2c8139926a0de62392eca	remainder
/workspace/reverse-pilot-20260929/repo/articles/inner-child-therapy/experiments/EPISODE-008-MODEL-ONLY-HUMANIZATION-RECOVERY-CANDIDATE-C-AUDIT-20260918.md	4825	3dfe9d265856b8836a7e8b8d0abbe82d141a46a5a83a951d4f751392ecef1746	remainder
/workspace/reverse-pilot-20260929/repo/articles/inner-child-therapy/experiments/EPISODE-008-MODEL-ONLY-HUMANIZATION-RECOVERY-CANDIDATE-C-STRICT-AUDIT-20260918.md	10100	cf745f065a37e7e9b7902292e6f95d1927c48ae8960c810822dcf3716809b5e3	remainder
/workspace/reverse-pilot-20260929/repo/articles/inner-child-therapy/experiments/EPISODE-008-MODEL-ONLY-HUMANIZATION-RECOVERY-CANDIDATE-D-20260918.md	2484	d0f5a23346f53f4eaacc73f0d4fd0fecfa09284136a8bc9962fd91c18c2807a4	remainder
/workspace/reverse-pilot-20260929/repo/articles/inner-child-therapy/experiments/EPISODE-008-MODEL-ONLY-HUMANIZATION-RECOVERY-CANDIDATE-D-AUDIT-20260918.md	4705	855ce04150e04673abadaf365ba3cf4b7ba4befff9b41534eef36d4dc98aa86f	remainder
/workspace/reverse-pilot-20260929/repo/articles/inner-child-therapy/experiments/EPISODE-008-MODEL-ONLY-HUMANIZATION-RECOVERY-CANDIDATE-D-STRICT-AUDIT-20260918.md	9445	cc40de4c8a2fc024bca9f5b19169d412afe0d3f161fb61d90c761f96a5f9d811	remainder
/workspace/reverse-pilot-20260929/repo/articles/inner-child-therapy/experiments/EPISODE-008-OWNER-CORRECTION-BOUNDARY-PASS-NOT-HUMANIZATION-20260918.md	2772	463e873bc70a359bf8233ecbf807fea12e6864a4c6a08e872bbabc87aa17d5d9	remainder
/workspace/reverse-pilot-20260929/repo/articles/inner-child-therapy/experiments/EPISODE-008-PARALLEL-R17-ROLE-CORRECTION-20260917.md	1091	a15022cb80f62616475448b5d98f2cdb64e58e1ec74dca01817ce99fd05fb133	remainder
/workspace/reverse-pilot-20260929/repo/articles/inner-child-therapy/experiments/EPISODE-008-PHASE-B-CANDIDATE-E-OWNER-PANGRAM-RESULT-20260918.json	2178	5b95b873c01eeb5d104508972dd1158502bdbe095f390c43276d2617e6325f5a	remainder
/workspace/reverse-pilot-20260929/repo/articles/inner-child-therapy/experiments/EPISODE-008-PHASE-B-CANDIDATE-F-GUI-RESULT-20260918.json	1989	9c207ba62614a8aa0f412c00c6c89bcac2d4dcbeb813d3553eab5d5d74f6b865	remainder
/workspace/reverse-pilot-20260929/repo/articles/inner-child-therapy/experiments/EPISODE-008-PHASE-B-CANDIDATE-G-GUI-RESULT-20260918.json	1592	2bc95037436abbfb85bbede69dec3c1120bbe10e4109b83eb481d81d24c122c0	remainder
/workspace/reverse-pilot-20260929/repo/articles/inner-child-therapy/experiments/EPISODE-008-PHASE-B-CANDIDATE-H-GUI-RESULT-20260918.json	1831	37cc011d2fb9934fe48c69423e7c46d2e01e78dca44b51e6503f2bbe000d52c8	remainder
/workspace/reverse-pilot-20260929/repo/articles/inner-child-therapy/experiments/EPISODE-008-PHASE-B-LOCALIZED-CANDIDATE-E-20260918.md	2322	aa21f3d44c17c1b160c1ed8ed0c55b7df51b2a5f27cf44ffa54f2d2109c1db07	remainder
/workspace/reverse-pilot-20260929/repo/articles/inner-child-therapy/experiments/EPISODE-008-PHASE-B-LOCALIZED-CANDIDATE-E-AUDIT-20260918.md	3716	21cbccec03bf59704e038d44cef9b0d5f763c634b10df313e5d52c6580a9092d	remainder
/workspace/reverse-pilot-20260929/repo/articles/inner-child-therapy/experiments/EPISODE-008-PHASE-B-LOCALIZED-CANDIDATE-F-20260918.md	2075	414f028a02ad986347b46acfdfbcb9fb5a043eb9f2e444bb453b5255055cef83	remainder
/workspace/reverse-pilot-20260929/repo/articles/inner-child-therapy/experiments/EPISODE-008-PHASE-B-LOCALIZED-CANDIDATE-F-AUDIT-20260918.md	1608	66680b29bf01f1c439c709b1915fbf0073809721bc2a9c2dd9267fd03b8c040a	remainder
/workspace/reverse-pilot-20260929/repo/articles/inner-child-therapy/experiments/EPISODE-008-PHASE-B-LOCALIZED-CANDIDATE-G-20260918.md	1908	51d8e8a71a162ead890a4d9093aa45ff5ad614921097ba54bdcc942e51e6ac69	remainder
/workspace/reverse-pilot-20260929/repo/articles/inner-child-therapy/experiments/EPISODE-008-PHASE-B-LOCALIZED-CANDIDATE-G-AUDIT-20260918.md	1038	2e4fdd7396bc29e8d639a81c1f090225ac85ebaef272e1b8d4568318d69deede	remainder
/workspace/reverse-pilot-20260929/repo/articles/inner-child-therapy/experiments/EPISODE-008-PHASE-B-LOCALIZED-CANDIDATE-H-20260918.md	1999	d83fa8fc7d079fd343b636a6ac960f364f84767133cecc24d883d548eb01a26a	remainder
/workspace/reverse-pilot-20260929/repo/articles/inner-child-therapy/experiments/EPISODE-008-PHASE-B-LOCALIZED-CANDIDATE-H-AUDIT-20260918.md	1059	c8c962022ac20fc66b4600dad92b58011fdfdfcb4a1904564aaf837da1011b3f	remainder
/workspace/reverse-pilot-20260929/repo/articles/inner-child-therapy/experiments/EPISODE-008-PHASE-B-RED-REGION-REPAIR-GUIDE-20260918.md	2922	944a04e789d199fb12df4310694a522908d2855eb368ca179ef822c12a38a8ce	remainder
/workspace/reverse-pilot-20260929/repo/articles/inner-child-therapy/experiments/EPISODE-008-POST-B2-SUBTRACTIVE-STRATEGY-20260918.md	2196	da05c7e339a48226714f09340b42972a44485ad9b50c4b974c144d2f0a9db575	remainder
/workspace/reverse-pilot-20260929/repo/articles/inner-child-therapy/experiments/EPISODE-008-POST-C-PHASE-A-STRATEGY-CORRECTION-20260918.md	3266	640d492b88920013fdfc79b63b4f78a939233884fef1fa60d237577cdf4086e9	remainder
/workspace/reverse-pilot-20260929/repo/articles/inner-child-therapy/experiments/EPISODE-008-POST-D-LEAN-ISOLATED-STRATEGY-20260918.md	2675	5dd87d401f4a44ea5e40d2eb1c1a10c4ddd0a73f553ce5e66918e0d0a6e3c5bb	remainder
/workspace/reverse-pilot-20260929/repo/articles/inner-child-therapy/experiments/EPISODE-008-POST-E-GUI-CONVERGENCE-STRATEGY-20260918.md	2558	5a19aa9a97e662fbc3859747f4306618405ae7ccc7e95d1b7a253e9032dbf349	remainder
/workspace/reverse-pilot-20260929/repo/articles/inner-child-therapy/experiments/EPISODE-008-POST-LEAN-FRESH-LOCALIZATION-STRATEGY-20260918.md	3823	108d42d8c38c1f8c4a8a3ea755f60fa9bd3e0c5d3b69fcef8b7ce952eb90a676	remainder
/workspace/reverse-pilot-20260929/repo/articles/inner-child-therapy/experiments/EPISODE-008-POST-LOCALIZATION-PHASE-B-STRATEGY-20260918.md	2972	4c2cbec0f107514a97c5e9229a4fe8493bb10046fb4fc9171fbb31120185707c	remainder
/workspace/reverse-pilot-20260929/repo/articles/inner-child-therapy/experiments/EPISODE-008-POST-R17-EXAMPLE-FIRST-SUPERVISED-COMPOSITION-PLAN-20260917.md	6153	3c6631213667bc7c9d36441904fbdd07b14b7ff0d45241bc09fe839188ce0846	remainder
/workspace/reverse-pilot-20260929/repo/articles/inner-child-therapy/experiments/EPISODE-008-POST-R8F-PROCESS-REGRESSION-AUDIT-20260917.md	8140	b7eb5eed71ba9b9f5521a6773336ee85866b08935c4c74a0d892bff818d1c3a2	remainder
/workspace/reverse-pilot-20260929/repo/articles/inner-child-therapy/experiments/EPISODE-008-POST-R8F-PROCESS-REGRESSION-AUDIT-AMENDMENT-20260917.md	847	2d88a58ce3d5648424b7bdee41572767c790c89d320c37ba415abc66601ba89e	remainder
/workspace/reverse-pilot-20260929/repo/articles/inner-child-therapy/experiments/EPISODE-008-PRO-PASS-A-CANDIDATE-20260919.md	2614	8a751f81a7ffbb96704bc676d8163f8f8bbfcc4fe2fb052b71799105b3fe585c	remainder
/workspace/reverse-pilot-20260929/repo/articles/inner-child-therapy/experiments/EPISODE-008-PRO-PASS-A-FRESH-CONTINUATION-PACKET-20260919.md	5090	35c24672d7580f3bd669ad124f23108efe4d0e2af07b9abbedfa97be701c8f46	remainder
/workspace/reverse-pilot-20260929/repo/articles/inner-child-therapy/experiments/EPISODE-008-PRO-PASS-A-OWNER-REJECTION-20260919.md	1436	22daaf175c0b1662a0d93cb06f88d3e24c488812f750272730e5234eeccf1da4	remainder
/workspace/reverse-pilot-20260929/repo/articles/inner-child-therapy/experiments/EPISODE-008-PRO-PASS-A-PRESERVATION-PREFLIGHT-20260919.md	5950	f1462ce2f1bd25a70490ba780611a4efaaac191eeb888c02d8b6888508e57210	remainder
/workspace/reverse-pilot-20260929/repo/articles/inner-child-therapy/experiments/EPISODE-008-PRO-PASS-B-LAUNCH-PROMPT-20260919.txt	576	6199144643bf7c4b0512ba9be5521178852b712bc473fe8c4e4757f9107569d4	remainder
/workspace/reverse-pilot-20260929/repo/articles/inner-child-therapy/experiments/EPISODE-008-PRO-PASS-B-LIGHT-WRITER-PAYLOAD-20260919.md	2768	2ca2c2d3d0a3a74bbcdf8c50032da521b2238589d38ff5db80b16b0fe8036016	remainder
/workspace/reverse-pilot-20260929/repo/articles/inner-child-therapy/experiments/EPISODE-008-PRO-PASS-B-POSTGEN-GATE-20260919.md	2176	ac88b0ebd5f04eb5ae99bec97e4a79ffd01e022163670fbc132e1bc3e96955a8	remainder
/workspace/reverse-pilot-20260929/repo/articles/inner-child-therapy/experiments/EPISODE-008-PROGRESSIVE-FORWARD-CONSTRUCTION-STRATEGY-20260919.md	2915	bcdaf2c38b76e9e9406a2f66c8ac6e0213fdb86d03cb67f7185de473cbf47bd7	remainder
/workspace/reverse-pilot-20260929/repo/articles/inner-child-therapy/experiments/EPISODE-008-R1-REAUDIT-AND-FIX-GUIDE-20260916.md	5137	896fc5cc874ee99531da8bb3fec2807c46a7961c494fb0c73a7765cb5184a35a	remainder
/workspace/reverse-pilot-20260929/repo/articles/inner-child-therapy/experiments/EPISODE-008-R10-CATCH-HOOK-SENTENCE-GUIDE-20260916.md	15220	16887bf277aa157aa141c527d9b885d9327746cb8a323333505b762f5e78876c	remainder
/workspace/reverse-pilot-20260929/repo/articles/inner-child-therapy/experiments/EPISODE-008-R10-OWNER-SCREENSHOT-RESULT-20260916.json	3479	9cc298bf18d871d4a10f84a554c234b57ffa877b1f7001dc9e3b5f9aad74498d	remainder
/workspace/reverse-pilot-20260929/repo/articles/inner-child-therapy/experiments/EPISODE-008-R10-PRESERVATION-AND-COLD-AUDIT-20260916.json	4780	6bdf73435cf970dcaa713525b0e89f0c373affb7da3dae88de1787be7eb21951	remainder
/workspace/reverse-pilot-20260929/repo/articles/inner-child-therapy/experiments/EPISODE-008-R12-PLAN-IMPLEMENTATION-AUDIT-20260917.md	10146	f96dd1e460c139cf662c8933504b5f0db731efb916193138733a3545524cfd74	remainder
/workspace/reverse-pilot-20260929/repo/articles/inner-child-therapy/experiments/EPISODE-008-R13-METHOD-AUDIT-AMENDMENT-20260917.md	1508	64cf2bde0a51dbddd701b81e930fa8e4951c2a2b8aba5ca501ab2fb20bc69f79	remainder
/workspace/reverse-pilot-20260929/repo/articles/inner-child-therapy/experiments/EPISODE-008-R13-OUTPUT-PLAN-METHOD-REAUDIT-20260917.md	12562	350ae7e5c4ef908339524bc7e53dec490120cdf3359caeeb99e02b099183aac9	remainder
/workspace/reverse-pilot-20260929/repo/articles/inner-child-therapy/experiments/EPISODE-008-R13-PRESERVATION-PLAN-AND-COLD-AUDIT-20260917.md	10840	43a1213bcfba06b97ee13870e175dad0380b8d23624fb26fc693e9b50efaef8b	remainder
/workspace/reverse-pilot-20260929/repo/articles/inner-child-therapy/experiments/EPISODE-008-R14-FRESH-RETRIEVAL-AUDIT-20260917.md	9126	3bc67b6df904f7ccdb5c7c5c491589b78a7e82715b009d882de2eeeead35c091	remainder
/workspace/reverse-pilot-20260929/repo/articles/inner-child-therapy/experiments/EPISODE-008-R14-FRESH-RETRIEVAL-CANDIDATE-20260917.md	2093	8c4d5b44929f8d0ff8dcfa6fcdd458f08625fd25d8fffa0535021be6ea971366	remainder
/workspace/reverse-pilot-20260929/repo/articles/inner-child-therapy/experiments/EPISODE-008-R14-FRESH-RETRIEVAL-WRITER-PACKET-20260917.md	5605	f7734fd5110a6d82777eaa6a1212e81eb4ca8b5e41ee69f6f96a5e32638b0e91	remainder
/workspace/reverse-pilot-20260929/repo/articles/inner-child-therapy/experiments/EPISODE-008-R15-BROAD-REPAIR-PLAN-20260917.md	6807	0f3c97c3065bc4e3d535e094f1c83b04d17b554a27ce49b930cc7f91ceeca071	remainder
/workspace/reverse-pilot-20260929/repo/articles/inner-child-therapy/experiments/EPISODE-008-R15-OWNER-CALIBRATION-PREDICTION-ROLE-20260917.md	2195	694fa84d90e24c9708867677c4ae67ebb0634e172e9ddbe238c886efa7de90a3	remainder
/workspace/reverse-pilot-20260929/repo/articles/inner-child-therapy/experiments/EPISODE-008-R15-OWNER-FACING-PREDICTIONS-20260917.md	5095	f8653238d9e309551387be62c29b245abe6db71f482657f5c3fe7da4bb57bccf	remainder
/workspace/reverse-pilot-20260929/repo/articles/inner-child-therapy/experiments/EPISODE-008-R15-SAME-CONTEXT-BROAD-CANDIDATE-20260917.md	2319	cb4237acb20169081be7e604c74a215149b9c584fe484546bf7585450f6690ef	remainder
/workspace/reverse-pilot-20260929/repo/articles/inner-child-therapy/experiments/EPISODE-008-R15B-ADVERSARIAL-OUTPUT-AND-METHOD-AUDIT-20260917.md	8374	8bd7931f67343b237a6f7c54150793ba9a70329747e55bc7b61c5ae1b5ccea93	remainder
/workspace/reverse-pilot-20260929/repo/articles/inner-child-therapy/experiments/EPISODE-008-R15B-OWNER-CORRECTION-POSITIVE-FORECAST-FAIL-20260917.md	4249	784ab4e639b807e2f30143e9bb8ad1876e1d51a83dc35a863a1224830502b4f4	remainder
/workspace/reverse-pilot-20260929/repo/articles/inner-child-therapy/experiments/EPISODE-008-R15B-POST-COLD-AUDIT-CANDIDATE-20260917.md	2234	8d5fa0de577d9596dc715c150fe9f23840c0cabf709c4b2166c8a7db76065182	remainder
/workspace/reverse-pilot-20260929/repo/articles/inner-child-therapy/experiments/EPISODE-008-R15B-PRESERVATION-AND-COLD-AUDIT-20260917.md	3938	f5a0575181bc3bc936e6dc9c475e598ff57742009ef4f00087652c1eeb1be16b	remainder
/workspace/reverse-pilot-20260929/repo/articles/inner-child-therapy/experiments/EPISODE-008-R16-CONTEXTUAL-HUMANNESS-CALIBRATION-AUDIT-20260917.md	5012	9ab41a5991663f4e666d36d0dfd614c8cb9fb5b30f4705dc6875af8ba2cc3b7c	remainder
/workspace/reverse-pilot-20260929/repo/articles/inner-child-therapy/experiments/EPISODE-008-R16-FRESH-CANDIDATE-PRESERVATION-AUDIT-20260917.md	2980	c839f95cad651403737d5b7c36ba4dc170c6f35b2fb0df8460afabd65681446a	remainder
/workspace/reverse-pilot-20260929/repo/articles/inner-child-therapy/experiments/EPISODE-008-R16-FRESH-CANDIDATE-RETURNED-20260917.md	2274	9cdec7287772300a5b7cb61fcc5c33c573218ed9b0cf434ece6bb28e28a88f5c	remainder
/workspace/reverse-pilot-20260929/repo/articles/inner-child-therapy/experiments/EPISODE-008-R16-FRESH-WRITER-PACKET-20260917.md	6999	1966588223a8d725998de77159f9a40608e64205dcc1b1c478314412bc866727	remainder
/workspace/reverse-pilot-20260929/repo/articles/inner-child-therapy/experiments/EPISODE-008-R16-OWNER-REAUTHORING-20260917.md	3249	6be0a732ff754feda45ed384b4e7dd4dd73998bda26b63aeea380eb3ce273183	remainder
/workspace/reverse-pilot-20260929/repo/articles/inner-child-therapy/experiments/EPISODE-008-R16-PRESERVATION-SUPPLEMENT-20260917.md	2871	5c5b380c7e76054a2bb71c71699aec9862af5f129813d41eb6e3533d7ef3048d	remainder
/workspace/reverse-pilot-20260929/repo/articles/inner-child-therapy/experiments/EPISODE-008-R16-SUPERVISOR-HUMANNESS-AUDIT-20260917.md	3708	c01bcaf443bfc91f7a0b1dd6ee7d726dbad512317892f2338d2c34edfc18edec	remainder
/workspace/reverse-pilot-20260929/repo/articles/inner-child-therapy/experiments/EPISODE-008-R17-FRESH-CANDIDATE-RETURNED-20260917.md	2565	0dd0d04664a2308f8e93c8c7e17e7211a64ca2ad747e257dfb3de48c2002f537	remainder
/workspace/reverse-pilot-20260929/repo/articles/inner-child-therapy/experiments/EPISODE-008-R17-NEXT-WRITER-ENTRYPOINT-20260917.md	615	23e04e26575d0413a53770f5e5821a7981cf92a860d6993d9c92a16b6e6df004	remainder
/workspace/reverse-pilot-20260929/repo/articles/inner-child-therapy/experiments/EPISODE-008-R17-OUTPUT-AND-METHOD-AUDIT-20260917.md	5977	75047c74c4c97abd69a1b2485037e48410a0177903172bfea459aadb29e2b072	remainder
/workspace/reverse-pilot-20260929/repo/articles/inner-child-therapy/experiments/EPISODE-008-R17-OWNER-CADENCE-SUPPLEMENT-20260917.md	5261	e73c42772dd21d3a517e3928869f14ddab86967a0354e851676a3440f1d7d848	remainder
/workspace/reverse-pilot-20260929/repo/articles/inner-child-therapy/experiments/EPISODE-008-R17-OWNER-VISUAL-CALIBRATION-QUESTIONS-20260917.md	3512	64b7edc2b04605402c6c9447af2e8801d98b20ee046fffddaa431b5e6fe42d99	remainder
/workspace/reverse-pilot-20260929/repo/articles/inner-child-therapy/experiments/EPISODE-008-R17-RICH-CALIBRATION-FRESH-WRITER-PACKET-20260917.md	14390	125311da78b9d55c930ce592fbcaa59e8bc4b6d3f62b9297fe7e5ded1af3965f	remainder
/workspace/reverse-pilot-20260929/repo/articles/inner-child-therapy/experiments/EPISODE-008-R17-STRATEGY-DECISION-20260917.md	3826	a1e0335809064c01ada2d9745736d80e55fa73325cbd1e022882b1943ec8aa54	remainder
/workspace/reverse-pilot-20260929/repo/articles/inner-child-therapy/experiments/EPISODE-008-R2-BLIND-PREDICTION-BEFORE-SCREENSHOT-20260916.md	2706	3fafad7714c42f119077ce48209f44866d31bfb0228414ab6c768396e576b80d	remainder
/workspace/reverse-pilot-20260929/repo/articles/inner-child-therapy/experiments/EPISODE-008-R2-OWNER-SCREENSHOT-RESULT-20260916.json	1998	49854f6d12b6bea56700af05595dff5c9a532933c5d61d23c790aaab3939d398	remainder
/workspace/reverse-pilot-20260929/repo/articles/inner-child-therapy/experiments/EPISODE-008-R2-PANGRAM-REQUEST-20260916.json	1792	1f56b8d3a6d9e06d594ea71bf2ee9143f966d2110b87d02b229e558d89345a46	remainder
/workspace/reverse-pilot-20260929/repo/articles/inner-child-therapy/experiments/EPISODE-008-R2-PANGRAM-SYNC-FAILURE-RECOVERY-20260916.json	2327	2c53faa617201cc18a9820d76268d52e8e2eeb2198ef7ab462418c1731d3e9cf	remainder
/workspace/reverse-pilot-20260929/repo/articles/inner-child-therapy/experiments/EPISODE-008-R2-TO-R3-FIX-GUIDE-20260916.md	7398	b0d58dcfd28ce0d4772c8dfbe03356346b768c68c1ec5edd7409a93d531c74c9	remainder
/workspace/reverse-pilot-20260929/repo/articles/inner-child-therapy/experiments/EPISODE-008-R3-PANGRAM-RESULT-20260916.json	2409	b5f45eb0ea2aaeda8497298d05d2e9972f111ce3a3eedcd8912f07728513e082	remainder
/workspace/reverse-pilot-20260929/repo/articles/inner-child-therapy/experiments/EPISODE-008-R3-TO-R4-SENTENCE-REPAIR-GUIDE-20260916.md	7429	aae36619121db9dfcea4362bdbcf07debe29be20e440f253a7e0095571b7bfd2	remainder
/workspace/reverse-pilot-20260929/repo/articles/inner-child-therapy/experiments/EPISODE-008-R4-PANGRAM-RESULT-20260916.json	1606	adc12b363635f4cf6ebf4214aad2710af2eb78bf1a5e99030381066bef2d846e	remainder
/workspace/reverse-pilot-20260929/repo/articles/inner-child-therapy/experiments/EPISODE-008-R4-PRESERVATION-AND-PREFLIGHT-20260916.json	4115	5144b862690ada2d1a606da74394bc6be55be4ebff21c302e16d1fd55977e40d	remainder
/workspace/reverse-pilot-20260929/repo/articles/inner-child-therapy/experiments/EPISODE-008-R5-PANGRAM-RESULT-20260916.json	2668	28ae42525d16fdd109689418488cabac11c65e6504fff9d9acffc6a7047f7dc7	remainder
/workspace/reverse-pilot-20260929/repo/articles/inner-child-therapy/experiments/EPISODE-008-R5-PRESERVATION-AND-PREFLIGHT-20260916.json	3121	a324c5379a9a4c2fdc40101038bcc71892c19970f62484561b669a174d88d421	remainder
/workspace/reverse-pilot-20260929/repo/articles/inner-child-therapy/experiments/EPISODE-008-R6-DELAYED-GUIDE-PRESERVATION-AND-AUDIT-20260916.json	4555	6d65f156e299b1df89a0d564e526a01a1924a9f62c72f67b3682be5cc3711e15	remainder
/workspace/reverse-pilot-20260929/repo/articles/inner-child-therapy/experiments/EPISODE-008-R6-TO-R7-POSITIVE-SENTENCE-REPAIR-GUIDE-20260916.md	19442	0367dd7a66de30e0b910873ea416407ff0ada17898b4bf6628abf5630e3f11b7	remainder
/workspace/reverse-pilot-20260929/repo/articles/inner-child-therapy/experiments/EPISODE-008-R7-OWNER-SCREENSHOT-RESULT-20260916.json	2660	0af6b708e0f7e09839c30bdb1eb99beee54262455ada0f0fab5719baf8057859	remainder
/workspace/reverse-pilot-20260929/repo/articles/inner-child-therapy/experiments/EPISODE-008-R7-PRESERVATION-AND-COLD-AUDIT-20260916.json	5721	3018ea314dd1c4427fd6865b3c4096329649ad6dfc1fbdc02c90676842bef7b8	remainder
/workspace/reverse-pilot-20260929/repo/articles/inner-child-therapy/experiments/EPISODE-008-R7-TEXT-FIRST-PREDICTION-BEFORE-SCREENSHOT-20260916.md	5840	cb1b0cd1ac6340abfdf1564d5d2699cbadabe94a5ebc4f1efc07b1e0f9299624	remainder
/workspace/reverse-pilot-20260929/repo/articles/inner-child-therapy/experiments/EPISODE-008-R7-TO-R8-MINIMAL-REPAIR-GUIDE-20260916.md	14281	0d13d9fd00856479d321ed900c34968ad734fa89ceb7e85cadcb9ce85d6f1cc0	remainder
/workspace/reverse-pilot-20260929/repo/articles/inner-child-therapy/experiments/EPISODE-008-R8-DECOMPRESSION-OPTIONS-20260916.md	4881	88ca596fa76f3b57c1eab5807c3267d121187524930d07b7efd06772c07043e4	remainder
/workspace/reverse-pilot-20260929/repo/articles/inner-child-therapy/experiments/EPISODE-008-R8-OWNER-MINIMAL-REPAIR-HANDOFF-20260916.md	9562	1fbad3eeef1466e2eedcc2e7ab4ae67d0befee4ac07841e8713d99a55c4c9d2c	remainder
/workspace/reverse-pilot-20260929/repo/articles/inner-child-therapy/experiments/EPISODE-008-R8-OWNER-SCREENSHOT-RESULT-20260916.json	2898	5187e79095f0266b053cc7fcb722e468772f2f3192afd15ac0ae225c2eade314	remainder
/workspace/reverse-pilot-20260929/repo/articles/inner-child-therapy/experiments/EPISODE-008-R8-PRESERVATION-AND-COLD-AUDIT-20260916.json	5726	7426380929ad3c4fcf77b42cd688544d0b5472fd392293f1ace42353216111fa	remainder
/workspace/reverse-pilot-20260929/repo/articles/inner-child-therapy/experiments/EPISODE-008-R8-TEXT-FIRST-PREDICTION-BEFORE-SCREENSHOT-20260916.md	2853	f86b9bad637356fcf2d53d7d145dd366298d7672d46347b7f97d610537391f09	remainder
/workspace/reverse-pilot-20260929/repo/articles/inner-child-therapy/experiments/EPISODE-008-R8-TO-R9-A-DECOMPRESSION-PLAYFUL-SENTENCE-GUIDE-20260916.md	24197	9f48794b9d1b3ced41cd375712c6aeb5b409228f9d42570df311139d121a0e69	remainder
/workspace/reverse-pilot-20260929/repo/articles/inner-child-therapy/experiments/EPISODE-008-R9-OWNER-SCREENSHOT-RESULT-20260916.json	2177	bae4b41749b8cdb9944fba28b155f16da9db7c2307618048b3716b932b9cf6e8	remainder
/workspace/reverse-pilot-20260929/repo/articles/inner-child-therapy/experiments/EPISODE-008-R9-PRESERVATION-AND-COLD-AUDIT-20260916.json	5386	5a685244f44d39d4b32255f6cffdea54a8a6d7fb34fa2864f2fdf068e291891e	remainder
/workspace/reverse-pilot-20260929/repo/articles/inner-child-therapy/experiments/EPISODE-008-R9-SECOND-COLD-AUDIT-20260916.md	6248	a52c7a7cd21ce64ef6f34f8c21abd74fc8dd5bee52cca5df5a4d994d239f3756	remainder
/workspace/reverse-pilot-20260929/repo/articles/inner-child-therapy/experiments/EPISODE-008-R9-TO-R10-HOT-THOUGHT-SPARSE-REALIZATION-GUIDE-20260916.md	15577	a3d33c830c36d193308b4b80827e73859bbc0a9adfa775b2ccb0bfc33e8711c2	remainder
/workspace/reverse-pilot-20260929/repo/articles/inner-child-therapy/experiments/EPISODE-008-RAILWAY-BROAD-GENERATOR-G1-20260919.md	1574	8f0111db89e908e09ced2a36276a969573a23336af0a6c8d22f07694db858e5f	remainder
/workspace/reverse-pilot-20260929/repo/articles/inner-child-therapy/experiments/EPISODE-008-RAILWAY-SENTENCE-ENGINEERING-E1-20260919.md	1652	2878600fa871656bf708f66efaac897b1ddf6b496ca8e657478fd1b5d792025a	remainder
/workspace/reverse-pilot-20260929/repo/articles/inner-child-therapy/experiments/EPISODE-008-RAILWAY-SENTENCE-ENGINEERING-E2-20260919.md	1678	bc857d3c22d3326f08d702b4070abb36d4a9a5bf326df687d786b9350a5ef3ca	remainder
/workspace/reverse-pilot-20260929/repo/articles/inner-child-therapy/experiments/EPISODE-008-RAILWAY-SENTENCE-ENGINEERING-E3-20260919.md	1698	ed77efb34b0e545bea2267804b07e063f6c4b490617930ad1dc71cc3dd3a53cd	remainder
/workspace/reverse-pilot-20260929/repo/articles/inner-child-therapy/experiments/EPISODE-008-RAILWAY-SENTENCE-ENGINEERING-E4-20260919.md	2210	eb7cb06365838098c15ccb9374d4a05e5cf7a626481698313898979e96dfd328	remainder
/workspace/reverse-pilot-20260929/repo/articles/inner-child-therapy/experiments/EPISODE-008-SERIAL-A1-AUDIT-20260917.md	3789	c386504db903e5d44602fd6b79fa36ba6a0beda5447a51fc921388eb979bfcc7	remainder
/workspace/reverse-pilot-20260929/repo/articles/inner-child-therapy/experiments/EPISODE-008-SERIAL-A1-CANDIDATE-20260917.md	1097	225f2eb9ce5bb04ec6534f30c9fd4735b62cfb35b700e3595e3205663b4280ab	remainder
/workspace/reverse-pilot-20260929/repo/articles/inner-child-therapy/experiments/EPISODE-008-SERIAL-A1-R2-CANDIDATE-20260917.md	1078	19064a435af959a111fb1f228259ce8c1b07ffdf9e1fbad8f69fc83dda99d51d	remainder
/workspace/reverse-pilot-20260929/repo/articles/inner-child-therapy/experiments/EPISODE-008-SERIAL-A1-REAUDIT-20260917.md	4859	c4ec3c082899aef6b08dad312108cc21263ba8cb63b05851acbdb7091464e5a0	remainder
/workspace/reverse-pilot-20260929/repo/articles/inner-child-therapy/experiments/EPISODE-008-SERIAL-UNIT-A-AUDIT-20260917.md	5223	670ecfdb55d9d75c457930da766add1d65426b63271e671ffcc0e46972e5aeb9	remainder
/workspace/reverse-pilot-20260929/repo/articles/inner-child-therapy/experiments/EPISODE-008-SERIAL-UNIT-A-CANDIDATE-20260917.md	2034	02bca9850116e3b135bc6d5ab38fc67efe3f1b4552a73b970fd95334824fdb17	remainder
/workspace/reverse-pilot-20260929/repo/articles/inner-child-therapy/experiments/EPISODE-008-SERIAL-UNIT-A-REAUDIT-20260917.md	6497	1eb05c592d736e021c0887cc5e0901ed2e8c9fb4bf2108541e736fd44a7d0971	remainder
/workspace/reverse-pilot-20260929/repo/articles/inner-child-therapy/experiments/EPISODE-008-STRONG-IDEA-FOLLOWUP-RESULTS-20260919.md	2420	fc94f31c113fd5a063078cdad03566ff793df49bb2299dd1557dfcb986cc404f	remainder
/workspace/reverse-pilot-20260929/repo/articles/inner-child-therapy/experiments/EPISODE-008-TRANSFER-PILOT-T1-CHECKING-20260919.md	2041	f34cc1127fb8bfe76d0e63160c7741f2d989a768868dcd47a3f5affbfe2cdcd9	remainder
/workspace/reverse-pilot-20260929/repo/articles/inner-child-therapy/experiments/EPISODE-008-TRANSFER-PILOT-T1-CHECKING-AUDIT-20260919.md	656	83a9bf9ffed69e80add4ee10060b4c516c05c588e8c252acfe266ef95de9ff1a	remainder
/workspace/reverse-pilot-20260929/repo/articles/inner-child-therapy/experiments/EPISODE-008-TRANSFER-PILOT-T1-CHECKING-RESULT-20260919.md	1222	7e880589e48c44b3bd32aed2ce51689cec3c75160cf5004ef55d5b6c1ed8d423	remainder
/workspace/reverse-pilot-20260929/repo/articles/inner-child-therapy/experiments/EPISODE-008-WHAT-KEEPS-HAPPENING-R13-CANDIDATE-20260917.md	3711	c490bd5c1c27a02eb744852be02a456aa4d5edbe6fac6db5ddf0e847ee153984	remainder
/workspace/reverse-pilot-20260929/repo/articles/inner-child-therapy/experiments/EPISODE-008-WRITE-DONT-SEND-ANCHORED-BUDGET-AUTH-20260918.md	894	433f6a0d542b1c997e6d7e79e7c55123cbd43c3c2af14a75f1a3c91e8b83fe7c	remainder
/workspace/reverse-pilot-20260929/repo/articles/inner-child-therapy/experiments/EPISODE-008-WRITE-DONT-SEND-ANCHORED-CANDIDATE-G-20260918.md	1961	673119dac1b9566c356a539cb47c878bf68dab006d6fd778c535c9aa9c503118	remainder
/workspace/reverse-pilot-20260929/repo/articles/inner-child-therapy/experiments/EPISODE-008-WRITE-DONT-SEND-ANCHORED-CANDIDATE-G-AUDIT-20260918.md	1927	234e47f7f34042ec0f430311fc2eae42d81a7a98e2f3f2dcdf6ce1ac86e40522	remainder
/workspace/reverse-pilot-20260929/repo/articles/inner-child-therapy/experiments/EPISODE-008-WRITE-DONT-SEND-ANCHORED-CANDIDATE-G-GUI-RESULT-20260918.json	2226	219fcf0a4e8962d6b603bc59587eb5ded6381fa618be3929923eb948408a0f20	remainder
/workspace/reverse-pilot-20260929/repo/articles/inner-child-therapy/experiments/EPISODE-008-WRITE-DONT-SEND-ANCHORED-CANDIDATE-H-20260918.md	1782	d5e63f435b3a8e765c2e7cbe11eb1b3d2f6a6d1b46e7dbb073e6e179e91a4f73	remainder
/workspace/reverse-pilot-20260929/repo/articles/inner-child-therapy/experiments/EPISODE-008-WRITE-DONT-SEND-ANCHORED-CANDIDATE-H-AUDIT-20260918.md	1012	a87c915d8cb260a837b7bfbc46b0b93ec6ef2e98dd6aa050ac382b91a78054ae	remainder
/workspace/reverse-pilot-20260929/repo/articles/inner-child-therapy/experiments/EPISODE-008-WRITE-DONT-SEND-ANCHORED-CANDIDATE-H-GUI-RESULT-20260918.json	1061	a1ce691061919caa723bc48d5d205bdac68fb322b0216f63b368e3b7d5bc22c3	remainder
/workspace/reverse-pilot-20260929/repo/articles/inner-child-therapy/experiments/EPISODE-008-WRITE-DONT-SEND-ANCHORED-CANDIDATE-I-20260918.md	1859	497b9224c90be15f1975ef2b52eac7be4325f446b2b6342c8c97e47cbf4dcf32	remainder
/workspace/reverse-pilot-20260929/repo/articles/inner-child-therapy/experiments/EPISODE-008-WRITE-DONT-SEND-ANCHORED-CANDIDATE-I-AUDIT-20260918.md	934	e109499d70ced5eadc9c711e598774524fd7dc4abeea0234bb847e4bb6435716	remainder
/workspace/reverse-pilot-20260929/repo/articles/inner-child-therapy/experiments/EPISODE-008-WRITE-DONT-SEND-ANCHORED-CANDIDATE-I-GUI-RESULT-20260918.json	916	fec4e49dce1322ca83372bad197112f986560cb886dd360ef5969c027b79fc2c	remainder
/workspace/reverse-pilot-20260929/repo/articles/inner-child-therapy/experiments/EPISODE-008-WRITE-DONT-SEND-ANCHORED-CANDIDATE-J-20260918.md	1817	5a77755f8b59e27544d2d31601564f2496cc00a7fb1eb124efbbd9d9dd2d9f4b	remainder
/workspace/reverse-pilot-20260929/repo/articles/inner-child-therapy/experiments/EPISODE-008-WRITE-DONT-SEND-ANCHORED-CANDIDATE-J-AUDIT-20260918.md	585	18a279a4fcc5e894c5e478ca28964de1c8c6e1505184be6b78fcc82b648457a0	remainder
/workspace/reverse-pilot-20260929/repo/articles/inner-child-therapy/experiments/EPISODE-008-WRITE-DONT-SEND-ANCHORED-CANDIDATE-J-GUI-RESULT-20260918.json	933	d73b1957dd20f24fc2346ff001eaf4d3e33a3a74fb366c8d793b82d5299b5ecf	remainder
/workspace/reverse-pilot-20260929/repo/articles/inner-child-therapy/experiments/EPISODE-008-WRITE-DONT-SEND-ANCHORED-CANDIDATE-K-20260918.md	1715	081d9bb7e40d2bb2fc757c277ba46a9cde973ba0027684b98f5076823990a7db	remainder
/workspace/reverse-pilot-20260929/repo/articles/inner-child-therapy/experiments/EPISODE-008-WRITE-DONT-SEND-ANCHORED-CANDIDATE-K-AUDIT-20260918.md	658	d7df21f40c43468c81c0022ecb39f851399b5365a684711e3d73656f3b1cb6a2	remainder
/workspace/reverse-pilot-20260929/repo/articles/inner-child-therapy/experiments/EPISODE-008-WRITE-DONT-SEND-ANCHORED-CANDIDATE-K-GUI-RESULT-20260918.json	1332	c25fc534671da63bd365161bda1b822dc29b3b656bc839ceb134b9826431eac2	remainder
/workspace/reverse-pilot-20260929/repo/articles/inner-child-therapy/experiments/EPISODE-008-WRITE-DONT-SEND-BASELINE-MEASUREMENT-STRATEGY-20260918.md	862	a20a9cc2718b9ac35b3fd2ae829ff354d98f46194bdb819056a2ad8f4b308bf9	remainder
/workspace/reverse-pilot-20260929/repo/articles/inner-child-therapy/experiments/EPISODE-008-WRITE-DONT-SEND-CANDIDATE-A-20260918.md	1559	d9f92af30b263008d52220fa1b0cf71d77b73c178afb16717e31f920cf1094f8	remainder
/workspace/reverse-pilot-20260929/repo/articles/inner-child-therapy/experiments/EPISODE-008-WRITE-DONT-SEND-CANDIDATE-A-AUDIT-20260918.md	1222	29781aef389688ad377158b0ecbb32c04c878d9558c4979679af7a3e186afecd	remainder
/workspace/reverse-pilot-20260929/repo/articles/inner-child-therapy/experiments/EPISODE-008-WRITE-DONT-SEND-CANDIDATE-A-GUI-RESULT-20260918.json	1066	57085c17996f1537130456e0a5ed7ff27479ede89d99706b4b4b531e1716ec3f	remainder
/workspace/reverse-pilot-20260929/repo/articles/inner-child-therapy/experiments/EPISODE-008-WRITE-DONT-SEND-CANDIDATE-B-20260918.md	1522	e07ba5ea0e70cfd1a03f7c272e67563a503994fca21df9a456657118e6bc2786	remainder
/workspace/reverse-pilot-20260929/repo/articles/inner-child-therapy/experiments/EPISODE-008-WRITE-DONT-SEND-CANDIDATE-B-AUDIT-20260918.md	725	9b92846f83c3331e3d4d490f129aa34c96bc6640abed4c5502d63176c6d5f91c	remainder
/workspace/reverse-pilot-20260929/repo/articles/inner-child-therapy/experiments/EPISODE-008-WRITE-DONT-SEND-CANDIDATE-B-GUI-RESULT-20260918.json	784	13a48d8301ce3fc07ffb41be23c0cba5a76631aaadd9aa0c4b69d898fe7abc01	remainder
/workspace/reverse-pilot-20260929/repo/articles/inner-child-therapy/experiments/EPISODE-008-WRITE-DONT-SEND-CANDIDATE-C-20260918.md	1336	1ac7444e1d01618a851790117cf651bb449e2f0e46d6de65c2b550f03483ee09	remainder
/workspace/reverse-pilot-20260929/repo/articles/inner-child-therapy/experiments/EPISODE-008-WRITE-DONT-SEND-CANDIDATE-C-AUDIT-20260918.md	865	7db514a83072e158ff8b7b8bdc3afcb434b1cea9bd17a70e64074634a7b1f1dc	remainder
/workspace/reverse-pilot-20260929/repo/articles/inner-child-therapy/experiments/EPISODE-008-WRITE-DONT-SEND-CANDIDATE-C-GUI-RESULT-20260918.json	815	267126894992763258f94ab5afc9bc780346d03f2e33cd59b2111dce37aa1a9f	remainder
/workspace/reverse-pilot-20260929/repo/articles/inner-child-therapy/experiments/EPISODE-008-WRITE-DONT-SEND-CANDIDATE-D-20260918.md	1438	f107a1c32367425fd493db41419eee4d448a69c1a234b126eac9685b70e63bc4	remainder
/workspace/reverse-pilot-20260929/repo/articles/inner-child-therapy/experiments/EPISODE-008-WRITE-DONT-SEND-CANDIDATE-D-AUDIT-20260918.md	635	05d41b1bb295d47c71b09ba20e94a64ca5b4c5b53de4fb9d99e7a2889861989f	remainder
/workspace/reverse-pilot-20260929/repo/articles/inner-child-therapy/experiments/EPISODE-008-WRITE-DONT-SEND-CANDIDATE-D-GUI-RESULT-20260918.json	807	bf538daeb683f978332c1a9d1b6498b307581cd5f85be71dc443f4c7941c3a8d	remainder
/workspace/reverse-pilot-20260929/repo/articles/inner-child-therapy/experiments/EPISODE-008-WRITE-DONT-SEND-CANDIDATE-E-20260918.md	1488	db121307e97d2c527b675605fbe9e8d3be59be7bc4c84fce2d2d1f3ef2da6ea8	remainder
/workspace/reverse-pilot-20260929/repo/articles/inner-child-therapy/experiments/EPISODE-008-WRITE-DONT-SEND-CANDIDATE-E-AUDIT-20260918.md	646	c192df1565d94c532f3f930136ec271fd3ba37210be33fc7d319c23952fdaa87	remainder
/workspace/reverse-pilot-20260929/repo/articles/inner-child-therapy/experiments/EPISODE-008-WRITE-DONT-SEND-CANDIDATE-E-GUI-RESULT-20260918.json	825	66948cafae3c736fb8417a38c73a581ec4878a83f67973ba64e4b4302258eae7	remainder
/workspace/reverse-pilot-20260929/repo/articles/inner-child-therapy/experiments/EPISODE-008-WRITE-DONT-SEND-CANDIDATE-F-20260918.md	1507	73a8471bf4220736f516e4ea474c9f922fdac78eca0fe1dd1b91e505c6b188e3	remainder
/workspace/reverse-pilot-20260929/repo/articles/inner-child-therapy/experiments/EPISODE-008-WRITE-DONT-SEND-CANDIDATE-F-AUDIT-20260918.md	629	0440b285a97cdc12610dfd9479f024a6dad755966e9531c92cc5d924b75a8ced	remainder
/workspace/reverse-pilot-20260929/repo/articles/inner-child-therapy/experiments/EPISODE-008-WRITE-DONT-SEND-CANDIDATE-F-GUI-RESULT-20260918.json	760	16f3aa2f0cd9846ef8c67f7716bd6eea3d097221200a7e4ef2316a2d757a31e2	remainder
/workspace/reverse-pilot-20260929/repo/articles/inner-child-therapy/experiments/EPISODE-008-WRITE-DONT-SEND-CANDIDATE-G-20260918.md	1384	ebc601519148edc3bfa304b1a481955995638145b79021d5170d0794bfaa246f	remainder
/workspace/reverse-pilot-20260929/repo/articles/inner-child-therapy/experiments/EPISODE-008-WRITE-DONT-SEND-CANDIDATE-G-AUDIT-20260918.md	614	35f02ece2c8bd7f7a1d381a11a25856a093d94e6fb16349f3155d9b61cebf3de	remainder
/workspace/reverse-pilot-20260929/repo/articles/inner-child-therapy/experiments/EPISODE-008-WRITE-DONT-SEND-CANDIDATE-G-GUI-RESULT-20260918.json	1074	4ec10cab5ebc0e18cfb96b5d66cf0bc439d2867e94dd10f44d0db4be408c2f98	remainder
/workspace/reverse-pilot-20260929/repo/articles/inner-child-therapy/experiments/EPISODE-008-WRITE-DONT-SEND-CANDIDATE-K1-20260918.md	1595	05355bc886099ed1821b8f5a537267a0eea46b61b5c4ab6ea274e7adb7a75007	remainder
/workspace/reverse-pilot-20260929/repo/articles/inner-child-therapy/experiments/EPISODE-008-WRITE-DONT-SEND-CANDIDATE-K1-AUDIT-20260918.md	425	fe43b403ea7238af2dd981f68b0595bf9b31b1fa4af116ae579313397d4a41d8	remainder
/workspace/reverse-pilot-20260929/repo/articles/inner-child-therapy/experiments/EPISODE-008-WRITE-DONT-SEND-CANDIDATE-K1-GUI-RESULT-20260918.json	1203	ce1271e8a9017107537abac256bdddc0f109409ba78e7b60f729b9f989909188	remainder
/workspace/reverse-pilot-20260929/repo/articles/inner-child-therapy/experiments/EPISODE-008-WRITE-DONT-SEND-CANDIDATE-N-RESULTS-20260919.md	791	a25c4819767bbbe7514eb6d08487fa8ec5f78cc9db5b55d801695585b819895b	remainder
/workspace/reverse-pilot-20260929/repo/articles/inner-child-therapy/experiments/EPISODE-008-WRITE-DONT-SEND-CANDIDATE-O-RESULTS-20260919.md	1724	47ddbe636b7276106a8bf3ed6c19ea6db0236dfdaf2db7aa8d6a40ea4cb71d49	remainder
/workspace/reverse-pilot-20260929/repo/articles/inner-child-therapy/experiments/EPISODE-008-WRITE-DONT-SEND-ORAL-INTERMEDIATE-20260918.md	1608	042e595b8ed9b2981e2c569d5a56cef052016e289330f1df2a5da5959ae285d7	remainder
/workspace/reverse-pilot-20260929/repo/articles/inner-child-therapy/experiments/EPISODE-008-WRITE-DONT-SEND-OWNER-ATTRIBUTION-CORRECTION-20260918.md	734	5c26ecd8534752aae0f3ab6661a99829cb5d077dddb701efe4802905bfec34b7	remainder
/workspace/reverse-pilot-20260929/repo/articles/inner-child-therapy/experiments/EPISODE-008-WRITE-DONT-SEND-OWNER-COGNITION-CANDIDATE-N-20260919.md	2661	eb2b517780e7f7ed2a40b463eec6c47e3d9e25263d2a48e49fcbf322bdb23135	remainder
/workspace/reverse-pilot-20260929/repo/articles/inner-child-therapy/experiments/EPISODE-008-WRITE-DONT-SEND-OWNER-COGNITION-CANDIDATE-N-AUDIT-20260919.md	1034	a41b4f3c19a7406812e929a8cd3f14662e0ef2e72aef88827a96c4fb34f2df7a	remainder
/workspace/reverse-pilot-20260929/repo/articles/inner-child-therapy/experiments/EPISODE-008-WRITE-DONT-SEND-OWNER-HUMAN-ANCHOR-20260918.md	1453	e2125c3d3a503d135213f2deb6937b67d266efdd549f386dcd1fa3b81fcb0daa	remainder
/workspace/reverse-pilot-20260929/repo/articles/inner-child-therapy/experiments/EPISODE-008-WRITE-DONT-SEND-OWNER-NEAR-VERBATIM-CANDIDATE-O-20260919.md	2276	1992e095c4a6b852eb9e6ffeba01e915124ecd87cf19f7252e905f801923715d	remainder
/workspace/reverse-pilot-20260929/repo/articles/inner-child-therapy/experiments/EPISODE-008-WRITE-DONT-SEND-OWNER-P3-20260919.md	1914	a1acb14abaacdfc87b3467a865897b71703a4625bbde48bdb698de7e4f21931f	remainder
/workspace/reverse-pilot-20260929/repo/articles/inner-child-therapy/experiments/EPISODE-008-WRITE-DONT-SEND-OWNER-ROUGH-COGNITION-20260919.md	1583	dec255ae98e70b8ae17202d0e2e1ebf44c9d7dbfaa931e4119d0d4aeaf99663d	remainder
/workspace/reverse-pilot-20260929/repo/articles/inner-child-therapy/experiments/EPISODE-008-WRITE-DONT-SEND-P1-EXEMPLAR-ENGINEERING-X1-20260919.md	3676	d8e76853e748107edc8694b53ce56d051be93316fc24c534f672d80b0e78b9c8	remainder
/workspace/reverse-pilot-20260929/repo/articles/inner-child-therapy/experiments/EPISODE-008-WRITE-DONT-SEND-P1-EXEMPLAR-ENGINEERING-X1-RESULT-20260919.md	1300	11c9f3f28c176eb1d020f9dd9e30c03c515747e12d58b5ba58f429aa401d36bc	remainder
/workspace/reverse-pilot-20260929/repo/articles/inner-child-therapy/experiments/EPISODE-008-WRITE-DONT-SEND-P3-ISOLATED-GUI-RESULTS-20260919.md	2429	3976744de3c9c2246cde1841b9d56815bf7075b548f477562528eed228be57a6	remainder
/workspace/reverse-pilot-20260929/repo/articles/inner-child-therapy/experiments/EPISODE-008-WRITE-DONT-SEND-P3-MODEL-CANDIDATE-20260919.md	2268	93e573c82e1aa02d4aaaf2e058bfc0b2d0037bcf64daaa83c85d4b75760dff1f	remainder
/workspace/reverse-pilot-20260929/repo/articles/inner-child-therapy/experiments/EPISODE-008-WRITE-DONT-SEND-P3-RAILWAY-20-SEARCH-RESULT-20260919.md	5591	edb69e54bb0d11fb29b36e2591480b8e348c8d44bc8b1dc81da953263095494f	remainder
/workspace/reverse-pilot-20260929/repo/articles/inner-child-therapy/experiments/EPISODE-008-WRITE-DONT-SEND-P3-RAILWAY-FINAL-CANDIDATES-20260919.md	2229	0e0b4104bc24f1cd9a23673e1b4701ede002ea039b16dde9411d3851e00e40be	remainder
/workspace/reverse-pilot-20260929/repo/articles/inner-child-therapy/experiments/EPISODE-008-WRITE-DONT-SEND-P3-RAILWAY-R10-20260919.md	2397	3862a53f53851a46f0a4de8f6349a4b37f12e67af0d6c6f8635e22f8045ea194	remainder
/workspace/reverse-pilot-20260929/repo/articles/inner-child-therapy/experiments/EPISODE-008-WRITE-DONT-SEND-P3-RAILWAY-R18-20260919.md	1725	702cef473bff74af4d6b0a8666e2ca237c49ac13e909f48163188568dd44366b	remainder
/workspace/reverse-pilot-20260929/repo/articles/inner-child-therapy/experiments/EPISODE-008-WRITE-DONT-SEND-P3-RAILWAY-R3-20260919.md	1889	8d83ca28b9882a470d950f901739de36bdf68eac7369442f0758843617fd7ae8	remainder
/workspace/reverse-pilot-20260929/repo/articles/inner-child-therapy/experiments/EPISODE-008-WRITE-DONT-SEND-P3-RAILWAY-R5-20260919.md	1395	9930a4b030b6427975937d75d9a4fd0b0513ed1e699046c6590eaa62b4eb02a9	remainder
/workspace/reverse-pilot-20260929/repo/articles/inner-child-therapy/experiments/EPISODE-008-WRITE-DONT-SEND-P3-RAILWAY-R8-20260919.md	1853	11d6641004fd22c200d43367e0e69f4242948dfd9a20c9644b66eb49177cb259	remainder
/workspace/reverse-pilot-20260929/repo/articles/inner-child-therapy/experiments/EPISODE-008-WRITE-DONT-SEND-P3-SCENE-SEED-PRESERVATION-20260919.md	3206	ce8ec4d9f3d98c629a233bf06747da374d194eab3ea3740e80f8f5b08d23f0be	remainder
/workspace/reverse-pilot-20260929/repo/articles/inner-child-therapy/experiments/EPISODE-008-WRITE-DONT-SEND-P3-SCENE-SEED-PRO-CANDIDATE-20260919.md	1417	17f2c5d9b18021801c59de5ffcf34beb5b568fa8f5bd9668782756c29b87a0ac	remainder
/workspace/reverse-pilot-20260929/repo/articles/inner-child-therapy/experiments/EPISODE-008-WRITE-DONT-SEND-P3-SCENE-SEED-PRO-RESULT-20260919.md	1943	70781beb34e2405718d4809ef4c0009c254da2878fde2e2b9ccfa0cac5b8fe3f	remainder
/workspace/reverse-pilot-20260929/repo/articles/inner-child-therapy/experiments/EPISODE-008-WRITE-DONT-SEND-PARAGRAPH-FIRST-CANDIDATE-L-20260919.md	2007	66c58e0035600361b94d4c1f27cd7120bc9d97827f4f0a388fef9f79d38fe602	remainder
/workspace/reverse-pilot-20260929/repo/articles/inner-child-therapy/experiments/EPISODE-008-WRITE-DONT-SEND-PARAGRAPH-FIRST-CANDIDATE-L-AUDIT-20260919.md	927	2c0f1b90f92da85407d684a2f916b76e2c6d14f8c2e4e6cea553a09b3ae0a35f	remainder
/workspace/reverse-pilot-20260929/repo/articles/inner-child-therapy/experiments/EPISODE-008-WRITE-DONT-SEND-PARAGRAPH-FIRST-CANDIDATE-M-20260919.md	2195	dbd1c03042dbafaa196253a3cdd630996cf20558e1c5ea6af0073a5ca27826db	remainder
/workspace/reverse-pilot-20260929/repo/articles/inner-child-therapy/experiments/EPISODE-008-WRITE-DONT-SEND-PARAGRAPH-FIRST-RESULTS-20260919.md	2189	52ce5f4d1f14a622ddb0002c8fc099a220054d84b8f24e679f3280e6259003d9	remainder
/workspace/reverse-pilot-20260929/repo/articles/inner-child-therapy/experiments/EPISODE-008-WRITE-DONT-SEND-PARAGRAPH-FIRST-STRATEGY-20260919.md	1049	292fbaf9b4b0063ba64d70ce262f4a1bfa0b4dc59b8139d1175785ccf3f4d682	remainder
/workspace/reverse-pilot-20260929/repo/articles/inner-child-therapy/experiments/EPISODE-008-WRITE-DONT-SEND-POST-E-ORAL-INTERMEDIATE-STRATEGY-20260918.md	2154	65148e0003c99dc2c7a6f95da9eac851bb65514ad9a40535aa2712d351af07ce	remainder
/workspace/reverse-pilot-20260929/repo/articles/inner-child-therapy/experiments/EPISODE-008-WRITE-DONT-SEND-POST-F-ARGUMENT-FIRST-STRATEGY-20260918.md	1271	c12292341a1301ba90c21f5d5218858578dc1bf78d34dfb1759d6e3566da3711	remainder
/workspace/reverse-pilot-20260929/repo/articles/inner-child-therapy/experiments/EPISODE-008-WRITE-DONT-SEND-POST-J-ARCHITECTURE-SWITCH-20260918.md	1175	ffae0608368df9789d650fc9ba35ea4a949e25b186281c13e42a2470b8e4457c	remainder
/workspace/reverse-pilot-20260929/repo/articles/inner-child-therapy/experiments/EPISODE-008-WRITE-DONT-SEND-R5-BASELINE-GUI-RESULT-20260918.json	1243	f5d30f305aa55e5c99648c63e04baca61286bc0f7a678fa67b74e7370c40b5cc	remainder
/workspace/reverse-pilot-20260929/repo/articles/inner-child-therapy/experiments/EPISODE-008-WRITE-DONT-SEND-R5-CONTROLLER-STRATEGY-20260918.md	1391	431f73ebe01a93ec39393a9d8260e01075885dfb4440d811ff1804bf9002bec9	remainder
/workspace/reverse-pilot-20260929/repo/articles/inner-child-therapy/experiments/EPISODE-008-WRITE-DONT-SEND-R5-H1-20260918.md	1354	751c5fdbfd1a69d5d0388e78b38a7ed63805300448a5bb1a2ca8cdf1b42eb236	remainder
/workspace/reverse-pilot-20260929/repo/articles/inner-child-therapy/experiments/EPISODE-008-WRITE-DONT-SEND-R5-H1-AUDIT-20260918.md	574	e151127b76edf8704c30b44c722547f9bae6f6edd7ec60b655608732f163cfef	remainder
/workspace/reverse-pilot-20260929/repo/articles/inner-child-therapy/experiments/EPISODE-008-WRITE-DONT-SEND-R5-H1-GUI-RESULT-20260918.json	778	f64fc3f93f7daa60713e1ce959c85da42a2adc7848a60d48ac014062038ca4a0	remainder
/workspace/reverse-pilot-20260929/repo/articles/inner-child-therapy/experiments/EPISODE-008-WRITE-DONT-SEND-R5-H2-20260918.md	1358	8c966c00e6aefcae835249914cf04e27ad6fc04ee4ec8a1c513639b69ae0d508	remainder
/workspace/reverse-pilot-20260929/repo/articles/inner-child-therapy/experiments/EPISODE-008-WRITE-DONT-SEND-R5-H2-AUDIT-20260918.md	548	b028739d9854c6381da2e3f27e7687f343c4599feb9a83a9807d5fd1c682c655	remainder
/workspace/reverse-pilot-20260929/repo/articles/inner-child-therapy/experiments/EPISODE-008-WRITE-DONT-SEND-R5-H2-GUI-RESULT-20260918.json	1013	7dcda6aca33f3197a83798d8e6fe6de96ff209129eda93ae503ba489320a8e29	remainder
/workspace/reverse-pilot-20260929/repo/articles/inner-child-therapy/experiments/EPISODE-008-WRITE-DONT-SEND-R5-H3-20260918.md	1402	3ea219af0abc696e09401fa8a16ae5ebd40205536279e9515deda408f0359d0f	remainder
/workspace/reverse-pilot-20260929/repo/articles/inner-child-therapy/experiments/EPISODE-008-WRITE-DONT-SEND-R5-H3-AUDIT-20260918.md	398	20820e3ab9914026aee73a5d9abf1c6cc68d2a7570beeeb070c7e5ba87472334	remainder
/workspace/reverse-pilot-20260929/repo/articles/inner-child-therapy/experiments/EPISODE-008-WRITE-DONT-SEND-R5-H3-GUI-RESULT-20260918.json	809	1616492e12c58163d126adeeb1214ac952b668eab597a7905d6c6385fbe75019	remainder
/workspace/reverse-pilot-20260929/repo/articles/inner-child-therapy/experiments/EPISODE-008-WRITE-DONT-SEND-R5-H4-20260918.md	1403	71cf8d9c360579d17b666ce5a8dfcd64c97f513c7c8e56e54395ecc2170a0b46	remainder
/workspace/reverse-pilot-20260929/repo/articles/inner-child-therapy/experiments/EPISODE-008-WRITE-DONT-SEND-R5-H4-AUDIT-20260918.md	410	7932c782984975295012306276376940d3035ee4cb981de56092415ae7d7b52e	remainder
/workspace/reverse-pilot-20260929/repo/articles/inner-child-therapy/experiments/EPISODE-008-WRITE-DONT-SEND-R5-H4-GUI-RESULT-20260918.json	909	f203216b1610c4e72ab18d87c179cd3c6aa320418e174bfb5018bb0025ffc137	remainder
/workspace/reverse-pilot-20260929/repo/articles/inner-child-therapy/experiments/EPISODE-008-WRITE-DONT-SEND-R5-H5-20260918.md	1398	3e76121fc543815c5098d44bd7f126cea41050a1ef8398cb374dbde3024bc0af	remainder
/workspace/reverse-pilot-20260929/repo/articles/inner-child-therapy/experiments/EPISODE-008-WRITE-DONT-SEND-R5-H5-AUDIT-20260918.md	272	db1cbdb34fed4dd87c987d4950d00d74dca9ef9a9e58dfed600a7ffa66974a27	remainder
/workspace/reverse-pilot-20260929/repo/articles/inner-child-therapy/experiments/EPISODE-008-WRITE-DONT-SEND-R5-H5-GUI-RESULT-20260918.json	914	3adfbad2be851acd5b25e84e51f363d6aa8928112102ec8fff88d094f93ffd14	remainder
/workspace/reverse-pilot-20260929/repo/articles/inner-child-therapy/experiments/EPISODE-008-WRITE-DONT-SEND-R5-H6-20260918.md	1389	8c097ed7104d94c6179f831f81653f3631ea8271c88a2898bc9bd9c6a268f555	remainder
/workspace/reverse-pilot-20260929/repo/articles/inner-child-therapy/experiments/EPISODE-008-WRITE-DONT-SEND-R5-H6-AUDIT-20260918.md	211	aef0225e283a72300a18bcb8ecc7cbaa7e0144a1f93b6007d4361d6ab4da5db7	remainder
/workspace/reverse-pilot-20260929/repo/articles/inner-child-therapy/experiments/EPISODE-008-WRITE-DONT-SEND-R5-H6-GUI-RESULT-20260918.json	814	9fbcade7550bd89a631a44eb5e50753306c41aa9f8f425337824455d2cab8f0d	remainder
/workspace/reverse-pilot-20260929/repo/articles/inner-child-therapy/experiments/EPISODE-008-WRITE-DONT-SEND-R5-H7-20260918.md	1303	7e4e605567c5a9c064414d22967b00240e0500c3b0d6b75417c923ca3a1a396a	remainder
/workspace/reverse-pilot-20260929/repo/articles/inner-child-therapy/experiments/EPISODE-008-WRITE-DONT-SEND-R5-H7-AUDIT-20260918.md	221	f26e5b26b282005dc1cee6ff62ab769f02a5a0a6c4867a06da2a23e098c249cd	remainder
/workspace/reverse-pilot-20260929/repo/articles/inner-child-therapy/experiments/EPISODE-008-WRITE-DONT-SEND-R5-LITERAL-BASELINE-PROBE-20260918.md	1633	120c7542ccb16c8f43914cb92b008ec7900895c6526dd1fa6f0da47c29d5dce6	remainder
/workspace/reverse-pilot-20260929/repo/articles/inner-child-therapy/experiments/EPISODE-008-WRITE-DONT-SEND-SOL-LIGHT-PROBE-20260919.md	2721	8a33fa88bea36f6888352d493934013cc8bc5b239f79bffa9bff511f0ca963c0	remainder
/workspace/reverse-pilot-20260929/repo/articles/inner-child-therapy/experiments/EPISODE-008-WRITE-DONT-SEND-SOURCE-20260918.md	3024	276a4a3c417f8eb04000cddfe8669eaeb56a3898284a4fd3e4d6976ccdcc4861	remainder
/workspace/reverse-pilot-20260929/repo/articles/inner-child-therapy/experiments/HUMANIZATION-AUTHOR-STYLE-PRIOR-WORK-SCAN-20260919.md	4935	59484f92766054b58aa9389e4926c087abc3521e0846a87d72d2560016e6058b	remainder
/workspace/reverse-pilot-20260929/repo/articles/inner-child-therapy/experiments/HUMANIZATION-CORRECTION-NEAR-COPY-NOT-THOUGHT-SHAPE-COMPETENCE-20260919.md	1381	5591c706aad92f5d44c4ddb1cbbd9cd843513563d9eeac185806838653aa17d6	remainder
/workspace/reverse-pilot-20260929/repo/articles/inner-child-therapy/experiments/HUMANIZATION-OWNER-GOAL-CORRECTION-LEARN-TO-WRITE-20260919.md	2406	d35a6a5350efed4cf09209e123f28ef257840c0756e84a29f8938daa2efce0a3	remainder
/workspace/reverse-pilot-20260929/repo/articles/inner-child-therapy/experiments/INNER-CHILD-HUMANIZATION-HANDOFF-20260917.md	3983	0b71fae40efc7e42502246ec6b7f6c66f971ca9ea99caa46bb4b631c2823c048	remainder
/workspace/reverse-pilot-20260929/repo/articles/inner-child-therapy/experiments/INNER-CHILD-OWNER-TEACHING-EPISODE-001-PENDING-20260915.md	3240	bfbeea0dcc7584d2faf2078b5d46462f90fc27d4b0b184cdafe15ff816a2e77c	remainder
/workspace/reverse-pilot-20260929/repo/articles/inner-child-therapy/experiments/INNER-CHILD-OWNER-TEACHING-EPISODE-001-RESULT-20260915.md	2166	4bd107f065fae5e49241c1de1727f667b4027b3f199d529d6ac5f4257dada45a	remainder
/workspace/reverse-pilot-20260929/repo/articles/inner-child-therapy/experiments/INNER-CHILD-OWNER-TEACHING-EPISODE-002-PENDING-20260915.md	1591	64b80b59353986dbb9672246c7890ee45c4e5bb6d5f89a39b084e2b4a3ae15cb	remainder
/workspace/reverse-pilot-20260929/repo/articles/inner-child-therapy/experiments/INNER-CHILD-OWNER-TEACHING-EPISODE-002-RESULT-20260915.md	1352	4a873d4e39067420f2ff609e95c1be84d142b6e80d0db52edddcfe44468a937e	remainder
/workspace/reverse-pilot-20260929/repo/articles/inner-child-therapy/experiments/MAKE-THE-PROTECTOR-VISIBLE-20260928.md	5899	6de4eeda11f0b9782cbf8ad31fe6abc22c7528cdcdfdc21539f6cf0d98a86369	remainder
/workspace/reverse-pilot-20260929/repo/articles/inner-child-therapy/experiments/MAP-CHOICE-RESULTS-20260919.json	2594	ae9f5d8cb3a183239a6e611319c3fb56e6dcab408904cb150ec51e5b319ceb26	remainder
/workspace/reverse-pilot-20260929/repo/articles/inner-child-therapy/experiments/MAP-CHOICE-TWO-TARGET-CANDIDATES-20260919.md	5179	14b5fd415e35b20ae4351acd6779f6fa3034a7fd7841d1cd5e72557bee6ad6e6	remainder
/workspace/reverse-pilot-20260929/repo/articles/inner-child-therapy/experiments/MAP-CHOICE-TWO-TARGET-CONTRACT-20260919.md	4267	54711989ea69fb9f28dd24fa0d3a7363b1fb06ac72c12078d20c78032d17a981	remainder
/workspace/reverse-pilot-20260929/repo/articles/inner-child-therapy/experiments/MAP-TOOLBOX-RECOVERY-20260919.md	6894	e7e6533cc7313fd829d75509fd6cbdf2657b8ede420b29d03bbaac6052f256f9	remainder
/workspace/reverse-pilot-20260929/repo/articles/inner-child-therapy/experiments/MULTI-PASSAGE-FIRST-BATCH-20260919.md	5162	8311bc15041284478d7809fd85ab232238f2f5bac76d5e58af3fcf7ad164ae08	remainder
/workspace/reverse-pilot-20260929/repo/articles/inner-child-therapy/experiments/MULTI-PASSAGE-LOCAL-REPAIR-OPERATIONS-20260919.md	3726	7e0a20d0ab66125ab9075f33a93f8690efa32e0389539033816e62771425a90b	remainder
/workspace/reverse-pilot-20260929/repo/articles/inner-child-therapy/experiments/MULTI-PASSAGE-LOCAL-REPAIRS-A-20260919.md	5305	ffd2d0af06c52a13764113732aeded4ed1ea16b84d4628fc30c9fe6bec478236	remainder
/workspace/reverse-pilot-20260929/repo/articles/inner-child-therapy/experiments/MUSIC-DOORWAY-DRAFTS-20260925.md	19480	8fc39f4f0b0c01ae8de3c4d32e4939c0d57365b995b776db40db66cecb5c3e09	remainder
/workspace/reverse-pilot-20260929/repo/articles/inner-child-therapy/experiments/NATURAL-MAP-TRANSFER-5MEO-RESULTS-20260920.json	1972	17458756db98eb22d996744a9a90ef56b254e84e90aebadde970e9622117fcd9	remainder
/workspace/reverse-pilot-20260929/repo/articles/inner-child-therapy/experiments/NATURAL-MAP-TRANSFER-5MEO-TWO-TARGETS-20260920.md	5323	2c650609504e07c4e84f9a26be78a1eab204a07807799c6e544e43ce0c67fe6f	remainder
/workspace/reverse-pilot-20260929/repo/articles/inner-child-therapy/experiments/NATURAL-SOURCE-5MEO-GUIDE-MAPS-20260920.md	5280	903922ca09056c0317094d74ed3aacb8f50109ad550e30a03631ec7c37f8e069	remainder
/workspace/reverse-pilot-20260929/repo/articles/inner-child-therapy/experiments/OWNER-CALIBRATION-SOURCE-DISCLOSURE-20260919.md	3485	26185d4eb6baf48c4cf11347d419db5df1169d048ce18ed52e33c34cd2033ce1	remainder
/workspace/reverse-pilot-20260929/repo/articles/inner-child-therapy/experiments/OWNER-CORRECTION-CORPUS-AND-EVALUATION-20260920.md	3725	6b7c19197cbca6b9b543763663fc80d77c45cb52fbf6e9bf97ae59df7b3ae1ee	remainder
/workspace/reverse-pilot-20260929/repo/articles/inner-child-therapy/experiments/OWNER-CORRECTION-MAP-FIT-AND-SCALE-20260920.md	5021	f773ba6db7069c666de9e8dc7a40554597f3588def9fbc40ce8c57aec42fc4b2	remainder
/workspace/reverse-pilot-20260929/repo/articles/inner-child-therapy/experiments/OWNER-CORRECTION-MAPS-MESOSCALE-20260920.md	3717	cd70391264b55d9021502871f17b8d8b38dc6d6b87fe52a6236e7ff66ed25e11	remainder
/workspace/reverse-pilot-20260929/repo/articles/inner-child-therapy/experiments/OWNER-CORRECTION-POST-GENERATION-TELL-LEDGER-20260921.md	2665	8361b69c650d9b219e5949793ca0328f47aef342a5a996968f4494a558c6febd	remainder
/workspace/reverse-pilot-20260929/repo/articles/inner-child-therapy/experiments/OWNER-CORRECTION-RELATIONAL-THOUGHT-NOT-SENTENCE-JOBS-20260921.md	5762	c1921fd181f8ddda5801555a5ec8e74be55e954f01a1790cbfc5bfa9cf862d4f	remainder
/workspace/reverse-pilot-20260929/repo/articles/inner-child-therapy/experiments/OWNER-CORRECTION-RT2-STILL-HAD-OBVIOUS-AI-TELLS-20260921.md	2534	562c0be3ad285c616dc68b2162a86f21fa0a54403d8878136d040a9a89647e71	remainder
/workspace/reverse-pilot-20260929/repo/articles/inner-child-therapy/experiments/OWNER-FINAL-WRITE-IT-P1-20260920.md	3269	1d11239e64665c2d6ea7f8bbeb4b649565ad964447cb6967fcf5ffc2d71b55a2	remainder
/workspace/reverse-pilot-20260929/repo/articles/inner-child-therapy/experiments/OWNER-PUNCHLIST-20260927.md	9642	74a56231c8f3d66bf604a1e3139724e0c79bb2ad5ec73c5fe976994198466c3a	remainder
/workspace/reverse-pilot-20260929/repo/articles/inner-child-therapy/experiments/PROVEN-REPAIR-EXECUTION-20260919-2008.md	6810	7c032699bf13e2d21e994a6f7205284262837a52b0316630279ef4fec1e64dbb	remainder
/workspace/reverse-pilot-20260929/repo/articles/inner-child-therapy/experiments/PROVEN-REPAIR-P3-A-20260919-2008.md	4266	112dfd9feec10ae75d207c3eee4f9a6d4d4e55061626b0fd0a4de670df64adf7	remainder
/workspace/reverse-pilot-20260929/repo/articles/inner-child-therapy/experiments/RAILWAY-AGENT-INFERENCE-SURFACE-NOTE-20260919.md	1285	bdf4f921541f03b38ef1ff183b4bdc2ca7d1a15e46af7f5426efca0902e295c2	remainder
/workspace/reverse-pilot-20260929/repo/articles/inner-child-therapy/experiments/REGULATION-SECTION-DRAFTS-20260925.md	22321	96fae3bf5c6ea91a9cecfd3eda33ad4693e7eddfc70500a6e1538b36010bb164	remainder
/workspace/reverse-pilot-20260929/repo/articles/inner-child-therapy/experiments/REVIEWER-WRITER-LOOP-20260928.md	10267	efe90be95dff6d9d5aeb24fe1214fcb792f65d74ed8182d17b9f9ada5925a978	remainder
/workspace/reverse-pilot-20260929/repo/articles/inner-child-therapy/experiments/SLOPSHAPE-GAME-FINDINGS-20260926.md	3965	ab517bbc263fd29be4ee494e72571b3041c6b339a08951a90890f5975385c54a	remainder
/workspace/reverse-pilot-20260929/repo/articles/inner-child-therapy/experiments/SOURCE-BOUND-MAP-CARDS-20260919.json	22611	f1f3043a64351b4527d7b47dbcc38c8610c6f06758a97191abeb8c3cd87f4e3c	remainder
/workspace/reverse-pilot-20260929/repo/articles/inner-child-therapy/experiments/SOURCE-INSERT-20260925-MUSIC-DOORWAY.html	1450	8d168958a6647bf22fb0eb4f07ca33886364b816184e490d860602c9c881f39e	remainder
/workspace/reverse-pilot-20260929/repo/articles/inner-child-therapy/experiments/SOURCE-INSERT-20260925-WHEN-TO-CHANGE-THE-STRATEGY.html	1802	78a035eff88d71f7663c4f8cb40e4094f79c32e22b06450ab9fd7fd31b951551	remainder
/workspace/reverse-pilot-20260929/repo/articles/inner-child-therapy/experiments/SOURCE-SNAPSHOT-20260925-OWNER-SUBSTACK.html	151383	20073058fef619d8a8f5aa7fef8337face5ed50cf89d17c8142138effdb125b6	remainder
/workspace/reverse-pilot-20260929/repo/articles/inner-child-therapy/experiments/SOURCE-UPDATE-20260925-RECONCILIATION.md	9999	8b55b73056d49024c6a843b1e3d0201dbb44a36cf21e082fdb61efeaf2f67a37	remainder
/workspace/reverse-pilot-20260929/repo/articles/inner-child-therapy/experiments/SOURCE-WORKING-20260925B.html	153185	2825e53bcbe3da787c3acb15bf35c7eec063c688dbaecc7d564aca9532f81b60	remainder
/workspace/reverse-pilot-20260929/repo/articles/inner-child-therapy/experiments/SOURCE-WORKING-20260925C.html	154635	51bbe7a4e2a80332ce68f7c7c1691a8621c8cc012f320f775dad9855ecc96b06	remainder
/workspace/reverse-pilot-20260929/repo/articles/inner-child-therapy/experiments/STATE-PROVENANCE-REPAIR-WRITE-IT-20260920.md	6755	0b9f13be4edd91e02a65b7204f6df7a89eb9e5bcaeb190912cb8aacac0ec247b	remainder
/workspace/reverse-pilot-20260929/repo/articles/inner-child-therapy/experiments/THREE-FUNCTIONS-DRAFTS-20260927.md	67401	5752755362fd9ea959c33585a4c1fd23b2909614e63ef872707b3603f08c1296	remainder
/workspace/reverse-pilot-20260929/repo/articles/inner-child-therapy/experiments/THREE-FUNCTIONS-MERGE-BRAINSTORM-20260927.md	7824	a7a8184604b72b6822c22b05c9389ab6e39afd5b3be357e5f7fd4d26f6170163	remainder
/workspace/reverse-pilot-20260929/repo/articles/inner-child-therapy/experiments/THREE-FUNCTIONS-RESTRUCTURE-20260927.md	35122	7cdb0bf659012ac3cd5d39683ece864cef62af68a9adb3fa94a537f760188ba1	remainder
/workspace/reverse-pilot-20260929/repo/articles/inner-child-therapy/experiments/WRITE-IT-CHAT-ONLY-P1-RECOVERY-CANDIDATES-20260920.md	4379	6ffc4fd0a023763d900bc28ed2c200a1f142269b974eee3142fbd3f90ee66370	remainder
/workspace/reverse-pilot-20260929/repo/articles/inner-child-therapy/experiments/WRITE-IT-P1-PROMOTION-RECEIPT-20260920.json	2173	d5f29f3c979512f9403dfac0ce948f2cc28ec0cd787a576fd18576c82203e931	remainder
/workspace/reverse-pilot-20260929/repo/articles/inner-child-therapy/experiments/WRITE-IT-P3-CLAUDE-20260925.md	4480	42877994bab73f0480e7e1fe16500c842f3b76b6351d0fb3a1f023dc89a9f005	remainder
/workspace/reverse-pilot-20260929/repo/articles/inner-child-therapy/experiments/WRITE-IT-TYLER-DRAFTS-20260927.md	9864	ac48bc5a9daa147c56977d9d325feeb481dfa7aedd638c52169386bd4405beae	remainder
/workspace/reverse-pilot-20260929/repo/articles/inner-child-therapy/experiments/WRITER-LEASE-DANGEROUS-ADULT-20260924-B.json	1524	8883ab8fe6587538b1a253647aa360a332ee4b365dc46a1d156c923e20f6bc52	remainder
/workspace/reverse-pilot-20260929/repo/articles/inner-child-therapy/experiments/WRITER-LEASE-DANGEROUS-ADULT-20260924-C.json	1252	883f0ee5df78012d9a5405b0131980d4046b0fdc29925152048151f6c606e182	remainder
/workspace/reverse-pilot-20260929/repo/articles/inner-child-therapy/experiments/WRITER-LEASE-DANGEROUS-ADULT-20260924.json	1460	7d0df9256d42ad8cf73c676342445c4d23e35933b30a5f04a1562e7937cafbee	remainder
/workspace/reverse-pilot-20260929/repo/articles/inner-child-therapy/experiments/WRITER-LEASE-DANGEROUS-ADULT-REWRITE-20260924.json	811	4e7ee7b2a7fc174da359dbd88b5b79d0ca03aa77eb87e7c90763fabc66652a7e	remainder
/workspace/reverse-pilot-20260929/repo/articles/inner-child-therapy/experiments/WRITER-LEASE-DANGEROUS-PROGRESSIVE-20260924.json	701	f13d1b3a7ad88717b24b88bee6a4aefd1243fb4780f3521b684fbc00bf6f74ae	remainder
/workspace/reverse-pilot-20260929/repo/articles/inner-child-therapy/experiments/WRITER-LEASE-STATE-PROVENANCE-REPAIR-20260920.json	516	c8bad725182284e09f4ea03a6d5c5e92cef4343fc1c4700bd0468ebd6795caa7	remainder
/workspace/reverse-pilot-20260929/repo/articles/inner-child-therapy/experiments/emulate-20260929/ARTICLES.md	1540	5641cbae6643c7d4c6496c748f0738f81d9ea034cf90fd86ee329ee8ac9d2648	remainder
/workspace/reverse-pilot-20260929/repo/articles/inner-child-therapy/experiments/emulate-20260929/GPT-OVERNIGHT-DIRECTIVE.md	23194	76610032f91b1fb5b36af3084cc2a6affa2661f66726eb56d1d3b5d7280075bd	remainder
/workspace/reverse-pilot-20260929/repo/articles/inner-child-therapy/experiments/emulate-20260929/GPT-RESUME-CLOUD-BROWSER.md	3897	d537f1f9506596887ec95c70232cf3f58489b50edf1059e5f6942d2c824004b1	remainder
/workspace/reverse-pilot-20260929/repo/articles/inner-child-therapy/experiments/emulate-20260929/inputs/MANIFEST.md	15608	c5723400f5c8da82b2d619c310b01cc6691a7b914153737ddeb4bf5be8ca8282	remainder
/workspace/reverse-pilot-20260929/repo/articles/inner-child-therapy/experiments/emulate-20260929/inputs/articles/hearthwork.md	42821	0514e70f93e13f233d9d663cf1fb73b9da1b2de2b742b6d2c74ae171bcbc8e0b	remainder
/workspace/reverse-pilot-20260929/repo/articles/inner-child-therapy/experiments/emulate-20260929/inputs/articles/hypnosis-guide.md	130143	3b5cb6cce976fa9e0419fd1d32c62df12894d083385607e7faab6cb1295ee218	remainder
/workspace/reverse-pilot-20260929/repo/articles/inner-child-therapy/experiments/emulate-20260929/inputs/articles/intentional-communities.md	97920	5d2892335ba53e93147caf5588a11e660d3ff2180d1ab1b23ff9fc5b2eb99aa6	remainder
/workspace/reverse-pilot-20260929/repo/articles/inner-child-therapy/experiments/emulate-20260929/inputs/articles/neuro-de-armoring.md	42494	a4b4e05ae5b6930519e79708f0d7dbedf5cb4f9c6158bf2efd60121501fdef0f	remainder
/workspace/reverse-pilot-20260929/repo/articles/inner-child-therapy/experiments/emulate-20260929/inputs/articles/raw/hearthwork.html	67522	4217aea828c8805dde70a3825e0f7c74f0034d095d32911e5f5e9a9dc165f36e	remainder
/workspace/reverse-pilot-20260929/repo/articles/inner-child-therapy/experiments/emulate-20260929/inputs/articles/raw/hypnosis-guide.html	168482	b3f8aa4ec20120342488ac66eafa2ef93892f65f5b57b118a38322a338e2d23d	remainder
/workspace/reverse-pilot-20260929/repo/articles/inner-child-therapy/experiments/emulate-20260929/inputs/articles/raw/intentional-communities.html	199044	a801d48a9afcf3c4c65afea4d06e933ad42d5950bd63e413b28038ecb020615e	remainder
/workspace/reverse-pilot-20260929/repo/articles/inner-child-therapy/experiments/emulate-20260929/inputs/articles/raw/neuro-de-armoring.html	70300	935020c949db7b1ec9f4463d7c9809a90ada9005d2dab1082f5e1c27bb5a9c24	remainder
/workspace/reverse-pilot-20260929/repo/articles/inner-child-therapy/experiments/emulate-20260929/inputs/learning/A_joelfixes/A01_before.txt	290	fcd55d537346353d18f9495e9186eaeda6773210978cc8b3309e02cbc05ed4ef	remainder
/workspace/reverse-pilot-20260929/repo/articles/inner-child-therapy/experiments/emulate-20260929/inputs/learning/A_joelfixes/A01_joel_after_REFERENCE_ONLY.txt	561	dd714fe0172e03eae5d850bf0941361ede7294094eda7c3a8ed8a612b83bd688	remainder
/workspace/reverse-pilot-20260929/repo/articles/inner-child-therapy/experiments/emulate-20260929/inputs/learning/A_joelfixes/A02_before.txt	595	395833196e47c58f84cde8dd6b92a9c2932c93c3d2428294424c71c4c8d30aa1	remainder
/workspace/reverse-pilot-20260929/repo/articles/inner-child-therapy/experiments/emulate-20260929/inputs/learning/A_joelfixes/A02_joel_after_REFERENCE_ONLY.txt	390	df50f39acbf9b220dc518de27496ad8b00a46bc84f576b6850faa08ae055256f	remainder
/workspace/reverse-pilot-20260929/repo/articles/inner-child-therapy/experiments/emulate-20260929/inputs/learning/A_joelfixes/A03_before.txt	391	4eea025dc05054027b8ec26c7573b36df30450e1b77554b421dd7b130eb10368	remainder
/workspace/reverse-pilot-20260929/repo/articles/inner-child-therapy/experiments/emulate-20260929/inputs/learning/A_joelfixes/A03_joel_after_REFERENCE_ONLY.txt	315	d5ffc9615b2fc1600f71469fddec12d2345ee56503cca9d20465fe22604c8997	remainder
/workspace/reverse-pilot-20260929/repo/articles/inner-child-therapy/experiments/emulate-20260929/inputs/learning/A_joelfixes/A04_before.txt	309	d382882f14100a8f1c0908c5eb9a0b2b9fc372da88432ba624b83388cc395d44	remainder
/workspace/reverse-pilot-20260929/repo/articles/inner-child-therapy/experiments/emulate-20260929/inputs/learning/A_joelfixes/A04_joel_after_REFERENCE_ONLY.txt	338	977f2821a2d25cf684a3ab7d817bc98e7779f0ecc972b83039814e02f3abc585	remainder
/workspace/reverse-pilot-20260929/repo/articles/inner-child-therapy/experiments/emulate-20260929/inputs/learning/A_joelfixes/A05_before.txt	444	1cdb5871a347f5bba1b38a34b7e9fd23cbdbb5d67af8c2f91eb262ad3ae7a16e	remainder
/workspace/reverse-pilot-20260929/repo/articles/inner-child-therapy/experiments/emulate-20260929/inputs/learning/A_joelfixes/A05_joel_after_REFERENCE_ONLY.txt	584	f60bad3d4bd37f26ea7678414e47a34672e5ee95020d7e0666c3153f50d6e626	remainder
/workspace/reverse-pilot-20260929/repo/articles/inner-child-therapy/experiments/emulate-20260929/inputs/learning/A_joelfixes/A06_before.txt	415	d7a58ef3784dc8ccd2169a952baec351183d3bdd2512120e9535a7ce9e5f8c87	remainder
/workspace/reverse-pilot-20260929/repo/articles/inner-child-therapy/experiments/emulate-20260929/inputs/learning/A_joelfixes/A06_joel_after_REFERENCE_ONLY.txt	422	17ea4e090f0368dd0413c478d4121077ed6bba47445fa60367744819066e9c3d	remainder
/workspace/reverse-pilot-20260929/repo/articles/inner-child-therapy/experiments/emulate-20260929/inputs/learning/A_joelfixes/A07_before.txt	463	efd85b030e18c1e73820b154d6db60d9983da56daae019f50c47d0fa976e4c96	remainder
/workspace/reverse-pilot-20260929/repo/articles/inner-child-therapy/experiments/emulate-20260929/inputs/learning/A_joelfixes/A07_joel_after_REFERENCE_ONLY.txt	781	b9afd0adb4d340a2cc5c0bbd15e0068525e717b6c298d98b8cd4b12e141fa69e	remainder
/workspace/reverse-pilot-20260929/repo/articles/inner-child-therapy/experiments/emulate-20260929/inputs/learning/A_joelfixes/A08_before.txt	483	55a6d2849f04a12176abb5d95bad829fec789c0baa895b5832b5a26f2a92f748	remainder
/workspace/reverse-pilot-20260929/repo/articles/inner-child-therapy/experiments/emulate-20260929/inputs/learning/A_joelfixes/A08_joel_after_REFERENCE_ONLY.txt	298	bfd6106001353d5c45d25872a2baaf6d8117871bea6cf792cb6c2e2a0c021a31	remainder
/workspace/reverse-pilot-20260929/repo/articles/inner-child-therapy/experiments/emulate-20260929/inputs/learning/A_joelfixes/A09_before.txt	352	c2843e352d7a17f2ffa431513415755f3b09be0f11e693070100130241319f7e	remainder
/workspace/reverse-pilot-20260929/repo/articles/inner-child-therapy/experiments/emulate-20260929/inputs/learning/A_joelfixes/A09_joel_after_REFERENCE_ONLY.txt	392	8684343ad3d6ab34891c29aa8d9a69c9d2bb0a5c2306e977d834f280ab3d0034	remainder
/workspace/reverse-pilot-20260929/repo/articles/inner-child-therapy/experiments/emulate-20260929/inputs/learning/A_joelfixes/A10_before.txt	963	dbca97017c08307afd6f78aecbb13543cebda40143a67e0e6e1f5c19db719d57	remainder
/workspace/reverse-pilot-20260929/repo/articles/inner-child-therapy/experiments/emulate-20260929/inputs/learning/A_joelfixes/A10_joel_after_REFERENCE_ONLY.txt	1239	ad9ded726651393a6dbfbb8a4b576181bead84ee7b570a91f0b69d39ee96bf87	remainder
/workspace/reverse-pilot-20260929/repo/articles/inner-child-therapy/experiments/emulate-20260929/inputs/learning/A_joelfixes/A11_before.txt	1076	7141b224538500d79daccbaf129f72e848034e498f011b61c1cd3e959508435f	remainder
/workspace/reverse-pilot-20260929/repo/articles/inner-child-therapy/experiments/emulate-20260929/inputs/learning/A_joelfixes/A11_joel_after_REFERENCE_ONLY.txt	724	969d0a3ed848fdd9d9be6927f5c1bfa4658d0e579aee1ea305ce4103509713c7	remainder
/workspace/reverse-pilot-20260929/repo/articles/inner-child-therapy/experiments/emulate-20260929/inputs/learning/A_joelfixes/A12_before.txt	462	9dbb0fb835ce45d625e2eca527baa323123046342a9f02a587d209354348ece8	remainder
/workspace/reverse-pilot-20260929/repo/articles/inner-child-therapy/experiments/emulate-20260929/inputs/learning/A_joelfixes/A12_joel_after_REFERENCE_ONLY.txt	442	27504cbcbc243e91561c27bc48231b5102adbff460c55371f2bc5477666cc09b	remainder
/workspace/reverse-pilot-20260929/repo/articles/inner-child-therapy/experiments/emulate-20260929/inputs/learning/A_joelfixes/A13_before.txt	432	60e07035690cfe6aadfad0dff0e8cc204aaf10a72f53feac87f303c1e76eac5b	remainder
/workspace/reverse-pilot-20260929/repo/articles/inner-child-therapy/experiments/emulate-20260929/inputs/learning/A_joelfixes/A13_joel_after_REFERENCE_ONLY.txt	307	4cf854593a26b9101aeda1344955c104525974159338988bf228aa894df58ca7	remainder
/workspace/reverse-pilot-20260929/repo/articles/inner-child-therapy/experiments/emulate-20260929/inputs/learning/A_joelfixes/A14_before.txt	307	4cf854593a26b9101aeda1344955c104525974159338988bf228aa894df58ca7	remainder
/workspace/reverse-pilot-20260929/repo/articles/inner-child-therapy/experiments/emulate-20260929/inputs/learning/A_joelfixes/A14_joel_after_REFERENCE_ONLY.txt	254	7e3b75a0fb4ad316ddf49a33885aa38e7a2a27ede18d91cea5ad484f647ccbc6	remainder
/workspace/reverse-pilot-20260929/repo/articles/inner-child-therapy/experiments/emulate-20260929/inputs/learning/A_joelfixes/A15_before.txt	261	9df86bb2a1a9eab680ad0d0bbaee393b92e590a7a59c5903a61b429e91e17b8e	remainder
/workspace/reverse-pilot-20260929/repo/articles/inner-child-therapy/experiments/emulate-20260929/inputs/learning/A_joelfixes/A15_joel_after_REFERENCE_ONLY.txt	347	63e8d201422be6c95b77b575d629b15bcaa2ceaa747939df03d8bc302bb7c0b5	remainder
/workspace/reverse-pilot-20260929/repo/articles/inner-child-therapy/experiments/emulate-20260929/inputs/learning/A_joelfixes/A16_before.txt	254	6efb1e59be8b7f9e6864c1f472572cb5b3e5e55dbb4a0b838ff5417a6ce1a8e9	remainder
/workspace/reverse-pilot-20260929/repo/articles/inner-child-therapy/experiments/emulate-20260929/inputs/learning/A_joelfixes/A16_joel_after_REFERENCE_ONLY.txt	497	beb5c370076b225bb9b3b3ae83d919b28dc989b0d9f3e81895f959d66c801060	remainder
/workspace/reverse-pilot-20260929/repo/articles/inner-child-therapy/experiments/emulate-20260929/inputs/learning/A_joelfixes/A18_before.txt	815	a94dede28d2d1bd6623b29cef49cb2cdf268c76b9c901d24ade28c52e7c92dee	remainder
/workspace/reverse-pilot-20260929/repo/articles/inner-child-therapy/experiments/emulate-20260929/inputs/learning/A_joelfixes/A18_joel_after_REFERENCE_ONLY.txt	804	4091fe4d0cebef7967c76620bfebe95ff803a9bc9e3bf8bb489fb763d2b47db6	remainder
/workspace/reverse-pilot-20260929/repo/articles/inner-child-therapy/experiments/emulate-20260929/inputs/learning/A_joelfixes/A19_before.txt	313	30d85aecc2c379984175cc4549c9cd9591263c2a2766075fa96f4c32b7f22a71	remainder
/workspace/reverse-pilot-20260929/repo/articles/inner-child-therapy/experiments/emulate-20260929/inputs/learning/A_joelfixes/A19_joel_after_REFERENCE_ONLY.txt	130	193100710fc912378a163f7e2cc8d2595bd558474172d1ad2ab62d3bca56c087	remainder
/workspace/reverse-pilot-20260929/repo/articles/inner-child-therapy/experiments/emulate-20260929/inputs/learning/A_joelfixes/A20_before.txt	313	b411ce48843217fe722cca65876ea96284629cd52aebbf7eff50fd6c6ca7b247	remainder
/workspace/reverse-pilot-20260929/repo/articles/inner-child-therapy/experiments/emulate-20260929/inputs/learning/A_joelfixes/A20_joel_after_REFERENCE_ONLY.txt	197	e41cfc7e22f8d97a67b4cb982238d8d00bbd757347d6f6daed8fffcf860852a4	remainder
/workspace/reverse-pilot-20260929/repo/articles/inner-child-therapy/experiments/emulate-20260929/inputs/learning/A_joelfixes/A21_before.txt	386	f730ced1f11795e9f30aa4464e2701fbaabd2b8e367dc7be22fc8fda4c359314	remainder
/workspace/reverse-pilot-20260929/repo/articles/inner-child-therapy/experiments/emulate-20260929/inputs/learning/A_joelfixes/A21_joel_after_REFERENCE_ONLY.txt	101	2383c0b0d8e00c6a813f533ab5627393cc26ae0c2a9fcf6d1a607ba3f9800f69	remainder
/workspace/reverse-pilot-20260929/repo/articles/inner-child-therapy/experiments/emulate-20260929/inputs/learning/A_joelfixes/A22_before.txt	236	c1c82ed996194c2f459f5058b08b1cdc76fef15ba7ec75f1cca2b5ade056b15e	remainder
/workspace/reverse-pilot-20260929/repo/articles/inner-child-therapy/experiments/emulate-20260929/inputs/learning/A_joelfixes/A22_joel_after_REFERENCE_ONLY.txt	251	452e154e990a31920b749642d08fa53c5c6cc01c4b458776b1ee55a2570db185	remainder
/workspace/reverse-pilot-20260929/repo/articles/inner-child-therapy/experiments/emulate-20260929/inputs/learning/A_joelfixes/A23_before.txt	330	dd4dd3a5594deeaac3296b6652b77b4ce733bf7d89bd3299d772331160b24219	remainder
/workspace/reverse-pilot-20260929/repo/articles/inner-child-therapy/experiments/emulate-20260929/inputs/learning/A_joelfixes/A23_joel_after_REFERENCE_ONLY.txt	338	8e5622c542d22608f0337bd88a32e2381065aa6f6724f3151082d4be7960ba57	remainder
/workspace/reverse-pilot-20260929/repo/articles/inner-child-therapy/experiments/emulate-20260929/inputs/learning/A_joelfixes/A24_before.txt	236	d3bc42eea3fc038e123471865e8bd1a6a5a9620d6decc070fb5560348b3ac933	remainder
/workspace/reverse-pilot-20260929/repo/articles/inner-child-therapy/experiments/emulate-20260929/inputs/learning/A_joelfixes/A24_joel_after_REFERENCE_ONLY.txt	247	3ce07b805d85924234392fbb8b2320590388b71ac18ae4519366a65cf7abfd3b	remainder
/workspace/reverse-pilot-20260929/repo/articles/inner-child-therapy/experiments/emulate-20260929/inputs/learning/A_joelfixes/A25_before.txt	218	8ca51f01a162d333724d0e048ba9424c8190d72b824b974930a1f678078c649a	remainder
/workspace/reverse-pilot-20260929/repo/articles/inner-child-therapy/experiments/emulate-20260929/inputs/learning/A_joelfixes/A25_joel_after_REFERENCE_ONLY.txt	189	0708cc8620422107a97c944b7cea8c7777cd73b071c689fec459447652785e8f	remainder
/workspace/reverse-pilot-20260929/repo/articles/inner-child-therapy/experiments/emulate-20260929/inputs/learning/A_joelfixes/A26_before.txt	297	c41984ae662d1e409b9e17555ac370116c7cdf5334f05610a9184c45c7294201	remainder
/workspace/reverse-pilot-20260929/repo/articles/inner-child-therapy/experiments/emulate-20260929/inputs/learning/A_joelfixes/A26_joel_after_REFERENCE_ONLY.txt	471	af32945c05a4baa5f4dc1a8b19d99e25a5cac65ab71e676b7a2caad9c09669ad	remainder
/workspace/reverse-pilot-20260929/repo/articles/inner-child-therapy/experiments/emulate-20260929/inputs/learning/A_joelfixes/A27_before.txt	615	a7549256910cd5ba91391a18aab5d7c2f361b131d8c47a1d0e1fad3d6d4b23f9	remainder
/workspace/reverse-pilot-20260929/repo/articles/inner-child-therapy/experiments/emulate-20260929/inputs/learning/A_joelfixes/A27_joel_after_REFERENCE_ONLY.txt	304	e281f7d7e5c7250abefb04d1036adc85c6dbcc2797575a118cf32db49d1dcddd	remainder
/workspace/reverse-pilot-20260929/repo/articles/inner-child-therapy/experiments/emulate-20260929/inputs/learning/A_joelfixes/A28_before.txt	728	1bae99ff81bb01fa3db2f569b7f2294947f9c46113a5ea45efc04f37c3cfd6a0	remainder
/workspace/reverse-pilot-20260929/repo/articles/inner-child-therapy/experiments/emulate-20260929/inputs/learning/A_joelfixes/A28_joel_after_REFERENCE_ONLY.txt	1171	375d1270fe5c01749e5200f00d32c68e48bb9d276d9267c4610d4f05f0136db2	remainder
/workspace/reverse-pilot-20260929/repo/articles/inner-child-therapy/experiments/emulate-20260929/inputs/learning/A_joelfixes/A29_before.txt	539	308e6d57b292a24d541c85c1519a2f081c3f72b383a1b9a615a8c2b5f87a0d7e	remainder
/workspace/reverse-pilot-20260929/repo/articles/inner-child-therapy/experiments/emulate-20260929/inputs/learning/A_joelfixes/A29_joel_after_REFERENCE_ONLY.txt	891	7f1978084a9e1381c7496f7aa453d79f9e6ae33da9e4e7b2e13f0021a34172ef	remainder
/workspace/reverse-pilot-20260929/repo/articles/inner-child-therapy/experiments/emulate-20260929/inputs/learning/A_joelfixes/A30_before.txt	328	dcd439a6e61c72c3bf98f9ce95ff63e09e9cae71e31f9ad9bd1c71347ffcb0af	remainder
/workspace/reverse-pilot-20260929/repo/articles/inner-child-therapy/experiments/emulate-20260929/inputs/learning/A_joelfixes/A30_joel_after_REFERENCE_ONLY.txt	667	b2a1ca536043389eafd8330e8ec21bd294f25941fb8809d8cde3711758801148	remainder
/workspace/reverse-pilot-20260929/repo/articles/inner-child-therapy/experiments/emulate-20260929/inputs/learning/B_protector/B01_m34.txt	981	a1d6ff7617f206479382e4506831990963c75f2aeac5c310543d1cbba00230ee	remainder
/workspace/reverse-pilot-20260929/repo/articles/inner-child-therapy/experiments/emulate-20260929/inputs/learning/B_protector/B02_after_a.txt	439	8a4d9de0351b19c1e0980d31dcac77ffbbf95c5d0d19bf80f7aa9bd3c1a25f71	remainder
/workspace/reverse-pilot-20260929/repo/articles/inner-child-therapy/experiments/emulate-20260929/inputs/learning/B_protector/B03_w2_section.txt	2851	5e908557d8d1e1557cab9d69cc239e8ce2addd42a7f667a4ab1d410492f1ff1a	remainder
/workspace/reverse-pilot-20260929/repo/articles/inner-child-therapy/experiments/emulate-20260929/inputs/learning/B_protector/B04_afA1.txt	465	757bed7b49308ceffb7e7db096d05f9faea7441e1a1524ae36a4a95b58c45ee2	remainder
/workspace/reverse-pilot-20260929/repo/articles/inner-child-therapy/experiments/emulate-20260929/inputs/learning/B_protector/B05_m34_with_headings.txt	1034	b4327a4729128de73e4f75835e40806ade01cb0a83bc10fce9437f4d5c7eb708	remainder
/workspace/reverse-pilot-20260929/repo/articles/inner-child-therapy/experiments/emulate-20260929/inputs/learning/B_protector/B06_out_a.txt	396	2f7cf788c22169eb45bf23090b2000c14ddcf8988fb7a4c998168a663839f89a	remainder
/workspace/reverse-pilot-20260929/repo/articles/inner-child-therapy/experiments/emulate-20260929/inputs/learning/B_protector/B07_out_b.txt	410	aefd5b0f9427d4a1d95d37a048915b71e7439e461b0f3fdc99f9d10dd36a6b26	remainder
/workspace/reverse-pilot-20260929/repo/articles/inner-child-therapy/experiments/emulate-20260929/inputs/learning/B_protector/B08_in_a.txt	286	2cefe68f7ad01184d4282ed736beed0f8177bb494cb926d51cf7c315661bf5a4	remainder
/workspace/reverse-pilot-20260929/repo/articles/inner-child-therapy/experiments/emulate-20260929/inputs/learning/B_protector/B09_in_b.txt	310	1668c060b96777d56ccfb95ceb28eaf6c26076bc1547d565f1c2de4abed1c62c	remainder
/workspace/reverse-pilot-20260929/repo/articles/inner-child-therapy/experiments/emulate-20260929/inputs/learning/B_protector/B10_between_a.txt	403	cb651cde8d3cf48dabb27b2417dd2c9daf7c04304375c8d500f74311c1f83698	remainder
/workspace/reverse-pilot-20260929/repo/articles/inner-child-therapy/experiments/emulate-20260929/inputs/learning/B_protector/B11_between_b.txt	342	2f69b75235bf8bfeed23bddf4c3e51316aa48411153e8a5358a0b51070d75221	remainder
/workspace/reverse-pilot-20260929/repo/articles/inner-child-therapy/experiments/emulate-20260929/inputs/learning/B_protector/B12_first_a.txt	312	68080022270cb43fb2c9a5fa9e1c6bec964cfa280dd95c427c807cf115321ac1	remainder
/workspace/reverse-pilot-20260929/repo/articles/inner-child-therapy/experiments/emulate-20260929/inputs/learning/B_protector/B13_first_b.txt	365	d692972e143e20c2f6d5b901867e685b1e988f1dd68699ef829ba2e9453e6c5c	remainder
/workspace/reverse-pilot-20260929/repo/articles/inner-child-therapy/experiments/emulate-20260929/inputs/learning/B_protector/B14_pick_a.txt	372	296b50c937ca159c040c6207b2bf17f0f0b6cbd3b22597b231a4d07407fd1e2f	remainder
/workspace/reverse-pilot-20260929/repo/articles/inner-child-therapy/experiments/emulate-20260929/inputs/learning/B_protector/B15_pick_b.txt	394	f0dae1438afc225bba08f445ec40e71f85422ed655cece7fba05a896201775e6	remainder
/workspace/reverse-pilot-20260929/repo/articles/inner-child-therapy/experiments/emulate-20260929/inputs/learning/B_protector/B16_after_b.txt	434	a4d29f2471981803aff8f5c135c83ad5a5655569a20f722719c40a7cca3eb471	remainder
/workspace/reverse-pilot-20260929/repo/articles/inner-child-therapy/experiments/emulate-20260929/inputs/learning/B_protector/B17_r2_out1A.txt	418	46330f69997455019cf5ffdb913ec9bdb461ae05811d928f6150db9fc30afe21	remainder
/workspace/reverse-pilot-20260929/repo/articles/inner-child-therapy/experiments/emulate-20260929/inputs/learning/B_protector/B18_r2_out1B.txt	356	626a3a5f1548180555e0f7a80567337134ca6d30bbeae25b83e50605e05e4f42	remainder
/workspace/reverse-pilot-20260929/repo/articles/inner-child-therapy/experiments/emulate-20260929/inputs/learning/B_protector/B19_r2_out2A.txt	414	e1c3daffab315508278caddd61e66173aef4af2ce743eedca4c5906ce0ac1bac	remainder
/workspace/reverse-pilot-20260929/repo/articles/inner-child-therapy/experiments/emulate-20260929/inputs/learning/B_protector/B20_r2_out2B.txt	420	2c7f8fba1cb2c329a933314188be19fdcaeceb5cb3491d59395fee077e7d1a5c	remainder
/workspace/reverse-pilot-20260929/repo/articles/inner-child-therapy/experiments/emulate-20260929/inputs/learning/B_protector/B21_r2_out3A.txt	333	2fd3d7ee081d1487bec162d8068c087d0ebe1e431ff237ce9dfcbeba84963cd3	remainder
/workspace/reverse-pilot-20260929/repo/articles/inner-child-therapy/experiments/emulate-20260929/inputs/learning/B_protector/B22_r2_out3B.txt	386	b854d001abb9869781058c0bf3cff47d7a13e1bc5eb17ca83195b80a512072c8	remainder
/workspace/reverse-pilot-20260929/repo/articles/inner-child-therapy/experiments/emulate-20260929/inputs/learning/B_protector/B23_r2_in1A.txt	298	8dd0b2a13a5c9931340ec201f0be1759867723021d9603a18be27bc33db3cfdc	remainder
/workspace/reverse-pilot-20260929/repo/articles/inner-child-therapy/experiments/emulate-20260929/inputs/learning/B_protector/B24_r2_in1B.txt	317	0bf91ba42ac433a07a8090feb8fd08c5aa9cdccc6f82f317278701db3e21abab	remainder
/workspace/reverse-pilot-20260929/repo/articles/inner-child-therapy/experiments/emulate-20260929/inputs/learning/CONTEXT_section_so_far.txt	1288	bdf96be8a1db855e50c28f6fb252c83ce5cacd745a0efaf376677363b4a2bcd4	remainder
/workspace/reverse-pilot-20260929/repo/articles/inner-child-therapy/experiments/emulate-20260929/inputs/learning/C_controls/C1_s2j_claude_HUMAN.txt	615	3b5e26fec8041339975b37fd112107cdabe419a53febc0301cb5c104404388b7	remainder
/workspace/reverse-pilot-20260929/repo/articles/inner-child-therapy/experiments/emulate-20260929/inputs/learning/C_controls/C2_joel_p1_HUMAN_JOELS_OWN_WRITING.txt	619	bbe656b5a883fca5451b690dfb3de44f7270772f1c34212a48b9370224d7ff89	remainder
/workspace/reverse-pilot-20260929/repo/articles/inner-child-therapy/experiments/emulate-20260929/inputs/learning/E_holdout/BRIEF.md	1145	bc8441b17f570d68953667ad72baf21851e8b3e6fc1c388b854820e1b0e710be	remainder
/workspace/reverse-pilot-20260929/repo/articles/inner-child-therapy/experiments/emulate-20260929/inputs/learning/E_holdout/E1_guide.txt	155	349c14e468f9293dbe7c35690f58076de5cbc3705b4f25aacdef4154c7664bfb	remainder
/workspace/reverse-pilot-20260929/repo/articles/inner-child-therapy/experiments/emulate-20260929/inputs/learning/E_holdout/E2_guide.txt	304	51369a8b25ed333cf0761bf7931b22b02073e26b0f46bd17e63ff63d601a75a5	remainder
/workspace/reverse-pilot-20260929/repo/articles/inner-child-therapy/experiments/emulate-20260929/inputs/learning/E_holdout/E3_guide.txt	191	4efc91a2aac79ff75f6ee4dbe72081dac0522983c96052c7f4a3062116f4ef64	remainder
/workspace/reverse-pilot-20260929/repo/articles/inner-child-therapy/experiments/emulate-20260929/inputs/learning/E_holdout/E4_guide.txt	348	7073f1382e2760b62344f9e20680831f448cd61dcc4b593ab04b9973260b7b11	remainder
/workspace/reverse-pilot-20260929/repo/articles/inner-child-therapy/experiments/emulate-20260929/inputs/learning/E_holdout/E5_guide.txt	330	145eb68b9eec2b960dc00b6ae05afa653fa3a58f819c93bb894b439e48929452	remainder
/workspace/reverse-pilot-20260929/repo/articles/inner-child-therapy/experiments/emulate-20260929/runs/CLAUDE-API-TEST.md	1974	7ec80a1398a5c92860d5a2ed768b3d2a9f372299d023b71d27fe83c25ba49fcd	remainder
/workspace/reverse-pilot-20260929/repo/articles/inner-child-therapy/experiments/emulate-20260929/runs/emulate.jsonl	1658	63b3bba267012630d24ba55909bcbacfe4c89c4d37a0d9cd4d612ce691d0b074	remainder
/workspace/reverse-pilot-20260929/repo/articles/inner-child-therapy/experiments/emulate-20260929/runs/emulate/claude_test_B01_m34_opt1.txt	1071	28725a948e65d2510f9e44c6e1d575f223feebce17b960267759b24b632fb886	remainder
/workspace/reverse-pilot-20260929/repo/articles/inner-child-therapy/experiments/emulate-20260929/runs/emulate/claude_test_B01_m34_opt2.txt	991	8228e2b2719fbf9a528981ecfe57fff383730e3ef851e455043c28447c7a4d99	remainder
/workspace/reverse-pilot-20260929/repo/articles/inner-child-therapy/experiments/emulate-20260929/runs/emulate/claude_test_B02_after_a_opt1.txt	781	6ee0cb587d54654a5bffb45528159a4f3695b49e591eb4e8d7a3e0cc8bdafef2	remainder
/workspace/reverse-pilot-20260929/repo/articles/inner-child-therapy/experiments/emulate-20260929/runs/emulate/claude_test_B02_after_a_opt2.txt	586	7fe1eddc5296db088f3d4aed806a6fea50a9beaeb33782695de7a5740f1c3400	remainder
/workspace/reverse-pilot-20260929/repo/articles/inner-child-therapy/experiments/emulate-20260929/runs/pangram.jsonl	1897	a7d10b9954659743fa027d84475f73c4d0c3c101542000f2cc360151a8dc954c	remainder
/workspace/reverse-pilot-20260929/repo/articles/inner-child-therapy/experiments/emulate-20260929/runs/splices/claude_test_ctx_B01_opt1.txt	2360	171d48fd801c407d7f2fa7a2d504895da6c536c51910b44ed5ef82320d5e0fc6	remainder
/workspace/reverse-pilot-20260929/repo/articles/inner-child-therapy/experiments/emulate-20260929/runs/splices/claude_test_ctx_B01_opt2.txt	2280	96900be7d41e997aacbd73aa307de4a1f03dc492e708e374a7199248479b3199	remainder
/workspace/reverse-pilot-20260929/repo/articles/inner-child-therapy/experiments/reviewer-loop-20260928/expectations/d1/draft.txt	394	7bb71e84d67fc2c9ea5d0fe29d26a66efb768c0da9018ac0f6c326b1575391e2	remainder
/workspace/reverse-pilot-20260929/repo/articles/inner-child-therapy/experiments/reviewer-loop-20260928/expectations/d2/draft.txt	326	9f2d3452cb93a3b10ccc3b8e6f7742fe970e089a2c15d968afea562370202b87	remainder
/workspace/reverse-pilot-20260929/repo/articles/inner-child-therapy/experiments/reviewer-loop-20260928/expectations/d2/section_as_tested.txt	1968	f1ba5b037750780d6280e31ff1368c9d9daeb6ee7cb8dc6b3bfe0e8a6d04c9d2	remainder
/workspace/reverse-pilot-20260929/repo/articles/inner-child-therapy/experiments/reviewer-loop-20260928/expectations/d3/draft.txt	312	6de1d94d485be5c1039191116d55177fce395ecdb4198ac23f92e70e9501acdd	remainder
/workspace/reverse-pilot-20260929/repo/articles/inner-child-therapy/experiments/reviewer-loop-20260928/expectations/writer_draft_prompt_template.txt	1760	662e105f87ae8ccb55a4351f982000902b4471bc8be2ea1b4646f52ce3a48ffd	remainder
/workspace/reverse-pilot-20260929/repo/articles/inner-child-therapy/experiments/reviewer-loop-20260928/joel_final_p1.txt	619	c0a453f98848b247ff944249292229731ba470106885d14627c02d598be24a73	remainder
/workspace/reverse-pilot-20260929/repo/articles/inner-child-therapy/experiments/reviewer-loop-20260928/old_installed_p1.txt	604	5f55fb5c658e30c005fa274e7126fe41ae290d177e30663d1267bc6f997234f2	remainder
/workspace/reverse-pilot-20260929/repo/articles/inner-child-therapy/experiments/reviewer-loop-20260928/r0/draft.txt	485	2c72f83e24920f43ad5147fcd9af925013d35d15d0d8643ca0657ed302702456	remainder
/workspace/reverse-pilot-20260929/repo/articles/inner-child-therapy/experiments/reviewer-loop-20260928/r0/review.txt	3691	e9d7a91e2b5859bd5e3ed368e97db184965185c85e996a23642901b018437bef	remainder
/workspace/reverse-pilot-20260929/repo/articles/inner-child-therapy/experiments/reviewer-loop-20260928/r0/tickets.txt	3406	8191a9a209ba805dee223aeca49feb6f4ea12f84611b156dee998cd648181517	remainder
/workspace/reverse-pilot-20260929/repo/articles/inner-child-therapy/experiments/reviewer-loop-20260928/r0/writer_out.txt	1361	6a927018215a51166a8750c2e4bd1c3aed4362aa9dbb499317548c3ea58a5701	remainder
/workspace/reverse-pilot-20260929/repo/articles/inner-child-therapy/experiments/reviewer-loop-20260928/r1/draft.txt	652	03e846f1d011cb802faa29c6d0109c7eee729e61124041f0fc7dbd65918eef7c	remainder
/workspace/reverse-pilot-20260929/repo/articles/inner-child-therapy/experiments/reviewer-loop-20260928/r1/review_a.txt	2382	5302c2ca63b300e115339940814e1046e011391bf7e4eda5b41f5374d71e7d82	remainder
/workspace/reverse-pilot-20260929/repo/articles/inner-child-therapy/experiments/reviewer-loop-20260928/r1/review_b.txt	2784	f8dfebde20c22dfc46b37c86f68c890359b10df15a56c131d0b4cccade2b5861	remainder
/workspace/reverse-pilot-20260929/repo/articles/inner-child-therapy/experiments/reviewer-loop-20260928/r1/tickets_a.txt	2130	6870a18428f2f812c52c0c6d03ab8a485e8126a9ee16877c2d9eecf377372be9	remainder
/workspace/reverse-pilot-20260929/repo/articles/inner-child-therapy/experiments/reviewer-loop-20260928/r1/tickets_b.txt	2535	91c8d5c9ad357e8b24ba80164c3091c017d73a4c216ec7f16a2c3762f67b10f3	remainder
/workspace/reverse-pilot-20260929/repo/articles/inner-child-therapy/experiments/reviewer-loop-20260928/r2a/draft.txt	640	789351a4fd4543464ef098ccfab19f09be515dcc1743e340dd53eafb1d62a201	remainder
/workspace/reverse-pilot-20260929/repo/articles/inner-child-therapy/experiments/reviewer-loop-20260928/r2a/review_1.txt	2196	d568429ed4452af0c099d1ba11d9ca5c33d34001cf08cd9227b8881bf1e861f4	remainder
/workspace/reverse-pilot-20260929/repo/articles/inner-child-therapy/experiments/reviewer-loop-20260928/r2a/review_2.txt	2293	c373c564bd87a9ee66e45968757f90a42b4b2ba345fc1ad28a97be3fbfe839ab	remainder
/workspace/reverse-pilot-20260929/repo/articles/inner-child-therapy/experiments/reviewer-loop-20260928/r2a/tickets_1.txt	1980	bbffef4e8d3b258b89197cacdc9fbe75bfa6fe2ca86b55ea667cc21561886364	remainder
/workspace/reverse-pilot-20260929/repo/articles/inner-child-therapy/experiments/reviewer-loop-20260928/r2a/tickets_2.txt	2274	64f513d161e18722ebafb18531e28d1af541916e65828dcd2aed0246d7b9951b	remainder
/workspace/reverse-pilot-20260929/repo/articles/inner-child-therapy/experiments/reviewer-loop-20260928/r2b/draft.txt	614	a3746f3c19c052c1f00fe3b7cdca0287c4c729485a807c72c0e0c173f2c7812d	remainder
/workspace/reverse-pilot-20260929/repo/articles/inner-child-therapy/experiments/reviewer-loop-20260928/r2b/review_1.txt	2866	46ef36edd6ce9872615106577d56a27f8cf2b61625be2d8750627c1cdfc18aa5	remainder
/workspace/reverse-pilot-20260929/repo/articles/inner-child-therapy/experiments/reviewer-loop-20260928/r2b/review_2.txt	2361	4e5b50a04e6e1447ae58760ad9358b06fcd61bd0ef6cef4fca8d3dbc5d7106da	remainder
/workspace/reverse-pilot-20260929/repo/articles/inner-child-therapy/experiments/reviewer-loop-20260928/r2b/tickets_1.txt	2542	c5fb8b4944352d3a2854ab1b6f3912e6adf7e7bcef4ba3ba3c28812d91b3a105	remainder
/workspace/reverse-pilot-20260929/repo/articles/inner-child-therapy/experiments/reviewer-loop-20260928/r2b/tickets_2.txt	2050	41f5033ffe7c6924bce118b6fdff5b835fb8264e5ec9b55234482dfffef67d42	remainder
/workspace/reverse-pilot-20260929/repo/articles/inner-child-therapy/experiments/reviewer-loop-20260928/r3A1/draft.txt	721	15aaa6bb6f4377e69c48f217c475bfb0b084d43d97c8fb3ec3060e5801dd59cc	remainder
/workspace/reverse-pilot-20260929/repo/articles/inner-child-therapy/experiments/reviewer-loop-20260928/r3A1/review_1.txt	516	a19f54c6f4eea5e30f7ae14e5b994085e20ec963987a60c894377193e5bd9463	remainder
/workspace/reverse-pilot-20260929/repo/articles/inner-child-therapy/experiments/reviewer-loop-20260928/r3A2/draft.txt	567	5d024745e6727b95aa48dbc551e83af4ff05e5da8f79764f1f9aec9518135f1a	remainder
/workspace/reverse-pilot-20260929/repo/articles/inner-child-therapy/experiments/reviewer-loop-20260928/r3A2/review_1.txt	3049	69cd9f6de5f684f4dea9ec7be973fcd42eeb93f172492515aad9b3ab7cf0ceea	remainder
/workspace/reverse-pilot-20260929/repo/articles/inner-child-therapy/experiments/reviewer-loop-20260928/r3A2/tickets_1.txt	2746	81105670e0a953a8419a5d904098e9411e6620d9f9061906bcbbc360849d1358	remainder
/workspace/reverse-pilot-20260929/repo/articles/inner-child-therapy/experiments/reviewer-loop-20260928/r3B1/draft.txt	712	3a99619c5d472fa82ada0bb38ddf006f246d90b22afb66f0bc9c9e0811c5dd4a	remainder
/workspace/reverse-pilot-20260929/repo/articles/inner-child-therapy/experiments/reviewer-loop-20260928/r3B1/review_1.txt	2249	df284a070024da46a14cea3c99f30d3450ce7f125bad107d2466d922ca49417c	remainder
/workspace/reverse-pilot-20260929/repo/articles/inner-child-therapy/experiments/reviewer-loop-20260928/r3B1/tickets_1.txt	1881	ccddb9f5f1df518b59035ab5cdc9e9a8cc75291e44737ed3af82d7738af81f49	remainder
/workspace/reverse-pilot-20260929/repo/articles/inner-child-therapy/experiments/reviewer-loop-20260928/r3B2/draft.txt	580	3623359fb9fe654991649a1e6fbc01983a621e6d8ad581fa2957d7f22a33cd82	remainder
/workspace/reverse-pilot-20260929/repo/articles/inner-child-therapy/experiments/reviewer-loop-20260928/r3B2/pangram.txt	81	686acfa25e0d138a02bf5a1d441b2bdb9f9afe0fbdfe4a08cf049ffddc35259a	remainder
/workspace/reverse-pilot-20260929/repo/articles/inner-child-therapy/experiments/reviewer-loop-20260928/r3B2/review_1.txt	740	a9dcc3ca357925b8f2f11510990cc05f86633dd66194cf62b8b242d39f3c2701	remainder
/workspace/reverse-pilot-20260929/repo/articles/inner-child-therapy/experiments/reviewer-loop-20260928/r3B2/review_2_confirm.txt	1002	acff880af392b625dfebb19c8830dbe546516cba245a54bec8c395435f0d0bb1	remainder
/workspace/reverse-pilot-20260929/repo/articles/inner-child-therapy/experiments/reviewer-loop-20260928/r3B2/sense_1.txt	1365	914072705be59bf17680b9d814ef1dac8c15bd076359433a0f85b0accaa18d21	remainder
/workspace/reverse-pilot-20260929/repo/articles/inner-child-therapy/experiments/reviewer-loop-20260928/r3B2/sensefix_1.txt	3886	2c06b2ebd4cc2050618a575e2214a6ce014b4863b027f5a912f055fdc05288c7	remainder
/workspace/reverse-pilot-20260929/repo/articles/inner-child-therapy/experiments/reviewer-loop-20260928/r3B2/sensefix_2.txt	2775	509bd205fc4623ec08c9dbb06235534bcbd0801c51925b7960dde7ca450765a4	remainder
/workspace/reverse-pilot-20260929/repo/articles/inner-child-therapy/experiments/reviewer-loop-20260928/r3B2/sensefix_tickets_1.txt	3449	3cb006a0ee6600e67c45516d76ec41044985d7a29817634db8f1112f5416ea57	remainder
/workspace/reverse-pilot-20260929/repo/articles/inner-child-therapy/experiments/reviewer-loop-20260928/r3B2/sensefix_tickets_2.txt	2468	129f3f16ff0ead907154cd90ff6bc7efd946df075db782b059421b1c5777a52b	remainder
/workspace/reverse-pilot-20260929/repo/articles/inner-child-therapy/experiments/reviewer-loop-20260928/r4sf1/draft.txt	645	9f33a9589ac852e131c6c4105ab8a79b25304897a9ce84cf4e8e42dac87e9f67	remainder
/workspace/reverse-pilot-20260929/repo/articles/inner-child-therapy/experiments/reviewer-loop-20260928/r4sf1/pangram.txt	82	c957c035549031528b905ff40bad8a21ae43fe280753da503bd2a009538effe6	remainder
/workspace/reverse-pilot-20260929/repo/articles/inner-child-therapy/experiments/reviewer-loop-20260928/r4sf1/reviews.txt	2564	7c801ddd1855a94cf91a72237c89736088670922c7afd4893ba8b3e0eb3c8d02	remainder
/workspace/reverse-pilot-20260929/repo/articles/inner-child-therapy/experiments/reviewer-loop-20260928/r4sf1/sense_1.txt	979	bfd0d64a00ea7defe9a1653bc398ff05fd1011c171f7ce6c1db79c0c0abf1f36	remainder
/workspace/reverse-pilot-20260929/repo/articles/inner-child-therapy/experiments/reviewer-loop-20260928/r4sf1/sensefix_reviews.txt	396	ccacc73877185a431e01c8124978decf7a2770cdff49111b22a585217b312a33	remainder
/workspace/reverse-pilot-20260929/repo/articles/inner-child-therapy/experiments/reviewer-loop-20260928/r4sf1/sensefix_tickets_1.txt	1391	0fc0dca192e6fbd6b7aa7fb87d437e96bcabef987c703e705885212106b3936a	remainder
/workspace/reverse-pilot-20260929/repo/articles/inner-child-therapy/experiments/reviewer-loop-20260928/r4sf1/sensefix_tickets_2.txt	1354	f4dc4a38aea5785102b459848e3498d8233f9fed8bf97ab794abfc9076d7782b	remainder
/workspace/reverse-pilot-20260929/repo/articles/inner-child-therapy/experiments/reviewer-loop-20260928/r4sf1/tickets_v1.txt	1915	66bd259a88b97cd68b0af2cace8dea5e948f01dabcaad5a3cdd5e40039d25e2b	remainder
/workspace/reverse-pilot-20260929/repo/articles/inner-child-therapy/experiments/reviewer-loop-20260928/r4sf1/tickets_v2.txt	1796	f2da1d60bbe8c783352614b5b8ec27f496336c4e543385dbce3f5241d3edbea9	remainder
/workspace/reverse-pilot-20260929/repo/articles/inner-child-therapy/experiments/reviewer-loop-20260928/r4sf2/draft.txt	679	c4bec799e640d8b45fd063f71feb82358990ae3ec485861a6d0616b8b75c62f8	remainder
/workspace/reverse-pilot-20260929/repo/articles/inner-child-therapy/experiments/reviewer-loop-20260928/r4sf2/review_and_sense.txt	801	ea253498fca2c7d5e06ea92c75c58f19d009a4555506730bc78f35021e6c869b	remainder
/workspace/reverse-pilot-20260929/repo/articles/inner-child-therapy/experiments/reviewer-loop-20260928/r5v1/draft.txt	632	84d737c4ff1bcb6fc07d0db5ab813d2cb0c37b8d673f56f39b6bbebfbea96e53	remainder
/workspace/reverse-pilot-20260929/repo/articles/inner-child-therapy/experiments/reviewer-loop-20260928/r5v1/review_and_sense.txt	1021	f1ab79d7332f037dca96a120e92f7c617f828f54aab9b1e2ac8a7bbfb5c363a2	remainder
/workspace/reverse-pilot-20260929/repo/articles/inner-child-therapy/experiments/reviewer-loop-20260928/r5v2/draft.txt	580	8c331276b52d7ef0825533151134b4483121d26e9a0483a45f61fabd237daf0c	remainder
/workspace/reverse-pilot-20260929/repo/articles/inner-child-therapy/experiments/reviewer-loop-20260928/r5v2/pangram.txt	81	d949f3faafaed82f83531795f2a26d4679f5650b9fcf50a97fe030d5b1725296	remainder
/workspace/reverse-pilot-20260929/repo/articles/inner-child-therapy/experiments/reviewer-loop-20260928/r5v2/review_and_sense.txt	979	6c7f9630be1c0e80995af715583856c0ae4926a9a5a0f9cdf28086fc7e40f7f2	remainder
/workspace/reverse-pilot-20260929/repo/articles/inner-child-therapy/experiments/reviewer-loop-20260928/r6a/draft.txt	663	73a7af3febc224b997d54c3e3ae27afe721e93b5ec72a31d1c9dfa0e37a1197f	remainder
/workspace/reverse-pilot-20260929/repo/articles/inner-child-therapy/experiments/reviewer-loop-20260928/r6a/review_and_sense.txt	1035	d201cc173f8cc536fbc8215cf6a4029f4e27a715f632fff2d2aa4a09c6e453d3	remainder
/workspace/reverse-pilot-20260929/repo/articles/inner-child-therapy/experiments/reviewer-loop-20260928/r6b/draft.txt	655	c416d094cca1e84a15526b7084e3150f0dbb603726e8899da2da917504175ab6	remainder
/workspace/reverse-pilot-20260929/repo/articles/inner-child-therapy/experiments/reviewer-loop-20260928/r6b/pangram.txt	175	967caca1624bbf0166d5e67383be3f696d659a34442867663e3f64ea8a2e3fe0	remainder
/workspace/reverse-pilot-20260929/repo/articles/inner-child-therapy/experiments/reviewer-loop-20260928/r6b/review_and_sense.txt	457	ad56f735f85e4173037fcdc3243c1d8fe39dea0160351d2a2c57f285a02e6984	remainder
/workspace/reverse-pilot-20260929/repo/articles/inner-child-therapy/experiments/reviewer-loop-20260928/r6b/section_as_tested.txt	1677	b8e5bba80b537c94de8bc37808f19e9a3e621010347a96c20c7051c42a568796	remainder
/workspace/reverse-pilot-20260929/repo/articles/inner-child-therapy/master.html	150330	372a43cb69b3f736ae2df4bcce1a627aa5a0318ec4ecf55ee7a2b4edafbf13bd	remainder
/workspace/reverse-pilot-20260929/repo/articles/inner-child-therapy/tools/HUMANIZATION-GATE.md	34194	15494d157de76cbfa56ec1648acc99a88b6bea83e0d1ffea507ae9cf77798e42	remainder
/workspace/reverse-pilot-20260929/repo/articles/inner-child-therapy/tools/JOEL-FIXES-CATALOGUE-20260928.md	14530	2a17371abd4d6bec9a000abb90c1f0f5037037a38a5e057d591072b471bf5422	remainder
/workspace/reverse-pilot-20260929/repo/articles/inner-child-therapy/tools/PREDICTIONS.md	22447	219ede4dfa4b4f375a0af006446c1811db9eab93557582ce9ec99276fc1f70c5	remainder
/workspace/reverse-pilot-20260929/repo/articles/inner-child-therapy/tools/REVIEWER-VALIDATION-20260928.md	8281	5aa0f07a888ac2ade6609bf2c6ffe4c89727963e72854c5259e275a434f3dc97	remainder
/workspace/reverse-pilot-20260929/repo/articles/inner-child-therapy/tools/TELL-CALIBRATION-20260927.md	6614	0851e3e097d87b3b01a15f295bc02f3d9cfa93f93b7ba377e22d0d8c87664d53	remainder
/workspace/reverse-pilot-20260929/repo/articles/inner-child-therapy/tools/build_sweep_prompt.py	3610	3b02d6769b6e2490f3d033cf23a170d5b8ee2e0cafb24ec809dce230caa5bbc1	remainder
/workspace/reverse-pilot-20260929/repo/articles/inner-child-therapy/tools/calibration/FAIL_apprentice_p1_r1.txt	378	5b3ac308c33c1bf468fa68f9091148987fd9fb8b7b1fc58d2d7d5cfd485b0434	remainder
/workspace/reverse-pilot-20260929/repo/articles/inner-child-therapy/tools/calibration/FAIL_apprentice_section_r1.txt	758	2800d868f7e1640ad9ad8b49bf3de9d6ca65196ba1b09b9bcd86cba163b405a2	remainder
/workspace/reverse-pilot-20260929/repo/articles/inner-child-therapy/tools/calibration/FAIL_apprentice_section_r2.txt	633	82de43a5537a6804b8466839b749e2922726138ac38ba25cbc307d6b525a04d2	remainder
/workspace/reverse-pilot-20260929/repo/articles/inner-child-therapy/tools/calibration/FAIL_apprentice_section_r3.txt	575	506a693c4afb9f8e1bad7a2a70a25b1697c30eec25c88d7e8192501e94a20f0f	remainder
/workspace/reverse-pilot-20260929/repo/articles/inner-child-therapy/tools/calibration/FAIL_borrow_one_with_enjoy_47pct.owner.txt	1894	36feb274394ada0eb94731ae3efc96ac2cb0af41d731212736d65f4eac2a998d	remainder
/workspace/reverse-pilot-20260929/repo/articles/inner-child-therapy/tools/calibration/FAIL_borrow_one_with_enjoy_47pct.txt	3203	d14fc4f35b62bca206d722e5b9c34de619aff81b36e89919c6dd623343e16f05	remainder
/workspace/reverse-pilot-20260929/repo/articles/inner-child-therapy/tools/calibration/FAIL_borrow_p5_r10.txt	457	99666bc1a05e510a2cde09cba5474f1b85fbec881cb9b23a8d16c3aff7d91b6b	remainder
/workspace/reverse-pilot-20260929/repo/articles/inner-child-therapy/tools/calibration/FAIL_borrow_p5_r10b.txt	444	1cdb5871a347f5bba1b38a34b7e9fd23cbdbb5d67af8c2f91eb262ad3ae7a16e	remainder
/workspace/reverse-pilot-20260929/repo/articles/inner-child-therapy/tools/calibration/FAIL_borrow_p6p7_pair_r12.txt	816	bf93e7ff4ed10a3fa816edbcbb664cf14d837fc8f5d443e9f57d7477121fc8f2	remainder
/workspace/reverse-pilot-20260929/repo/articles/inner-child-therapy/tools/calibration/FAIL_borrow_r1.txt	2163	05e673593785ac57ca76b6e6da07c1f1a53bfb4d6b519bb31d57b7ecd5955e92	remainder
/workspace/reverse-pilot-20260929/repo/articles/inner-child-therapy/tools/calibration/FAIL_borrow_r2.txt	1785	f895f7dd6fa8bba470bb2e1e236da44984cf7e65e051eb7f02f4f5394696a7bb	remainder
/workspace/reverse-pilot-20260929/repo/articles/inner-child-therapy/tools/calibration/FAIL_borrow_r3b.txt	1802	26d628045e1a0c7763260ff1da918993236a38465f161bd1b578786e909a472f	remainder
/workspace/reverse-pilot-20260929/repo/articles/inner-child-therapy/tools/calibration/FAIL_borrow_r4.txt	1889	98aac213ea059974e7af90f74e4640c7eb24be7d19ead53676bf96bb2f08ab86	remainder
/workspace/reverse-pilot-20260929/repo/articles/inner-child-therapy/tools/calibration/FAIL_borrow_r5.txt	1767	44c0b0e24ccaafe89177d34437423c83bea0f315ea31c73764387c852ae74823	remainder
/workspace/reverse-pilot-20260929/repo/articles/inner-child-therapy/tools/calibration/FAIL_borrow_r6.txt	2598	14803f4af9640e460dd7cfdc1b63fd0d91e9ef79f7fa1d37c075331d9cd1a65c	remainder
/workspace/reverse-pilot-20260929/repo/articles/inner-child-therapy/tools/calibration/FAIL_borrow_r8e.txt	3538	7ec41d1919ef9ce749d56885b1aef5804126b8c83eb198589f2c4567ba4cac96	remainder
/workspace/reverse-pilot-20260929/repo/articles/inner-child-therapy/tools/calibration/FAIL_borrow_section_r11.owner.txt	1649	bb5640a05ddac8c4d16bb46de3644a34e9d9d2dc0d59df9a29ed2ebc799e3adc	remainder
/workspace/reverse-pilot-20260929/repo/articles/inner-child-therapy/tools/calibration/FAIL_borrow_section_r11.txt	2920	b64585774312a151d6577956a351116b092e52a167a53776e1289129e35abee4	remainder
/workspace/reverse-pilot-20260929/repo/articles/inner-child-therapy/tools/calibration/FAIL_borrow_section_r13.owner.txt	1894	36feb274394ada0eb94731ae3efc96ac2cb0af41d731212736d65f4eac2a998d	remainder
/workspace/reverse-pilot-20260929/repo/articles/inner-child-therapy/tools/calibration/FAIL_borrow_section_r13.txt	2931	03b6efbdf49092241470a80ba7fa1dcef50ed65b988ff5ee291dfd9aee1fd652	remainder
/workspace/reverse-pilot-20260929/repo/articles/inner-child-therapy/tools/calibration/FAIL_ce_guide_r1_44pct.txt	540	9431a9063909cbb67ea0f71cc4f8113449a2f7e368afc27785406c2a23380998	remainder
/workspace/reverse-pilot-20260929/repo/articles/inner-child-therapy/tools/calibration/FAIL_ce_jobs_r1b_definitions.txt	585	7ce6127056a7871809c631831182e71e9088a18ad057f6cbf371f1fc01a29146	remainder
/workspace/reverse-pilot-20260929/repo/articles/inner-child-therapy/tools/calibration/FAIL_fix_outward_p1_r1.txt	556	b9dea140904849eea01ac9ef47de1dfb5915a8bce1c8b3c47798b375b8a44bf7	remainder
/workspace/reverse-pilot-20260929/repo/articles/inner-child-therapy/tools/calibration/FAIL_love_goodwill_h3_r3.txt	626	1cb4e9b53ef6e2364fe0844d42eb17a7e49ef621480a1dca0e644bac0f2026b6	remainder
/workspace/reverse-pilot-20260929/repo/articles/inner-child-therapy/tools/calibration/FAIL_love_h2_r1.owner.txt	771	343d68a57205a7303fac7c16af7f47ac3737951c5f1cad90cda70eb38ca6fbe4	remainder
/workspace/reverse-pilot-20260929/repo/articles/inner-child-therapy/tools/calibration/FAIL_love_h2_r1.txt	1858	2633ba471938877aec51d18d804cc870507ae66a70cacee391758310896f8527	remainder
/workspace/reverse-pilot-20260929/repo/articles/inner-child-therapy/tools/calibration/FAIL_love_h2_r2.owner.txt	771	343d68a57205a7303fac7c16af7f47ac3737951c5f1cad90cda70eb38ca6fbe4	remainder
/workspace/reverse-pilot-20260929/repo/articles/inner-child-therapy/tools/calibration/FAIL_love_h2_r2.txt	1821	8617ceacfe2f20a4a60497e119c656556b0c8c7bac116151f86a0c69bbac693d	remainder
/workspace/reverse-pilot-20260929/repo/articles/inner-child-therapy/tools/calibration/FAIL_love_spirit_p1_r1.txt	379	debe6c6b00b92aef5cdad30f4155c8a18d7992a6894b0b4d4cefd5dfa152a2a2	remainder
/workspace/reverse-pilot-20260929/repo/articles/inner-child-therapy/tools/calibration/FAIL_love_spirit_p1_r2.txt	368	25e59577b6f14f616c70cc7bd15c3c4403a39c704a43e5674adf3880bcd30c57	remainder
/workspace/reverse-pilot-20260929/repo/articles/inner-child-therapy/tools/calibration/FAIL_mpv_h1_only_joel_p1_s2j_18pct.txt	1272	d4d7ffe3855220ca4d278b9b1748f656e60441d28b351310f906d442872ed492	remainder
/workspace/reverse-pilot-20260929/repo/articles/inner-child-therapy/tools/calibration/FAIL_mpv_h1h2_guide_joel_p1_s2j.txt	1300	e67724ed2207e74d72a4163e392fc53449077e3d5b90059ca5da04de80707288	remainder
/workspace/reverse-pilot-20260929/repo/articles/inner-child-therapy/tools/calibration/FAIL_mpv_h2_guide_plus_joel_p1.txt	647	33d27f52583ed6b8a4687a3ee1c98403d32b0fbf232b39cdce5f65a3bf49ea5b	remainder
/workspace/reverse-pilot-20260929/repo/articles/inner-child-therapy/tools/calibration/FAIL_mpv_h2_only_joel_p1_s2j_41pct.txt	1263	51b42509c0562db153c765c458f5774ccae838526f61a77eaf76f67e92b96fbd	remainder
/workspace/reverse-pilot-20260929/repo/articles/inner-child-therapy/tools/calibration/FAIL_mpv_joel_p1_plus_s2c_37pct.txt	1109	edc8bfb19126e914772ec74b11f8cca5c5b1d3fbe2e8bf188b92e3f217995022	remainder
/workspace/reverse-pilot-20260929/repo/articles/inner-child-therapy/tools/calibration/FAIL_mpv_joel_p1_plus_s2d.txt	1219	df6da92f370617c91eeb7f8b8271e5389db2aed574cc5d61e88b375673ee2de9	remainder
/workspace/reverse-pilot-20260929/repo/articles/inner-child-therapy/tools/calibration/FAIL_mpv_joel_p1_plus_s2e.txt	1179	aa3b217d7b22a5fd0e7ab9c27942f516b734d2d5e7a2dfee6825be8a07669011	remainder
/workspace/reverse-pilot-20260929/repo/articles/inner-child-therapy/tools/calibration/FAIL_mpv_joel_p1_plus_s2f.txt	1107	5d991c44fe0ad4db42feb386e6b3b6628603803b688249a811fdc7f7154d623e	remainder
/workspace/reverse-pilot-20260929/repo/articles/inner-child-therapy/tools/calibration/FAIL_mpv_joel_p1_plus_s2g_24pct.txt	1189	c1f0d87f70b787003f1b495b896c792d4c25b43f6bbaad30610945494b55fa67	remainder
/workspace/reverse-pilot-20260929/repo/articles/inner-child-therapy/tools/calibration/FAIL_mpv_joel_p1_plus_s2i_67pct.txt	1177	6d3446eb4ef1ad1992680f6e5aefea429e447a565250ca29b7b32e90a09ac0ce	remainder
/workspace/reverse-pilot-20260929/repo/articles/inner-child-therapy/tools/calibration/FAIL_mpv_p1_joel_minor_ai_med.owner.txt	188	d052d4c8383b8679cca060cef40b58709c9240d783954b43848aa7f4a04d966f	remainder
/workspace/reverse-pilot-20260929/repo/articles/inner-child-therapy/tools/calibration/FAIL_mpv_p1_joel_minor_ai_med.txt	557	d83568a04d486ae992603c0620aa32cb643ae4b815d8a4bf7f0e6e42c57ba104	remainder
/workspace/reverse-pilot-20260929/repo/articles/inner-child-therapy/tools/calibration/FAIL_mpv_p1_s1n2_mine.txt	495	06b3920a4717dc20a40e1b681a7f708ddc0b3d2cc1f1bd6882790194ddca0819	remainder
/workspace/reverse-pilot-20260929/repo/articles/inner-child-therapy/tools/calibration/FAIL_mpv_twoam_plus_joel_p1.txt	878	ba1c20d23f5433a07d3d83b5b0c8f5b2acc36a9329ea286a37ffa9d34d8e6074	remainder
/workspace/reverse-pilot-20260929/repo/articles/inner-child-therapy/tools/calibration/FAIL_music_r2_mine.txt	406	a6fb94cc7572584f857d9040ac2a39794f524c106e5e9e3b7f0f6f8f31d50f64	remainder
/workspace/reverse-pilot-20260929/repo/articles/inner-child-therapy/tools/calibration/FAIL_outward_p1_accepted_20260918.txt	555	496165447df811cd17e6bc24e67a05ce0420a789de14b932830a22eb6c9b2fdb	remainder
/workspace/reverse-pilot-20260929/repo/articles/inner-child-therapy/tools/calibration/FAIL_outward_p1_r7_short_remark.txt	419	cb384088384a663d742cc710697d347b4a71713cb21d4bd802a7eb84eff2a8c9	remainder
/workspace/reverse-pilot-20260929/repo/articles/inner-child-therapy/tools/calibration/FAIL_outward_p1_rewrite_r1.txt	509	ef2d82aa95b8f20909dae8d752e02f88261ddb4f1673c25c5363723a5499a761	remainder
/workspace/reverse-pilot-20260929/repo/articles/inner-child-therapy/tools/calibration/FAIL_outward_p1a_r2_sense_first.txt	485	2c72f83e24920f43ad5147fcd9af925013d35d15d0d8643ca0657ed302702456	remainder
/workspace/reverse-pilot-20260929/repo/articles/inner-child-therapy/tools/calibration/FAIL_outward_p1a_r5_dinner_scene.txt	628	d457800211e507b3ac36f648caca93b1e9da84fab429f2c43b400616a98197ce	remainder
/workspace/reverse-pilot-20260929/repo/articles/inner-child-therapy/tools/calibration/FAIL_outward_section_r2_57pct.txt	1723	f70058bea5176cfa4411130a572b87efaa7008ff513561b95106dfb84c2f9c17	remainder
/workspace/reverse-pilot-20260929/repo/articles/inner-child-therapy/tools/calibration/FAIL_threefn_newp1_r1.txt	518	3aa63823ce92155d45357a0a9436c1249b57b2dcba7b7757992c411d3b7f897a	remainder
/workspace/reverse-pilot-20260929/repo/articles/inner-child-therapy/tools/calibration/FAIL_threefn_newp1_r2.txt	358	b18840ca93c46180ebb2e1d5804a7617752db4295f531d6b38ddbb57b77dc102	remainder
/workspace/reverse-pilot-20260929/repo/articles/inner-child-therapy/tools/calibration/FAIL_threefn_p1_r1b.txt	677	1bb9f1af9674c13586bef3f45e10b366470cea02c2f79fb33c66834e1b53168c	remainder
/workspace/reverse-pilot-20260929/repo/articles/inner-child-therapy/tools/calibration/FAIL_threefn_p1_r2.txt	345	66c8e8de5acd3fd56b77b87384c923748b244b534c15cdff8e5d724347520fde	remainder
/workspace/reverse-pilot-20260929/repo/articles/inner-child-therapy/tools/calibration/FAIL_threefn_p1_r3b.txt	386	f730ced1f11795e9f30aa4464e2701fbaabd2b8e367dc7be22fc8fda4c359314	remainder
/workspace/reverse-pilot-20260929/repo/articles/inner-child-therapy/tools/calibration/FAIL_threefn_p5_r1.txt	324	7b185f8332ecbbca9e2110e0a116940041b44aa80767eb08c82c23c2fbf56d7e	remainder
/workspace/reverse-pilot-20260929/repo/articles/inner-child-therapy/tools/calibration/FAIL_threefn_p5_r2c.txt	329	f2f86123789a7ac1304ff7a90d49a05001eea3a84b0d830f281098f0ffd9804c	remainder
/workspace/reverse-pilot-20260929/repo/articles/inner-child-therapy/tools/calibration/JUDGE-BLIND-HUMAN-OR-AI-20260928.json	3284	eca65d02994c12f69ec6b4d36dafe806fa8528aa8981324fa37876ea28994874	remainder
/workspace/reverse-pilot-20260929/repo/articles/inner-child-therapy/tools/calibration/PASS_apprentice_p1_r2.txt	371	d9d35767b2c9cdc88e22cc1b042302a37f36111fdb38da93868c971817d95241	remainder
/workspace/reverse-pilot-20260929/repo/articles/inner-child-therapy/tools/calibration/PASS_borrow_guide_r8e.txt	421	af46d9e4d58a8ec8f0202168df46040ddb1b48c3091dc8645a05caa4994f84d3	remainder
/workspace/reverse-pilot-20260929/repo/articles/inner-child-therapy/tools/calibration/PASS_borrow_p3_joel_fix.txt	338	977f2821a2d25cf684a3ab7d817bc98e7779f0ecc972b83039814e02f3abc585	remainder
/workspace/reverse-pilot-20260929/repo/articles/inner-child-therapy/tools/calibration/PASS_borrow_p4_r10.txt	417	2c9f3abf79122e8f47651ccfe2500ffc67a9e993dc48d23e05ae779e56be8c40	remainder
/workspace/reverse-pilot-20260929/repo/articles/inner-child-therapy/tools/calibration/PASS_borrow_p5_joel_fix.txt	584	f60bad3d4bd37f26ea7678414e47a34672e5ee95020d7e0666c3153f50d6e626	remainder
/workspace/reverse-pilot-20260929/repo/articles/inner-child-therapy/tools/calibration/PASS_borrow_p7_r11.txt	394	24e5beefa7b84398d92bfb0000e07bd2ce0c51808f1c06ffd94dc981989b0e43	remainder
/workspace/reverse-pilot-20260929/repo/articles/inner-child-therapy/tools/calibration/PASS_borrow_section_r14b.owner.txt	1894	36feb274394ada0eb94731ae3efc96ac2cb0af41d731212736d65f4eac2a998d	remainder
/workspace/reverse-pilot-20260929/repo/articles/inner-child-therapy/tools/calibration/PASS_borrow_section_r14b.txt	2917	ab9543e2c329da561e7241d2b73ec2981021e74d4262e9a0929da6f7532c1810	remainder
/workspace/reverse-pilot-20260929/repo/articles/inner-child-therapy/tools/calibration/PASS_ce_guide_alone_r2.owner.txt	238	3da9d87b39e5b705f3495a0e4e47a43a3694d210d911be3b6e143e669f2b451c	remainder
/workspace/reverse-pilot-20260929/repo/articles/inner-child-therapy/tools/calibration/PASS_ce_guide_alone_r2.txt	430	f2b34ca2112de616d688107e68272cfdbe90b2b8bc123844aff41859a4fef533	remainder
/workspace/reverse-pilot-20260929/repo/articles/inner-child-therapy/tools/calibration/PASS_ce_guide_r2_joel_words.txt	543	b600894983c648b67834e8d3a65a8f98bf5ec86b8dbbe463611f620f8ebb0c67	remainder
/workspace/reverse-pilot-20260929/repo/articles/inner-child-therapy/tools/calibration/PASS_ce_jobs_r2_scene.txt	313	30d85aecc2c379984175cc4549c9cd9591263c2a2766075fa96f4c32b7f22a71	remainder
/workspace/reverse-pilot-20260929/repo/articles/inner-child-therapy/tools/calibration/PASS_ce_jobs_r3_joel_guide.owner.txt	130	193100710fc912378a163f7e2cc8d2595bd558474172d1ad2ab62d3bca56c087	remainder
/workspace/reverse-pilot-20260929/repo/articles/inner-child-therapy/tools/calibration/PASS_ce_jobs_r3_joel_guide.txt	443	0a8e120facb3499c307af51e9eaeec22817baa9eb0000c0a0a929ab284e9ce49	remainder
/workspace/reverse-pilot-20260929/repo/articles/inner-child-therapy/tools/calibration/PASS_ce_p2_worth_line.owner.txt	339	517158251a11ffce9e3fb6371a31e6a54409fcfdaed35f6fae40aae6cec23b2f	remainder
/workspace/reverse-pilot-20260929/repo/articles/inner-child-therapy/tools/calibration/PASS_ce_p2_worth_line.txt	408	e7f217437844b3f5c1e54a94c3a89970b918132de6f03244cf7d2b9256e3237c	remainder
/workspace/reverse-pilot-20260929/repo/articles/inner-child-therapy/tools/calibration/PASS_dangerous_h2.txt	2578	1f6d33d2cba3da99f9ef41e6e1704e9c559cf89d076d84ae208206418c232f1b	remainder
/workspace/reverse-pilot-20260929/repo/articles/inner-child-therapy/tools/calibration/PASS_fix_ask_p1.txt	374	0c5a451e1f0be347dbdeaff5be05e4bfada6a965f694a6fab91ae7c67ac73984	remainder
/workspace/reverse-pilot-20260929/repo/articles/inner-child-therapy/tools/calibration/PASS_fix_hook_p1.txt	554	ec7bcaf4fd48e5e3afdcb151fc521ccd3db34346da0aaf6f7f5d959cb37dd38d	remainder
/workspace/reverse-pilot-20260929/repo/articles/inner-child-therapy/tools/calibration/PASS_love_askgod_p1.txt	300	8b82bdfcad56e42226dd6451bb180a96378d25833bd6688e17a1a07141d7f440	remainder
/workspace/reverse-pilot-20260929/repo/articles/inner-child-therapy/tools/calibration/PASS_love_askgod_p2.txt	309	4f20dbc6ca722ee33635b95ded3425a59cac2702cf6fba96b6d820d3c3422f72	remainder
/workspace/reverse-pilot-20260929/repo/articles/inner-child-therapy/tools/calibration/PASS_love_goodwill_p1_r1_fidelity_rejected.txt	446	5d920aa9eb8c18418cc473ae170c7dd45e2bd5fd7462322b3fa8a9eba5dc4c21	remainder
/workspace/reverse-pilot-20260929/repo/articles/inner-child-therapy/tools/calibration/PASS_love_goodwill_p1_r2.txt	411	4720f7322ecada6a4f06c4d440e8e0bd0e9f9eed72cd16ac2aa3248f8346fd92	remainder
/workspace/reverse-pilot-20260929/repo/articles/inner-child-therapy/tools/calibration/PASS_love_h2_r3.owner.txt	771	343d68a57205a7303fac7c16af7f47ac3737951c5f1cad90cda70eb38ca6fbe4	remainder
/workspace/reverse-pilot-20260929/repo/articles/inner-child-therapy/tools/calibration/PASS_love_h2_r3.txt	1783	9ca6e4a3a54411ad10e8980f250394d99ba3a1e1330a9df0f055f87753bce4d0	remainder
/workspace/reverse-pilot-20260929/repo/articles/inner-child-therapy/tools/calibration/PASS_love_p2_r3.txt	465	0610c0e66a025bd19fea1d73cd13197b1818d0cb2e492607d464ed3db35fd49c	remainder
/workspace/reverse-pilot-20260929/repo/articles/inner-child-therapy/tools/calibration/PASS_love_section_r1.owner.txt	1709	1709b8a22bd0e7a71befcfdfd83d77054060e5f969ec05323b4910d61d8122e6	remainder
/workspace/reverse-pilot-20260929/repo/articles/inner-child-therapy/tools/calibration/PASS_love_section_r1.txt	3618	9fdce34c806e27156bd366ddfc1f8f2726db32ae1fd0d4246b8abbaa0be66a55	remainder
/workspace/reverse-pilot-20260929/repo/articles/inner-child-therapy/tools/calibration/PASS_love_section_r2_with_enjoy.owner.txt	1709	1709b8a22bd0e7a71befcfdfd83d77054060e5f969ec05323b4910d61d8122e6	remainder
/workspace/reverse-pilot-20260929/repo/articles/inner-child-therapy/tools/calibration/PASS_love_section_r2_with_enjoy.txt	3904	841bfe89b776af6fab27a824823ceaf23c87cef4597eee509b08197e430e95da	remainder
/workspace/reverse-pilot-20260929/repo/articles/inner-child-therapy/tools/calibration/PASS_mpv_ctx_keepyourword_joel_p1_s2j.txt	1666	09122b482c5d053f2aa473ee86bba54367ecb5d3e8f34acf91852f4192a4e8fa	remainder
/workspace/reverse-pilot-20260929/repo/articles/inner-child-therapy/tools/calibration/PASS_mpv_h1_keepyourword_joel_p1_s2j.txt	1288	bdf96be8a1db855e50c28f6fb252c83ce5cacd745a0efaf376677363b4a2bcd4	remainder
/workspace/reverse-pilot-20260929/repo/articles/inner-child-therapy/tools/calibration/PASS_mpv_joel_p1_plus_s2h.txt	1187	59309ba35df739c24bc51959fd2b7b2671d7d383c444a0713c7219721a5edf1f	remainder
/workspace/reverse-pilot-20260929/repo/articles/inner-child-therapy/tools/calibration/PASS_mpv_joel_p1_plus_s2j.txt	1235	69460b4c58d9157f0a87acf3e3d3a6a30aecdbca88e3f5a403f85ce2f1f82c76	remainder
/workspace/reverse-pilot-20260929/repo/articles/inner-child-therapy/tools/calibration/PASS_mpv_p1_joel_boundary_fix.owner.txt	329	5e869c4ca53daa35ddefc7cb3c309535f564adfc9e974e52d1a6c6013b177547	remainder
/workspace/reverse-pilot-20260929/repo/articles/inner-child-therapy/tools/calibration/PASS_mpv_p1_joel_boundary_fix.txt	619	bbe656b5a883fca5451b690dfb3de44f7270772f1c34212a48b9370224d7ff89	remainder
/workspace/reverse-pilot-20260929/repo/articles/inner-child-therapy/tools/calibration/PASS_mpv_s2b_alone.txt	545	7814b62a2ee1851bea12ba7c421978204a80f1bbc16b91f87329421c4431c86c	remainder
/workspace/reverse-pilot-20260929/repo/articles/inner-child-therapy/tools/calibration/PASS_mpv_s2c_alone.txt	489	22bc83c8b8faac8c6f37efb95e1a4232637104d9ed204cf7cdf3f95ba603b39a	remainder
/workspace/reverse-pilot-20260929/repo/articles/inner-child-therapy/tools/calibration/PASS_mpv_s2h_alone.txt	567	c5877422514ab27a38a67863bfdbe178b41c87f5c6d72e2729e087de28e77924	remainder
/workspace/reverse-pilot-20260929/repo/articles/inner-child-therapy/tools/calibration/PASS_mpv_s2j_alone.txt	615	3b5e26fec8041339975b37fd112107cdabe419a53febc0301cb5c104404388b7	remainder
/workspace/reverse-pilot-20260929/repo/articles/inner-child-therapy/tools/calibration/PASS_music_r4.txt	1102	fa97744cb550c5400352aab98cc0255b78539908d50f5a702835e11ee1136fe0	remainder
/workspace/reverse-pilot-20260929/repo/articles/inner-child-therapy/tools/calibration/PASS_music_r4_mine.txt	339	faaa94ff15cd245a4b4dc19eac7bfee1bcdfe80654347d38667f68eb22bb9e3a	remainder
/workspace/reverse-pilot-20260929/repo/articles/inner-child-therapy/tools/calibration/PASS_noticing.txt	804	c3aede43745e792ec1f2a5b62e00d8139907d22b4263398aa64b2e2181996c09	remainder
/workspace/reverse-pilot-20260929/repo/articles/inner-child-therapy/tools/calibration/PASS_outward_expectations_d2.txt	326	9f2d3452cb93a3b10ccc3b8e6f7742fe970e089a2c15d968afea562370202b87	remainder
/workspace/reverse-pilot-20260929/repo/articles/inner-child-therapy/tools/calibration/PASS_outward_expectations_d3.txt	312	6de1d94d485be5c1039191116d55177fce395ecdb4198ac23f92e70e9501acdd	remainder
/workspace/reverse-pilot-20260929/repo/articles/inner-child-therapy/tools/calibration/PASS_outward_p1_joel_final.txt	619	c0a453f98848b247ff944249292229731ba470106885d14627c02d598be24a73	remainder
/workspace/reverse-pilot-20260929/repo/articles/inner-child-therapy/tools/calibration/PASS_outward_p1_loop_r3B2.txt	580	3623359fb9fe654991649a1e6fbc01983a621e6d8ad581fa2957d7f22a33cd82	remainder
/workspace/reverse-pilot-20260929/repo/articles/inner-child-therapy/tools/calibration/PASS_outward_p1_loop_r4sf1.txt	645	9f33a9589ac852e131c6c4105ab8a79b25304897a9ce84cf4e8e42dac87e9f67	remainder
/workspace/reverse-pilot-20260929/repo/articles/inner-child-therapy/tools/calibration/PASS_outward_p1_loop_r5v2.txt	580	8c331276b52d7ef0825533151134b4483121d26e9a0483a45f61fabd237daf0c	remainder
/workspace/reverse-pilot-20260929/repo/articles/inner-child-therapy/tools/calibration/PASS_outward_p1_loop_r6b.txt	655	c416d094cca1e84a15526b7084e3150f0dbb603726e8899da2da917504175ab6	remainder
/workspace/reverse-pilot-20260929/repo/articles/inner-child-therapy/tools/calibration/PASS_outward_section_joel_p1_d2.txt	1968	f1ba5b037750780d6280e31ff1368c9d9daeb6ee7cb8dc6b3bfe0e8a6d04c9d2	remainder
/workspace/reverse-pilot-20260929/repo/articles/inner-child-therapy/tools/calibration/PASS_outward_section_loop_r6b.owner.txt	524	68d0a15db6c563ac2927fa4bee0b5235a40dfed93fc6bbb9b698d15689d64af3	remainder
/workspace/reverse-pilot-20260929/repo/articles/inner-child-therapy/tools/calibration/PASS_outward_section_loop_r6b.txt	1677	b8e5bba80b537c94de8bc37808f19e9a3e621010347a96c20c7051c42a568796	remainder
/workspace/reverse-pilot-20260929/repo/articles/inner-child-therapy/tools/calibration/PASS_regulation.txt	963	5980dc3483b1e03ac1ec02220cc155d5fdc2af9d69cd3486c2f9522f2310b057	remainder
/workspace/reverse-pilot-20260929/repo/articles/inner-child-therapy/tools/calibration/PASS_threefn_h_p1_p4.owner.txt	101	2383c0b0d8e00c6a813f533ab5627393cc26ae0c2a9fcf6d1a607ba3f9800f69	remainder
/workspace/reverse-pilot-20260929/repo/articles/inner-child-therapy/tools/calibration/PASS_threefn_h_p1_p4.txt	1388	66026514c7008d1f7fb37a508dad6fda8d7d1a7e98315bb66a4107998966ceeb	remainder
/workspace/reverse-pilot-20260929/repo/articles/inner-child-therapy/tools/calibration/PASS_threefn_p1_cut.txt	280	d12b0c0dc99c8e31f9e596abe69c5ad7671ae18ee18b34173094f7192b85e756	remainder
/workspace/reverse-pilot-20260929/repo/articles/inner-child-therapy/tools/calibration/PASS_threefn_p1_joel_fix.owner.txt	101	2383c0b0d8e00c6a813f533ab5627393cc26ae0c2a9fcf6d1a607ba3f9800f69	remainder
/workspace/reverse-pilot-20260929/repo/articles/inner-child-therapy/tools/calibration/PASS_threefn_p1_joel_fix.txt	381	573e4a288ad9a877a3113a243a1bcc00adda79704928964fa1edba3084c7254d	remainder
/workspace/reverse-pilot-20260929/repo/articles/inner-child-therapy/tools/calibration/PASS_threefn_p2_r1.txt	434	3725c4209187f9e67fa3efc96a7f2c844fc787742bb063273bba8a55f398767e	remainder
/workspace/reverse-pilot-20260929/repo/articles/inner-child-therapy/tools/calibration/PASS_threefn_p3_r1b.txt	285	5f6c0fed9213664f531662ba69c0c358032a0fd9b93c1f2e26753e26d5d86582	remainder
/workspace/reverse-pilot-20260929/repo/articles/inner-child-therapy/tools/calibration/PASS_threefn_p4_r1.txt	258	1bf1be4bc4c4cbdad3fe701f93c99a44aad988beda8cef29da1e1f1dcf47c728	remainder
/workspace/reverse-pilot-20260929/repo/articles/inner-child-therapy/tools/calibration/PASS_tyler_p4_r1.txt	437	d68b49a1d2f1b69994dfb42100699958719e2ddd2e3cee778f241fd1a465ed46	remainder
/workspace/reverse-pilot-20260929/repo/articles/inner-child-therapy/tools/calibration/PASS_tyler_p5_r1.owner.txt	116	5696c5a81cfe01a4bbc9466853ca81e02a9ab9f1209946da891f05fa5746caf1	remainder
/workspace/reverse-pilot-20260929/repo/articles/inner-child-therapy/tools/calibration/PASS_tyler_p5_r1.txt	605	5fd6805aa4b9fe609ee14cf05568cf86e0fefab67a1f2028067babd21d198f5b	remainder
/workspace/reverse-pilot-20260929/repo/articles/inner-child-therapy/tools/calibration/PASS_tyler_writeit_section_r1.txt	2491	7be10191a218f5fd2aebe91ff2b7631d4610c1cd9f4163dba8cf68a533ff989b	remainder
/workspace/reverse-pilot-20260929/repo/articles/inner-child-therapy/tools/calibration/REVIEWER-VALIDATION-20260928.json	53301	c78fed632a93fe194605115fbecba922e246e6f3e1644c0eea252001716e4fe3	remainder
/workspace/reverse-pilot-20260929/repo/articles/inner-child-therapy/tools/calibration/SOURCE-BORROW-ONE-FUNCTION.txt	2300	051cd00bb70d693670d0fa46ccbb2a89f414b4ba4d5ed42a66d4fe0f18896730	remainder
/workspace/reverse-pilot-20260929/repo/articles/inner-child-therapy/tools/calibration/SOURCE-MUSIC-INSERT.txt	1434	38c38f35d3bf86070b554a4914423fd7f0be10dcdbc5fa5756f4767b8a11a598	remainder
/workspace/reverse-pilot-20260929/repo/articles/inner-child-therapy/tools/calibration/TELL-AUDIT-BLIND-20260927.json	5278	0ec298b6cb779a320cd85fdd7e3c6687d121d1057f675519ef024ac5989d10f2	remainder
/workspace/reverse-pilot-20260929/repo/articles/inner-child-therapy/tools/check_owner_edits.py	5394	69a360ccea3cc4eb6d151bbf39956422a9cefab95962a0d9aa9af18ba9802fe5	remainder
/workspace/reverse-pilot-20260929/repo/articles/inner-child-therapy/tools/pangram_batch_gen.py	2143	7abd3a944e243c2f77320036f399a5c1fd9afda34733209505ac8219d6d2fc2a	remainder
/workspace/reverse-pilot-20260929/repo/articles/inner-child-therapy/tools/render_article_so_far.py	3843	daadbefefcd522cc0c402c633955b4f5dc2c83697f77862829c6d87610e5e5a5	remainder
/workspace/reverse-pilot-20260929/repo/articles/inner-child-therapy/tools/reviewer/.gitignore	7	a7d8bdcefba82a95ebc021d87c629fdea21f13af953bf01e28b7cf8b0eeceb41	remainder
/workspace/reverse-pilot-20260929/repo/articles/inner-child-therapy/tools/reviewer/README.md	5263	d805e3e7d63b7ccd4ad9c817fa2ae1f5d96b7c8883cd083f3bc628cbc13e7dde	remainder
/workspace/reverse-pilot-20260929/repo/articles/inner-child-therapy/tools/reviewer/human_items.manifest.json	7021	97928a9ae8d47a75ba54d50f3a57d4bb6fd58e5545833624912ea52dbde5f362	remainder
/workspace/reverse-pilot-20260929/repo/articles/inner-child-therapy/tools/reviewer/output_verdicts.txt	820	164ed94e7c664d18aedf9517a01c204f4b586bfddaeec8774e7bca0dfa546e48	remainder
/workspace/reverse-pilot-20260929/repo/articles/inner-child-therapy/tools/reviewer/owner_bans.txt	1229	cd14e496ea00ef030283bbdf055bdd1a9811aaf7aea34c4f1470d25957f94417	remainder
/workspace/reverse-pilot-20260929/repo/articles/inner-child-therapy/tools/reviewer/reviewer.py	20186	e0937440a6399994596e3da3d51f14d7b94f8365e3e41c21c7b78c895480016e	remainder
/workspace/reverse-pilot-20260929/repo/articles/inner-child-therapy/tools/reviewer/rubric.txt	3140	44764cd9a1efe2ede1f58fcb9f8f90badc585220f6823c0ea6b011b85420b6a1	remainder
/workspace/reverse-pilot-20260929/repo/articles/inner-child-therapy/tools/reviewer/sense.txt	1177	cfc2c29323ad3b540cdadd6d61a7bddf341fbedcf88472f0e7cf266569fd8b7f	remainder
/workspace/reverse-pilot-20260929/repo/articles/inner-child-therapy/tools/reviewer/targets/also-look-outward-expectations.json	1928	d937e75647d29c6506633528d8d3b1068865d030047a57c9e54dfd50157516f1	remainder
/workspace/reverse-pilot-20260929/repo/articles/inner-child-therapy/tools/reviewer/targets/also-look-outward-p1.json	1899	fdf3737ad33ecd2761ca87b9d08af34d20eed3b4eb62a8b5d68e49ad34ef1d89	remainder
/workspace/reverse-pilot-20260929/repo/articles/inner-child-therapy/tools/reviewer/targets/make-the-protector-visible-review.json	1999	81eee6093622b026de30a1af75d76c1514bc76d52c854a92cb33922b1ed92690	remainder
/workspace/reverse-pilot-20260929/repo/articles/inner-child-therapy/tools/reviewer/targets/make-the-protector-visible.json	4005	801954fbf16d856e212c2debc3511d902edba24bcf7f5f6e11bf65d669163893	remainder
/workspace/reverse-pilot-20260929/repo/articles/inner-child-therapy/tools/reviewer/tickets.txt	3976	6443ee566b9a7fc7a67f2f2d11330cfa798b0b96617ceaadc6d2c139fa550383	remainder
/workspace/reverse-pilot-20260929/repo/articles/inner-child-therapy/tools/reviewer/writer.txt	3071	91cf5236bdbc5d7602f07e89cff0a31c1bf91995a2f7c2be6bf3b7d546c3fc5b	remainder
/workspace/reverse-pilot-20260929/repo/articles/inner-child-therapy/tools/reviewer/writer_draft.txt	2990	f04509d62791b6806eef6317c198b6c3450d441c6f4ff71efc0f0feff4a762ae	remainder
/workspace/reverse-pilot-20260929/repo/articles/inner-child-therapy/tools/reviewer/writer_section.txt	2269	4eefc7e16e07dd45c4e3b1950f0ca0d700a32a219be2e0aa4b31e419e726b860	remainder
/workspace/reverse-pilot-20260929/repo/articles/inner-child-therapy/tools/tells_lint.py	11882	782341f1bb33ed49b27da621e9587f7ab0487c6c90b9622771812b61148eb9dd	remainder
/workspace/reverse-pilot-20260929/repo/articles/romance/ARCHITECTURE.md	5990	9599021e42d3459b879da2f0a1023a4a54f56bac4041731ed11ecd8db08e7421	remainder
/workspace/reverse-pilot-20260929/repo/articles/romance/CITATIONS.json	21526	c65f606585b30a059d9cf07641d82a96ef706da01447736cb7100621a35e989a	remainder
/workspace/reverse-pilot-20260929/repo/articles/romance/CURRENT-STATE.md	6687	52bd2834b328be649a294679a4896de7945a610dee68d08ce226b1b9c0680bfb	remainder
/workspace/reverse-pilot-20260929/repo/articles/romance/DETECTOR-EVIDENCE.json	5752	6b995de0fb8475f38eda61d4a18f779cfd1e60a82da48777fbeaaf3bf886c995	remainder
/workspace/reverse-pilot-20260929/repo/articles/romance/EDITORIAL-STATUS.json	5419	3c57df810c6bfc8d982f50bef74fca951e058ed34f974ed1c7337135c66db07c	remainder
/workspace/reverse-pilot-20260929/repo/articles/romance/OWNER-LOCKS.json	3176	f72cd80c1cd9a1ae0383764f1adef59e13a60df6cfa642387830cd5627094c34	remainder
/workspace/reverse-pilot-20260929/repo/articles/romance/SOURCE-EVIDENCE.json	6080	c6be27925f249afc33ed9da714233ee83d04979ab21a1163d5489ff02a62a6e7	remainder
/workspace/reverse-pilot-20260929/repo/articles/romance/UNINCORPORATED-IDEAS.md	717	7002322ff17fe684e80e5eb0ac38d5e62b1dd0428fd3b762076cb23a8a7ec9bb	remainder
/workspace/reverse-pilot-20260929/repo/articles/romance/master.md	118637	f1c2b9a3f0f3d9e123c3870ca5d741af8ed99bbf6f138e68b845de04b1a12a2c	remainder
/workspace/reverse-pilot-20260929/repo/articles/romance/review/FINAL-CORRECTIONS-20260824.md	14856	71c6bb57b7e580f91387f40b1143a8d57619b39fc8abb80a2e9300e2722e9e72	remainder
/workspace/reverse-pilot-20260929/repo/articles/somatic-therapies/ARCHITECTURE.md	2604	65716b893e5f80cf9105b08ab4102d0d40a20b8e0e42f106eb46816ea1c28d42	remainder
/workspace/reverse-pilot-20260929/repo/articles/somatic-therapies/CITATIONS.json	782	ade24edacc6bebda6145441b766e52de8a2125b4a40eee10b51354296afa1477	remainder
/workspace/reverse-pilot-20260929/repo/articles/somatic-therapies/CURRENT-STATE.md	14926	6e0281f4b75664d611a4edceec18eb7f5ddc0129ba637d226505c1a0f94bcee7	remainder
/workspace/reverse-pilot-20260929/repo/articles/somatic-therapies/DETECTOR-EVIDENCE.json	11832	c4661921d6f96e670af69b5708028c7ff81c7ffe04c21f32b5405e6e789a3b65	remainder
/workspace/reverse-pilot-20260929/repo/articles/somatic-therapies/EDITORIAL-STATUS.json	1803	04d691b135931dd73905e7a92f7cb79a42fd4b2ea174e784fde20fac2581e57e	remainder
/workspace/reverse-pilot-20260929/repo/articles/somatic-therapies/HUMANIZATION-REPORT.md	9216	485cb2043b5abe9c922b98985767550bbc851dd339465d301740948f7fa213bf	remainder
/workspace/reverse-pilot-20260929/repo/articles/somatic-therapies/OWNER-LOCKS.json	2180	2274290b71fa90f37c55af0c519ab0b6d6dca53e8f698546223e69b53881cda9	remainder
/workspace/reverse-pilot-20260929/repo/articles/somatic-therapies/SOURCE-EVIDENCE.json	3368	5d420dd919418c9648a2d5b2f776a9b3ec0fc12b9ffccc7cf4c2ecf938cbcda1	remainder
/workspace/reverse-pilot-20260929/repo/articles/somatic-therapies/UNINCORPORATED-IDEAS.md	540	df7ac269b6b7064d05cd6b638946b29b18bb1b768262f12f622dcb8fe5681a7c	remainder
/workspace/reverse-pilot-20260929/repo/articles/somatic-therapies/experiments/JOB1-AUTHORIAL-FLOW-INPUT-20260822.md	2009	b6c9d2f77e620c087f89bacd19706855b62e8ebd72d6cb8d741c05c1adcf3228	remainder
/workspace/reverse-pilot-20260929/repo/articles/somatic-therapies/experiments/JOB1-AUTHORIAL-FLOW-INPUT-V2-20260822.md	1894	b1487d7c257dcebc11570808df3b85ad72ad2da389fbb97f5d148f3d95d65947	remainder
/workspace/reverse-pilot-20260929/repo/articles/somatic-therapies/experiments/JOB1-AUTHORIAL-FLOW-INPUT-V2-PRESERVATION-20260822.json	8792	b64d116524b95e0148604bebfbb22c7b5fb29a90406b2f8ec1740e7dd064f2f6	remainder
/workspace/reverse-pilot-20260929/repo/articles/somatic-therapies/experiments/JOB1-AUTHORIAL-FLOW-INPUT-V3-20260822.md	3559	52a63183d11f9aad144bf0f3a9d30366b890d48cba04e818424f9692edae349e	remainder
/workspace/reverse-pilot-20260929/repo/articles/somatic-therapies/experiments/JOB1-AUTHORIAL-FLOW-INPUT-V3-PRESERVATION-20260822.json	4940	902c8e221adc6ba0f8537e6176d96b72a33a8f75b9b13a28ccc18deb3be57b74	remainder
/workspace/reverse-pilot-20260929/repo/articles/somatic-therapies/experiments/JOB1-AUTHORIAL-FLOW-INPUT-V4-20260822.md	4926	67681e72502113b12aa79eaa0959427354a4074fd43983a8e0d97fa02dc0c4cd	remainder
/workspace/reverse-pilot-20260929/repo/articles/somatic-therapies/experiments/JOB1-AUTHORIAL-FLOW-INPUT-V4-PRESERVATION-20260822.json	7020	e197329f263b6eb970b2e6e947116409753721ccee39db0be1d97c5d4351613d	remainder
/workspace/reverse-pilot-20260929/repo/articles/somatic-therapies/experiments/JOB1-AUTHORIAL-FLOW-INPUT-V5-20260822.md	6151	85caf10bb4f973cf9130a05bf20f0fe74297a5ab467e566e327a9556ecec51f2	remainder
/workspace/reverse-pilot-20260929/repo/articles/somatic-therapies/experiments/JOB1-AUTHORIAL-FLOW-INPUT-V5-PRESERVATION-20260822.json	5886	5af954f5be94c56f07de20efc9be00fc69c8a5f4fe62b283dad989d5e993c992	remainder
/workspace/reverse-pilot-20260929/repo/articles/somatic-therapies/experiments/JOB1-AUTHORIAL-STATE-PILOT-20260822.md	11351	6c3fdfd995977fda79f4018639228603421f6182227201b2208aaa962ed59db0	remainder
/workspace/reverse-pilot-20260929/repo/articles/somatic-therapies/experiments/JOB1-AUTHORIAL-STATE-PILOT-RESULTS-20260822.json	2422	23b950269b2e34ebb03317ac7f6dee9eb97d19e4f79da371417ed6d31fce404d	remainder
/workspace/reverse-pilot-20260929/repo/articles/somatic-therapies/experiments/OWNER-PUBLISHED-V4-2-TEXT-20260925.md	39830	35167f154f3c5f1b52f0bcbdb6d0780a6579dc102aa8dbe962b2f3b679ff6d0e	remainder
/workspace/reverse-pilot-20260929/repo/articles/somatic-therapies/experiments/SOMATIC-INTRO-ACTIVE-LESSON-CONTRACT-20260831.md	12940	a222eaa50b4d8885a3a03a4bf801b21f1358b83384ce05c2115a11043515b65e	remainder
/workspace/reverse-pilot-20260929/repo/articles/somatic-therapies/experiments/SOMATIC-INTRO-CURRENT-MANUAL-TASK-20260831.md	4842	3b9eef4a46a2c712ec40e694a24c75e7525241aac1ef6753a15fb831f6cb2cad	remainder
/workspace/reverse-pilot-20260929/repo/articles/somatic-therapies/experiments/SOMATIC-INTRO-EXTERNAL-PROGRESS-CONTROLLER-20260831.md	5798	40c39dc8d96d81a483b15127f05569af4eec19bb9c4cc0a8c75234829ff86a48	remainder
/workspace/reverse-pilot-20260929/repo/articles/somatic-therapies/experiments/SOMATIC-INTRO-OWNER-COLD-PASS-RULE-20260831.md	2419	4ed78dbca7b714c9fa22e96bdeb61d41e3dc522e345c9583347b7a9cf84cc01f	remainder
/workspace/reverse-pilot-20260929/repo/articles/somatic-therapies/experiments/SOMATIC-INTRO-PROGRESS-CONTROLLER-CODEX-WORKER-20260831.md	9686	2da3669847771bd5e0c4990bbc019743e2e82e53210fa8f7685bfe458f057925	remainder
/workspace/reverse-pilot-20260929/repo/articles/somatic-therapies/experiments/SOMATIC-INTRO-SUPERVISED-WRITING-20260831.md	11114	ad7938f16b004a761037f069791ef75fc949d7513f1966ec565a140d7486709b	remainder
/workspace/reverse-pilot-20260929/repo/articles/somatic-therapies/experiments/SOMATIC-MANUAL-HUMANIZATION-WRITER-STATE-20260831.md	15529	5926f1600efea678d0182a0d75c2f6a344387fbbdb8ba9e42c3ba239b5fde6bd	remainder
/workspace/reverse-pilot-20260929/repo/articles/somatic-therapies/master.html	48656	1e7e94717f40e7a4de77974a896f600a1bf2769d9c1846cbe84275e136ff5202	remainder
/workspace/reverse-pilot-20260929/repo/docs/ARTICLE-ARCHITECTURE-MAPS.md	5972	67328c5e1ee5ac09e90516545f31796eef06cdce92caf5a5dde97621044174a2	remainder
/workspace/reverse-pilot-20260929/repo/docs/CODEX-GITHUB-COMPLIANCE-2026-08-14.md	5006	a21f328944ac1f6049c1ed308cfe480c85d64be9241a05fa573f53f8309cbca5	remainder
/workspace/reverse-pilot-20260929/repo/docs/CONTENT-AUTHORITY-AND-IMPORT.md	7820	e5b6d483b1c44d8bdedc73e124af0a35a54754e569c24737b5cd0f9e3f242726	remainder
/workspace/reverse-pilot-20260929/repo/docs/EDITORIAL-SCOPE-AND-PLACEMENT.md	2297	19065bf85ce2319ad237777eadd3c9c4cab3af43403c5903718b1369ed349b9f	remainder
/workspace/reverse-pilot-20260929/repo/docs/GITLEAKS-FALSE-POSITIVE-ADJUDICATION-2026-09-14.md	2347	c79fc745a692cbf51c75053e8f1bb0d90c4b164f6a6252a5ebfdddb24cb24d16	remainder
/workspace/reverse-pilot-20260929/repo/docs/HUMANIZATION-ARCHITECTURE-GATE.md	7597	838bf3c80559f327148f39d7da47f350859d8dde5f44f7f5cf0a08eefa79daf1	remainder
/workspace/reverse-pilot-20260929/repo/docs/HUMANIZATION-AUDIT-ADMISSION-REGRESSION-20260922.md	9770	c354f8f8d9bbb98cbdf58b42caab5f30b38f97e51c8239f2172a45ca15238115	remainder
/workspace/reverse-pilot-20260929/repo/docs/HUMANIZATION-COLD-AUDIT-GATE.md	10672	2b92d4d07ec2799bdc6467a3149e5d84261a465b1e7283389e84bdc1a37c17f4	remainder
/workspace/reverse-pilot-20260929/repo/docs/HUMANIZATION-FRESH-CRITIC-GATE.md	10963	9ccfa16f6c5b00118623d23a395eefc0088d57f632fa0973722438aa838730ce	remainder
/workspace/reverse-pilot-20260929/repo/docs/HUMANIZATION-KNOWN-GREEN-CALIBRATION.md	11610	c1ba8d55cd5cc7fe4b2e570fe3061665088a6c188d25d2a50a9b254e48c463a7	remainder
/workspace/reverse-pilot-20260929/repo/docs/HUMANIZATION-PRESERVATION-GATE-CLOSEOUT-2026-08-22.md	5643	889b4ffa1a419bcfa1cfa95532d1226ae7ce81dcbd5675e74fbd75ed722295da	remainder
/workspace/reverse-pilot-20260929/repo/docs/HUMANIZATION-PRESERVATION-GATE-DESIGN-2026-08-22.md	11586	41a11cedae64df79b6e304ef33c8c1ad862414bc9df043a2d136695092a0e3c6	remainder
/workspace/reverse-pilot-20260929/repo/docs/HUMANIZATION-PRESERVATION-GATE.md	15531	d7f6fc65868e669ccb81d0c4ac48cd96a16c30160ea23f74a2a870c45e553f54	remainder
/workspace/reverse-pilot-20260929/repo/docs/HUMANIZATION-PRESERVATION-TOOLING.md	3565	1bb3cfb721199069c29e4d87294d8db01698908e2e8c501030ddfe37978eace7	remainder
/workspace/reverse-pilot-20260929/repo/docs/HUMANIZATION-SOURCE-INTEGRITY-GATE.md	5667	70e616c1b01e5017eee199271a3e0800dc3a5475c2346f436f28197d42efe966	remainder
/workspace/reverse-pilot-20260929/repo/docs/HUMANIZATION-TELL-INVENTORY.md	10302	3131a3ab04a95cec4ed589ec4dd9c6dbca33cacb26b582c879279829ef8e39d2	remainder
/workspace/reverse-pilot-20260929/repo/docs/IDIOLECT-VALIDATION-STATUS.md	10905	4b6d167d276a8a63f574f97cd2375a6a2bee1fba208e372d183e213f91eeccfa	remainder
/workspace/reverse-pilot-20260929/repo/docs/INDEX.md	9130	2db4918a3249293ca1e10eefcd9dd39d8d3d605d47007011b8c5c7fa8da10863	remainder
/workspace/reverse-pilot-20260929/repo/docs/MULTISCALE-EDITORIAL-LEDGER.md	6045	7f02d58920478e8b8c6d5ef48a9598f644988fd072de1e9a02492201180017ea	remainder
/workspace/reverse-pilot-20260929/repo/docs/POST-PANGRAM-OWNERIZATION-OVERLAY.md	4523	eb674d97d98c1b25a1f1cf47cc981b8c11763cad7db0f4dd1cddf0c597e80e49	remainder
/workspace/reverse-pilot-20260929/repo/docs/PROJECT-SOURCE-4.11.1-RECOVERY-AUDIT.md	13302	4f38aebefbeef15292c5c9e5b2686ad001c65b423faf1887460a1341fb92b037	remainder
/workspace/reverse-pilot-20260929/repo/docs/PROJECT-SOURCE-4.11.1-RECOVERY-CLOSEOUT.md	2947	cd6f7baefd1dbd520740c09ae1eeadac649337fb0bec46d727725e5f35663a9f	remainder
/workspace/reverse-pilot-20260929/repo/docs/READER-QUESTION-AUDIT.md	9583	b6460740127c097e27f12bf8a50c75bbbfe2f7ccc1d8eff8b1b741da1f9fdc8f	remainder
/workspace/reverse-pilot-20260929/repo/docs/REVIEW-MOVE-INLINE-DIFF-GATE.md	5375	46615fa16750193322037458ea85f0714ca1acce7cbafde3198062adb04ca0ea	remainder
/workspace/reverse-pilot-20260929/repo/docs/SUBSTACK-HELPER-DELIVERY-GATE.md	3635	245e91c896344018915198dcc68962e117e5d17c023633460650ae74ea7de15e	remainder
/workspace/reverse-pilot-20260929/repo/docs/SUPERVISED-WRITING-ARCHITECTURE.md	13695	a28a3adba56960f203b653e96f8f8dac2dc299e6d35a82742b4e5d24381d466d	remainder
/workspace/reverse-pilot-20260929/repo/docs/SUPPLIED-SOURCE-PACKET-MANIFEST.md	3649	08dabf6d2213e2a08e20e76b8d2be8b43c9bd96ec06826e8bd94222905bdb35d	remainder
/workspace/reverse-pilot-20260929/repo/docs/audits/2026-09-12-joel-articles-scope-repair.json	7576	d43c76a0317b2596c11312a27f7c1d5a4534526de68e14d01cc9cf430a414da3	remainder
/workspace/reverse-pilot-20260929/repo/docs/handoffs-20260929/HANDOFF-1-INNER-CHILD-HUMANIZATION.md	4580	92671354b069bfd3d7bbb9d180355c43ff715dd7c8ba2a68d127b02a0d8f2308	remainder
/workspace/reverse-pilot-20260929/repo/docs/handoffs-20260929/HANDOFF-2-EMULATE-RUN.md	3187	25d8c7bf408d14ba12461ccaf0090f8b8236dc71b5239b9b114b468c45e3fce2	remainder
/workspace/reverse-pilot-20260929/repo/docs/handoffs-20260929/HANDOFF-3-REVERSE-MODEL.md	2529	fe185e43d7f94f60e691aea68ab8a44e245a2a645b95937183ebb406fc1221e0	remainder
/workspace/reverse-pilot-20260929/repo/docs/proposals/OBSIDIAN-EDITORIAL-GAP-MAP.md	2910	41293afe16091325df197433120f727486360a88cef4fb203c54fed8ef256106	remainder
/workspace/reverse-pilot-20260929/repo/docs/reverse-model-20260929/EXECUTION-STATE.md	35404	0f6abb0a23fb39bc0132c824b62cb5f469b78cfd94c62f5f8f3d1616c9471453	remainder
/workspace/reverse-pilot-20260929/repo/docs/reverse-model-20260929/GPT-PILOT-DIRECTIVE.md	6567	976a5a39f14385d26cdabf3942bc60c338d5e880416f3304f622ea83bf34613e	remainder
/workspace/reverse-pilot-20260929/repo/docs/reverse-model-20260929/GPT-PROPOSAL-DIRECTIVE.md	7618	bd143c54d61072edda2aaabfe096dafb838684d6333a5929561cec8d3135e9f8	remainder
/workspace/reverse-pilot-20260929/repo/docs/reverse-model-20260929/consultation/CLAUDE-CLARIFICATIONS.md	11084	bf6f9aeb053e23c527117a8bc285c31a72e77a684afb101bc94ce34418ed956c	remainder
/workspace/reverse-pilot-20260929/repo/docs/reverse-model-20260929/consultation/CLAUDE-DESIGN-QUESTIONS.txt	2900	24493320aef8a0fbe87d645528a5ee97886a914c8dc8333d21298c7795e5e3f2	remainder
/workspace/reverse-pilot-20260929/repo/docs/reverse-model-20260929/consultation/CLAUDE-REGEN-V3.md	10306	216382619dcb3abd397dcb5a8e82ef6708c569d1bd36fd31cd5d0f9f0bf24058	remainder
/workspace/reverse-pilot-20260929/repo/docs/reverse-model-20260929/consultation/CLAUDE-REGEN-V4.md	7117	a1533f7502056cbf5062e47a02270b0aa90d73f46906da997525fdb773ece9b4	remainder
/workspace/reverse-pilot-20260929/repo/docs/reverse-model-20260929/consultation/REGEN-V3-TRIAL.md	25444	7cc2e08b2d20408809c95404aeb441f29966a3409896a429af0fd5b45dbc9bd5	remainder
/workspace/reverse-pilot-20260929/repo/docs/reverse-model-20260929/consultation/claude-consultation-receipt.json	1917	291bd61d2cf693abfed86c0ee7d52afffd1cb45705d67241f7142163d49754b0	remainder
/workspace/reverse-pilot-20260929/repo/docs/reverse-model-20260929/consultation/copy-repair-admission.json	1275	6993db282abe93cbb2b84b84df43365bff2a3ba783361e26e714eeacc16ffed7	remainder
/workspace/reverse-pilot-20260929/repo/docs/reverse-model-20260929/consultation/copy-repair-runtime-admission.json	1275	6993db282abe93cbb2b84b84df43365bff2a3ba783361e26e714eeacc16ffed7	remainder
/workspace/reverse-pilot-20260929/repo/docs/reverse-model-20260929/consultation/copy-repair-trial-summary.json	1082	30c50194fda45678b5ac002cf4e793dec407954e07c99862f2d66cc0e62062c6	remainder
/workspace/reverse-pilot-20260929/repo/docs/reverse-model-20260929/consultation/v3-trial-admission.json	1646	163406d253755c6ea7e89bb3d1208bcdc676263c5ec664184e7882e5cb636b88	remainder
/workspace/reverse-pilot-20260929/repo/docs/reverse-model-20260929/data/corpus-manifest.json	26439	3aaed2138f0002939914539afcbfd2918725b093b952a2f1c5a62e2a9b2063f6	remainder
/workspace/reverse-pilot-20260929/repo/docs/reverse-model-20260929/data/generated/dev-pairs.jsonl	0	e3b0c44298fc1c149afbf4c8996fb92427ae41e4649b934ca495991b7852b855	remainder
/workspace/reverse-pilot-20260929/repo/docs/reverse-model-20260929/data/generated/generation-manifest.json	2416	4b98eb1314dee9ecab97e27a219091b30f643e882d43460c6e827e1baa6b967a	remainder
/workspace/reverse-pilot-20260929/repo/docs/reverse-model-20260929/data/generated/generation-status.json	180	257999f19b241dc16ba4b05c2a69a5d6ee7efc38fe8101876d1d7c9ef7def2ac	remainder
/workspace/reverse-pilot-20260929/repo/docs/reverse-model-20260929/data/generated/model-requests.jsonl	1024250	37de475ddcf6f6ff7d39d8bef56f8e95d8c3f61cce96d9d9de9c9a90f765a4e9	remainder
/workspace/reverse-pilot-20260929/repo/docs/reverse-model-20260929/data/generated/pair-attempt-history.jsonl	178424	f8d2c0abc27ad8d254e4f503a8f4147f3363663bf077b9e6c00dfaf72243f8b6	remainder
/workspace/reverse-pilot-20260929/repo/docs/reverse-model-20260929/data/generated/pairs-audit.jsonl	382299	5b7f0e4818d9ab5927b0187d9e00f1e09bd93545105b195dcad146fb2482aeb6	remainder
/workspace/reverse-pilot-20260929/repo/docs/reverse-model-20260929/data/generated/run-history/1790697120-b32-n32/generation-manifest.json	1946	98ed951f6fa18173f1b51a1f882495f96791783a9d046b9357c68034b96604c0	remainder
/workspace/reverse-pilot-20260929/repo/docs/reverse-model-20260929/data/generated/run-history/1790697120-b32-n32/generation-status.json	180	65a6d42d40fe3c2e143b1db5c589552f65f46e215002309e504ce2d91451fcf5	remainder
/workspace/reverse-pilot-20260929/repo/docs/reverse-model-20260929/data/generated/run-history/1790697120-b32-n32/run-receipt.json	529	a7908212b87966dbbcd46854c3211dfea11c0080776cbcdb504ce3a4bf1a374a	remainder
/workspace/reverse-pilot-20260929/repo/docs/reverse-model-20260929/data/generated/run-history/1790698938-b32-n32/generation-manifest.json	1946	80c265f4ffb92af4c4290f82e67d1f618ade00fca8df6e4530a17a4e445f6d10	remainder
/workspace/reverse-pilot-20260929/repo/docs/reverse-model-20260929/data/generated/run-history/1790698938-b32-n32/generation-status.json	180	557602274bb342cb7aee7986bb937efa3c93050a65bfd0fb45e0ec8e594544bd	remainder
/workspace/reverse-pilot-20260929/repo/docs/reverse-model-20260929/data/generated/run-history/1790698938-b32-n32/run-receipt.json	529	3d11d0fbb2172e33f85de9a92e0dfb0c56721ac671205d3cbd998cd204c87bcb	remainder
/workspace/reverse-pilot-20260929/repo/docs/reverse-model-20260929/data/generated/run-history/initial12-generation-manifest.json	1945	4581e68abb7e92c78906d941577a92822b442b0ff93a1bec70c4b57618ee96a4	remainder
/workspace/reverse-pilot-20260929/repo/docs/reverse-model-20260929/data/generated/run-history/initial12-generation-status.json	177	c09369e7c2fbf8b86af0eb8a787e6d9ab0e2a14cb7411f4a0051af6c310c5ecc	remainder
/workspace/reverse-pilot-20260929/repo/docs/reverse-model-20260929/data/generated/run-history/pre-copy-repair-v2/baseline-manifest.json	558	4ee2ac3e39cd633106ce8e6dd13588ff656a827cdf4b160dfdf14175b2b5122e	remainder
/workspace/reverse-pilot-20260929/repo/docs/reverse-model-20260929/data/generated/run-history/pre-copy-repair-v2/repair-admission.json	1275	6993db282abe93cbb2b84b84df43365bff2a3ba783361e26e714eeacc16ffed7	remainder
/workspace/reverse-pilot-20260929/repo/docs/reverse-model-20260929/data/generated/test-pairs.jsonl	0	e3b0c44298fc1c149afbf4c8996fb92427ae41e4649b934ca495991b7852b855	remainder
/workspace/reverse-pilot-20260929/repo/docs/reverse-model-20260929/data/generated/train-pairs.jsonl	73868	f10ebb450e73db24aa3c4a7de18aaa955a6394b648f2a57d38ff43d37cdb2674	remainder
/workspace/reverse-pilot-20260929/repo/docs/reverse-model-20260929/data/generated/trials/v3-chinese/censored-calls.jsonl	2552	6ce0cc4cbb5d9cb2211e14b73a23f1737375013d3059931d372018ffb37f5757	remainder
/workspace/reverse-pilot-20260929/repo/docs/reverse-model-20260929/data/generated/trials/v3-chinese/model-requests.jsonl	909353	4bd0016c23f7e62ed2a24e7956df0edf124f7b3d79d7c2d2aff835cfdddffe74	remainder
/workspace/reverse-pilot-20260929/repo/docs/reverse-model-20260929/data/generated/trials/v3-chinese/recovery-receipt.json	1977	491cd41987dc41d34cc674575b129cd3df20c1103cd01fd6d6ca55579ed903f8	remainder
/workspace/reverse-pilot-20260929/repo/docs/reverse-model-20260929/data/generated/trials/v3-chinese/request-reservations.jsonl	24555	8db1ae618fd7d949bb7ff730da2298ea4242b0acb735c4e3f3bd137707133153	remainder
/workspace/reverse-pilot-20260929/repo/docs/reverse-model-20260929/data/generated/trials/v3-chinese/run-history/small-batch-interrupted/model-requests.jsonl	155083	8de67c3ae16f2517be1e218b2a2320f979af4d3d783e78b415fddbf7bd98e253	remainder
/workspace/reverse-pilot-20260929/repo/docs/reverse-model-20260929/data/generated/trials/v3-chinese/run-history/small-batch-interrupted/request-reservations.jsonl	5082	d8878081cabf46bac6b90ca828f4d70b82d589f7c45425c3fb79229d7d2cc577	remainder
/workspace/reverse-pilot-20260929/repo/docs/reverse-model-20260929/data/generated/trials/v3-chinese/run-history/small-batch-interrupted/trial-manifest.json	3966	8857b28beb4a22231cf9417f6a60ef116404e47db362123bbffd38d1b012551f	remainder
/workspace/reverse-pilot-20260929/repo/docs/reverse-model-20260929/data/generated/trials/v3-chinese/run-history/small-batch-interrupted/trial-results.jsonl	125149	1a27784d4089005ad1c049454c1970613e0285c2b6397bc28927de1913694253	remainder
/workspace/reverse-pilot-20260929/repo/docs/reverse-model-20260929/data/generated/trials/v3-chinese/run-history/small-batch-interrupted/trial.log	12683	5c09c2179af20697bd91088ef3920a2857561bced2c3d9d672bbe1c12d18c1c0	remainder
/workspace/reverse-pilot-20260929/repo/docs/reverse-model-20260929/data/generated/trials/v3-chinese/trial-manifest.json	3998	60fd51dddef4545671e7b562ce5e755ab0ad07fda97adba9ee1af7b1dffe1902	remainder
/workspace/reverse-pilot-20260929/repo/docs/reverse-model-20260929/data/generated/trials/v3-chinese/trial-results.jsonl	634520	0484d02c531db7360f1509c8503ee3f0a4b8da9bc8fe46495d05d7bbfab27d9c	remainder
/workspace/reverse-pilot-20260929/repo/docs/reverse-model-20260929/data/generated/trials/v3-chinese/trial-summary.json	212	dda7d2c1711397ccb12d9aa9a501b728d72c9bfae22bc2a7cc7d5b4dbe6b3577	remainder
/workspace/reverse-pilot-20260929/repo/docs/reverse-model-20260929/data/generated/trials/v3-chinese/trial.log	13866	4483acd9c2450111040bbb4e59c062a43285c649f078a98aeef5d107b6f95fb7	remainder
/workspace/reverse-pilot-20260929/repo/docs/reverse-model-20260929/data/generated/trials/v3-slots/model-requests.jsonl	506674	5cd9d81360a3e5f2d47f3dffec99d3c46ead6d606dca14896c47792af76eb48a	remainder
/workspace/reverse-pilot-20260929/repo/docs/reverse-model-20260929/data/generated/trials/v3-slots/request-reservations.jsonl	8560	ecc12d2e274efc1904617e95ff9e3ec47e0438aaa12cb5c5f7fa891e673d9f5e	remainder
/workspace/reverse-pilot-20260929/repo/docs/reverse-model-20260929/data/generated/trials/v3-slots/trial-manifest.json	3921	2a69daa2d7f045aafc9238655ab34ca9b18cb3458b073b8ca6cb6e230d9247d5	remainder
/workspace/reverse-pilot-20260929/repo/docs/reverse-model-20260929/data/generated/trials/v3-slots/trial-results.jsonl	352838	b2432a214dd78451499288dbf12e51078dce5ae519f6e98ab1c874701df6630a	remainder
/workspace/reverse-pilot-20260929/repo/docs/reverse-model-20260929/data/generated/trials/v3-slots/trial-summary.json	208	388b5b403ec9efba58f95b8557c436067240108cd83e2d0ac3f8d7e0546ba40d	remainder
/workspace/reverse-pilot-20260929/repo/docs/reverse-model-20260929/data/generated/trials/v3-slots/trial.log	10775	739ce1b1fb4b380720a8e58317aa3911db3f59dcee33cf401d5e985b216cdb83	remainder
/workspace/reverse-pilot-20260929/repo/docs/reverse-model-20260929/data/generated/trials/v4-roundtrip/model-requests.jsonl	482163	8844af3b7c1bd614682763b561e6f90ce41423dd13c54ce925343c568bd10077	remainder
/workspace/reverse-pilot-20260929/repo/docs/reverse-model-20260929/data/generated/trials/v4-roundtrip/request-reservations.jsonl	16334	32065e414b05f5dce9ba7e58841c1f94b860be072396c43bc692c02efafb8811	remainder
/workspace/reverse-pilot-20260929/repo/docs/reverse-model-20260929/data/generated/trials/v4-roundtrip/trial-manifest.json	3381	c6daecf178f3481b9b367befa732cbdbb257fc2854f42157e408b6ad9af6a6fa	remainder
/workspace/reverse-pilot-20260929/repo/docs/reverse-model-20260929/data/generated/trials/v4-roundtrip/trial-results.jsonl	243000	6bc70949d0b1b36c9b4630c26844da3601e2dea806b1443381f673bc2d4719f8	remainder
/workspace/reverse-pilot-20260929/repo/docs/reverse-model-20260929/data/generated/trials/v4-roundtrip/trial-summary.json	474	a19db9c7da65269ce66f1d3f0b766d2b4df9b7ed65835b225d3a94d8e77d7225	remainder
/workspace/reverse-pilot-20260929/repo/docs/reverse-model-20260929/data/generated/trials/v4-roundtrip/trial.log	13769	f59bba98a954be49eae97f9d4ed150f9617dbd1570645922b05d97708cba4d5b	remainder
/workspace/reverse-pilot-20260929/repo/docs/reverse-model-20260929/data/human-passages.jsonl	2654542	56869801ee7f95dfea1681170c745cacf112f93c117a185177c515568c80b089	remainder
/workspace/reverse-pilot-20260929/repo/docs/reverse-model-20260929/environment/batch16-receipt.json	232	369a69d7e4e9eb94eede659102a5319e0c2cf763f82cd53f7dd2f9a47141ad46	remainder
/workspace/reverse-pilot-20260929/repo/docs/reverse-model-20260929/environment/batch16.log	11340	f5ef33a8636abbb3635ce3668b88a097e379a867943f2dd23c1c9818051b8ca4	remainder
/workspace/reverse-pilot-20260929/repo/docs/reverse-model-20260929/environment/batch32-progress.json	3608	8a5301083cd14525bcd02b9fbd2663198c982c3e1419bda7519a35f4c0ff2ecd	remainder
/workspace/reverse-pilot-20260929/repo/docs/reverse-model-20260929/environment/copy-repair-deployment.json	1581	8103803c2abc8a857438c70733cf68ef005ada9dfea6096fe38edb3acdc88453	remainder
/workspace/reverse-pilot-20260929/repo/docs/reverse-model-20260929/environment/copy-repair-launch.json	770	498e0d0679f739a5d9cfd7f9dbd8821ff467d44adafbec8a4204e9111f6229aa	remainder
/workspace/reverse-pilot-20260929/repo/docs/reverse-model-20260929/environment/copy-repair-progress.json	2689	5fca963b0bd5f12998ee0d912f1fc58b1854da72980a6a2281d971b96a31470b	remainder
/workspace/reverse-pilot-20260929/repo/docs/reverse-model-20260929/environment/copy-repair-recovery.json	1593	08682fee88ce30af5d3185728f25dbc18293e931dc72b2c089e3556b61e8a5a6	remainder
/workspace/reverse-pilot-20260929/repo/docs/reverse-model-20260929/environment/download-manifest-base.json	2166	ea6a7cbc01c2910cf8a6261a992ac70b1def9ae61fa070999297459ab9a425e2	remainder
/workspace/reverse-pilot-20260929/repo/docs/reverse-model-20260929/environment/download-manifest-instruct.json	7500	2a58a5fefff4aa6191f4a6310c0f32f057f0cfc6619be29e9163f3984b6b7fc8	remainder
/workspace/reverse-pilot-20260929/repo/docs/reverse-model-20260929/environment/gpu-fit.json	243052	23459f4b7ba742be280bd6bbbf6132b1ebaf669e41a403a3671e1e08d0c26232	remainder
/workspace/reverse-pilot-20260929/repo/docs/reverse-model-20260929/environment/instance-state.json	1151	ff77c7112e9bb8c1062c52fc085cbda1a850c1310a1a230796035ae3b67a5357	remainder
/workspace/reverse-pilot-20260929/repo/docs/reverse-model-20260929/environment/interim-costs.json	976	7bdcce73798f97b69b83ce7ceb491686dd8479103bf2e33af1df0af6b6831842	remainder
/workspace/reverse-pilot-20260929/repo/docs/reverse-model-20260929/environment/local-test-efficiency.txt	804	0d00cb4d727117fe4aeb41af00ddb39691120affce286a631f7796582268e339	remainder
/workspace/reverse-pilot-20260929/repo/docs/reverse-model-20260929/environment/pair-benchmark.log	14438	d1214f612672786ee94d5742a10e9876e59756152cee02728b03573ef734b610	remainder
/workspace/reverse-pilot-20260929/repo/docs/reverse-model-20260929/environment/resume-preflight-summary.json	4676	78896b766d5a9a97361a8f05c7d0c3a6836b0cdca2ce8357413f593c6c8571e2	remainder
/workspace/reverse-pilot-20260929/repo/docs/reverse-model-20260929/environment/resume-recovery.json	2880	d5e85cba139f059220c951b28496736f70397e175dc7b9803780a33159593e26	remainder
/workspace/reverse-pilot-20260929/repo/docs/reverse-model-20260929/evaluation/AI-SPOTCHECK.md	1782	996defdfef86063352bfb9d4fc95b4d715156b76c0acfa87fa1c67c6f9563b90	remainder
/workspace/reverse-pilot-20260929/repo/docs/reverse-model-20260929/evaluation/ai-spotcheck-admission.json	988	88e1c35a1ffafcedd91ed2a021a7eaa47720ab7e101f3fa537f9a5eb6700d885	remainder
/workspace/reverse-pilot-20260929/repo/docs/reverse-model-20260929/evaluation/ai-spotcheck-pangram.jsonl	17251	1fdacb4837399538a47e5ef2bbbd9d2830a5d640d2311ef327bf0988f77e4724	remainder
/workspace/reverse-pilot-20260929/repo/docs/reverse-model-20260929/evaluation/ai-spotcheck-selection.jsonl	31320	3c5c243ae3ac3a45f4be6aa3dc81c6f693e04091a6260d981a8aa5a2ee37e190	remainder
/workspace/reverse-pilot-20260929/repo/docs/reverse-model-20260929/evaluation/ai-spotcheck-submissions.jsonl	4437	824895b927e843b3de22f298435411047d3a1b09ff5b94745372de9fccff2e1b	remainder
/workspace/reverse-pilot-20260929/repo/docs/reverse-model-20260929/evaluation/ai-spotcheck-summary.json	4855	ca9479376ec24d0393bb4f123900659e303321514cacbce6c0b01ac7330bbb04	remainder
/workspace/reverse-pilot-20260929/repo/docs/reverse-model-20260929/evaluation/cached-pangram-context.jsonl	1813	c59482adaf0882e36c215b91e4f536f48e4a3782e2d887a2aabb22b3050d06e7	remainder
/workspace/reverse-pilot-20260929/repo/docs/reverse-model-20260929/evaluation/cached-pangram-first-emulate.jsonl	61056	d23d2dd005e139c66fdede9547b23150521cc7cedd1d5a3baa46dc1c9141fb6e	remainder
/workspace/reverse-pilot-20260929/repo/docs/reverse-model-20260929/evaluation/context-candidates.jsonl	73417	6bdf0b4bd0f32788a7871d5c8421dbfa48c9ba08dd80296d8350e820f7726f69	remainder
/workspace/reverse-pilot-20260929/repo/docs/reverse-model-20260929/evaluation/context-selection.jsonl	20052	d9d1bd47d5d565c59a80eb250d693d664a1cd77ae5166368217f520a5db3607b	remainder
/workspace/reverse-pilot-20260929/repo/docs/reverse-model-20260929/evaluation/emulate-new/A22_before.reservation.json	477	68419cbd1640fe2a034463fd2abff2b82f61626eeb1e6be12eadce6757add487	remainder
/workspace/reverse-pilot-20260929/repo/docs/reverse-model-20260929/evaluation/evaluation-policy.json	1651	93ce8ade62496a8fbd550b2b788c140ec167b95682bc05b03c182a9e6559f3f7	remainder
/workspace/reverse-pilot-20260929/repo/docs/reverse-model-20260929/evaluation/learning-cases.jsonl	97502	2ad087529e88633fdc8b9a7b60bb58d7e43bf708a3ed39e02b8d99b895668b18	remainder
/workspace/reverse-pilot-20260929/repo/docs/reverse-model-20260929/evaluation/learning-manifest.json	400	09866a1bad8a7d2a9c762464fab887ac4ae7b41f950aa696906287d143d461cf	remainder
/workspace/reverse-pilot-20260929/repo/docs/reverse-model-20260929/tools/__pycache__/copy_check.cpython-312.pyc	4436	56b9a5322ace848a6ebcfc76a60ab0933805aeb7d7c623155c96877492a0f353	remainder
/workspace/reverse-pilot-20260929/repo/docs/reverse-model-20260929/tools/__pycache__/generate_pairs.cpython-312.pyc	23314	50ef8c9293f6fb8eff8ca708590bc293c633da3c455d73066b45aec0b88a5244	remainder
/workspace/reverse-pilot-20260929/repo/docs/reverse-model-20260929/tools/__pycache__/prepare_copy_repair.cpython-312.pyc	6555	b65847d38216a0aabd77e35b82669a45e333b79d7d65f3f9dad6a20dffd80fb2	remainder
/workspace/reverse-pilot-20260929/repo/docs/reverse-model-20260929/tools/__pycache__/regen_v3_policy.cpython-312.pyc	11853	ec66429a71a20cf4980a3a536ce7097156432fdbe6f6eafe1d138013626f2155	remainder
/workspace/reverse-pilot-20260929/repo/docs/reverse-model-20260929/tools/__pycache__/regen_v3_trial.cpython-312.pyc	24917	6a7d2156e925bf6dec520cddadd2799d96de84699a93033fe652c840c2b6bd63	remainder
/workspace/reverse-pilot-20260929/repo/docs/reverse-model-20260929/tools/__pycache__/regen_v4_policy.cpython-312.pyc	3960	2f3ff920c89283793ab4f898bff8f27a46b8a0d68056db6b81ca3cf569ba5595	remainder
/workspace/reverse-pilot-20260929/repo/docs/reverse-model-20260929/tools/__pycache__/request_cache.cpython-312.pyc	4164	d957f9ceebd4b654dc200f174c7f0d28ec858f091d7160e8d5d3da0ce5d94f6d	remainder
/workspace/reverse-pilot-20260929/repo/docs/reverse-model-20260929/tools/__pycache__/test_regen_v4_policy.cpython-312.pyc	2666	32785ade117af2b09576a713cd3e50c6c296d59fdec022f4d8fe30f05ed6baf1	remainder
/workspace/reverse-pilot-20260929/repo/docs/reverse-model-20260929/tools/assemble_eval.py	2133	cf4e9d18aef652292f58fa9e2cfd26b5b0bf895f95e63faf16445c450e593d35	remainder
/workspace/reverse-pilot-20260929/repo/docs/reverse-model-20260929/tools/build_corpus.py	11272	4ed68a80aaa2dfd3d3708d167dc8033e58e6405db8ea20e8388f7aca3e438c85	remainder
/workspace/reverse-pilot-20260929/repo/docs/reverse-model-20260929/tools/copy_check.py	2842	b6fc0c136f4cc3ac5fcc8fe3aeaf393158a55672510293f840783a5ff82c823d	remainder
/workspace/reverse-pilot-20260929/repo/docs/reverse-model-20260929/tools/download_verified_weights.py	7252	3e172e5a2fc4b21631e1db1cdc60ca2910eeaaf49aa53326e682797ef2934f6d	remainder
/workspace/reverse-pilot-20260929/repo/docs/reverse-model-20260929/tools/emulate_eval.py	4348	84ac8ebdf0346e04a1f57b11169dc3eb7c11f94e00203244584b9edbd07259a4	remainder
/workspace/reverse-pilot-20260929/repo/docs/reverse-model-20260929/tools/fit_then_benchmark.py	1954	f7c7d5c9eb6ad07b9b20c6dbd6443bbc155e559eb15b5e4be646312323fff086	remainder
/workspace/reverse-pilot-20260929/repo/docs/reverse-model-20260929/tools/freeze_general_eval.py	3121	1a0b87cafb98ce9750bc051b2e6c0576b97949d323cf0a1b8061bb6a2c89aed8	remainder
/workspace/reverse-pilot-20260929/repo/docs/reverse-model-20260929/tools/freeze_learning_eval.py	3428	68f9c29393f915854b81b7a719b97ec8b71a2d106e45b4470a17a23e5e9c3f7e	remainder
/workspace/reverse-pilot-20260929/repo/docs/reverse-model-20260929/tools/generate_pairs.py	16109	b565503cb3853475c2d3a9df0a582127739493aa0fb89915fac82a3ee360d47b	remainder
/workspace/reverse-pilot-20260929/repo/docs/reverse-model-20260929/tools/gpu_fit.py	7903	b3155cea1e8e44eca6ff53a7a3322abc42f66fd5a84eb245e87d83853b6077b0	remainder
/workspace/reverse-pilot-20260929/repo/docs/reverse-model-20260929/tools/prepare_context_candidates.py	5608	47e267b4728eedba5266848f550e1a958a9de0fdd74f03200d3ddf10e0f89814	remainder
/workspace/reverse-pilot-20260929/repo/docs/reverse-model-20260929/tools/prepare_copy_repair.py	3497	b7aaf66eed8c9dea19ed8d836530e47ffbe7e3438f1741fea5100e210d00ab45	remainder
/workspace/reverse-pilot-20260929/repo/docs/reverse-model-20260929/tools/prepare_v3_recovery.py	4743	d55145c67d73208ab45f024800cfc9cdeb7b6171800693ef11cf4ec27de800ec	remainder
/workspace/reverse-pilot-20260929/repo/docs/reverse-model-20260929/tools/refresh_cached_pangram.py	2212	3a20e499382b7ba7988ace0ffaeef5af3c16e323eaa25e4be08fae87232dd17c	remainder
/workspace/reverse-pilot-20260929/repo/docs/reverse-model-20260929/tools/regen_v3_policy.py	6488	ba949c3b51a43debd330901874096fc89e6192484e16381603a9547bb0635b39	remainder
/workspace/reverse-pilot-20260929/repo/docs/reverse-model-20260929/tools/regen_v3_trial.py	16774	a1309513b16aff5f3e265da77662ea3b869b6def07bb7f66185b08e3d30f1697	remainder
/workspace/reverse-pilot-20260929/repo/docs/reverse-model-20260929/tools/regen_v4_policy.py	2111	f83fe30d73f3b2005b6494eb86e97a4d42fabf2bced84505f26f27d8029f96bb	remainder
/workspace/reverse-pilot-20260929/repo/docs/reverse-model-20260929/tools/regen_v4_trial.py	13435	36c84eb260b5e7bbb79a36be239a77f4edec66edbc036adf1cd8f16c812eb591	remainder
/workspace/reverse-pilot-20260929/repo/docs/reverse-model-20260929/tools/request_cache.py	2330	c540afb3a9225ea36e49d2db764a7ae9a595cfc291733f07cca3c64a4b547cf6	remainder
/workspace/reverse-pilot-20260929/repo/docs/reverse-model-20260929/tools/run_batch16.py	1098	48eb10c73561bf2ff1646df4a97be5fdb051aeeb5cc65b8c1ce6e3bf72469bb7	remainder
/workspace/reverse-pilot-20260929/repo/docs/reverse-model-20260929/tools/run_generation_batch.py	3836	8f5cba11a9abc4279463be2a9edb47ecd91d281a033f8d1da27dd5a1dc49e6ab	remainder
/workspace/reverse-pilot-20260929/repo/docs/reverse-model-20260929/tools/run_model_eval.py	2052	81a3ce301b4d3be38ad61d50955d9d8b8297615511702260cefd32a1925019b5	remainder
/workspace/reverse-pilot-20260929/repo/docs/reverse-model-20260929/tools/score_meaning.py	6130	65c4add319727c2055dc5c2657c3a1b4ce69f0c4b082856d6273b4a3b734dd64	remainder
/workspace/reverse-pilot-20260929/repo/docs/reverse-model-20260929/tools/score_tells.py	2631	25ff3d2b86798d306c9dc264e4a00c68124ada8c7d5a2d62e54a30c8f32192a5	remainder
/workspace/reverse-pilot-20260929/repo/docs/reverse-model-20260929/tools/select_ai_spotcheck.py	2144	c73f37d6df70a21f7ddffc17d196b90cc9b6215535d3cd96e29de04c84325081	remainder
/workspace/reverse-pilot-20260929/repo/docs/reverse-model-20260929/tools/serve_reverse.py	4765	adc6603f2c91496089319212959306730694128e5b1dd3a580fde6a02de76619	remainder
/workspace/reverse-pilot-20260929/repo/docs/reverse-model-20260929/tools/summarize_ai_spotcheck.py	3508	8b50b7a9765cdbfd0e8be6e6e3a9d4b3b5e36ee1e0d29153bd636ac37205ee30	remainder
/workspace/reverse-pilot-20260929/repo/docs/reverse-model-20260929/tools/test_copy_pipeline.py	9492	4d217eb21ab37ef8d8790fc35fdf9cbb9db18736bbbca0ce8edcf172fb647ccd	remainder
/workspace/reverse-pilot-20260929/repo/docs/reverse-model-20260929/tools/test_generation_bound.py	3582	760f467a01546bb680772b7c4f6f4ef53345c57d7856052d25bf29cf4e6491db	remainder
/workspace/reverse-pilot-20260929/repo/docs/reverse-model-20260929/tools/test_regen_v3_policy.py	2983	c49d1407fee30898658292d92f6a5726d6f945eae92014da427ea03e42a69908	remainder
/workspace/reverse-pilot-20260929/repo/docs/reverse-model-20260929/tools/test_regen_v4_policy.py	1645	2f4e13649adc9ac6f4668255ab7f9729f0214cd162ceda9f3b4c94c495531353	remainder
/workspace/reverse-pilot-20260929/repo/docs/reverse-model-20260929/tools/train_reverse.py	12712	de0073cc4e9e593992cb95bbf7651c8c110998c73986d5a750d59488035df3b7	remainder
/workspace/reverse-pilot-20260929/repo/docs/reverse-model-20260929/tools/unsloth_compiled_cache/.locks/.lock.AqlmLoraLinear_peft_forward.py	0	e3b0c44298fc1c149afbf4c8996fb92427ae41e4649b934ca495991b7852b855	remainder
/workspace/reverse-pilot-20260929/repo/docs/reverse-model-20260929/tools/unsloth_compiled_cache/.locks/.lock.AwqLoraLinear_peft_forward.py	0	e3b0c44298fc1c149afbf4c8996fb92427ae41e4649b934ca495991b7852b855	remainder
/workspace/reverse-pilot-20260929/repo/docs/reverse-model-20260929/tools/unsloth_compiled_cache/.locks/.lock.BatchNorm1d.py	0	e3b0c44298fc1c149afbf4c8996fb92427ae41e4649b934ca495991b7852b855	remainder
/workspace/reverse-pilot-20260929/repo/docs/reverse-model-20260929/tools/unsloth_compiled_cache/.locks/.lock.BatchNorm2d.py	0	e3b0c44298fc1c149afbf4c8996fb92427ae41e4649b934ca495991b7852b855	remainder
/workspace/reverse-pilot-20260929/repo/docs/reverse-model-20260929/tools/unsloth_compiled_cache/.locks/.lock.BatchNorm3d.py	0	e3b0c44298fc1c149afbf4c8996fb92427ae41e4649b934ca495991b7852b855	remainder
/workspace/reverse-pilot-20260929/repo/docs/reverse-model-20260929/tools/unsloth_compiled_cache/.locks/.lock.Conv1d.py	0	e3b0c44298fc1c149afbf4c8996fb92427ae41e4649b934ca495991b7852b855	remainder
/workspace/reverse-pilot-20260929/repo/docs/reverse-model-20260929/tools/unsloth_compiled_cache/.locks/.lock.Conv2d.py	0	e3b0c44298fc1c149afbf4c8996fb92427ae41e4649b934ca495991b7852b855	remainder
/workspace/reverse-pilot-20260929/repo/docs/reverse-model-20260929/tools/unsloth_compiled_cache/.locks/.lock.Conv3d.py	0	e3b0c44298fc1c149afbf4c8996fb92427ae41e4649b934ca495991b7852b855	remainder
/workspace/reverse-pilot-20260929/repo/docs/reverse-model-20260929/tools/unsloth_compiled_cache/.locks/.lock.ConvTranspose1d.py	0	e3b0c44298fc1c149afbf4c8996fb92427ae41e4649b934ca495991b7852b855	remainder
/workspace/reverse-pilot-20260929/repo/docs/reverse-model-20260929/tools/unsloth_compiled_cache/.locks/.lock.ConvTranspose2d.py	0	e3b0c44298fc1c149afbf4c8996fb92427ae41e4649b934ca495991b7852b855	remainder
/workspace/reverse-pilot-20260929/repo/docs/reverse-model-20260929/tools/unsloth_compiled_cache/.locks/.lock.ConvTranspose3d.py	0	e3b0c44298fc1c149afbf4c8996fb92427ae41e4649b934ca495991b7852b855	remainder
/workspace/reverse-pilot-20260929/repo/docs/reverse-model-20260929/tools/unsloth_compiled_cache/.locks/.lock.GPTQLoraLinear_peft_forward.py	0	e3b0c44298fc1c149afbf4c8996fb92427ae41e4649b934ca495991b7852b855	remainder
/workspace/reverse-pilot-20260929/repo/docs/reverse-model-20260929/tools/unsloth_compiled_cache/.locks/.lock.GroupNorm.py	0	e3b0c44298fc1c149afbf4c8996fb92427ae41e4649b934ca495991b7852b855	remainder
/workspace/reverse-pilot-20260929/repo/docs/reverse-model-20260929/tools/unsloth_compiled_cache/.locks/.lock.LayerNorm.py	0	e3b0c44298fc1c149afbf4c8996fb92427ae41e4649b934ca495991b7852b855	remainder
/workspace/reverse-pilot-20260929/repo/docs/reverse-model-20260929/tools/unsloth_compiled_cache/.locks/.lock.Linear4bit_peft_forward.py	0	e3b0c44298fc1c149afbf4c8996fb92427ae41e4649b934ca495991b7852b855	remainder
/workspace/reverse-pilot-20260929/repo/docs/reverse-model-20260929/tools/unsloth_compiled_cache/.locks/.lock.Linear8bitLt_peft_forward.py	0	e3b0c44298fc1c149afbf4c8996fb92427ae41e4649b934ca495991b7852b855	remainder
/workspace/reverse-pilot-20260929/repo/docs/reverse-model-20260929/tools/unsloth_compiled_cache/.locks/.lock.Linear_peft_forward.py	0	e3b0c44298fc1c149afbf4c8996fb92427ae41e4649b934ca495991b7852b855	remainder
/workspace/reverse-pilot-20260929/repo/docs/reverse-model-20260929/tools/unsloth_compiled_cache/.locks/.lock.LoraParallelLinear_peft_forward.py	0	e3b0c44298fc1c149afbf4c8996fb92427ae41e4649b934ca495991b7852b855	remainder
/workspace/reverse-pilot-20260929/repo/docs/reverse-model-20260929/tools/unsloth_compiled_cache/.locks/.lock.RMSNorm.py	0	e3b0c44298fc1c149afbf4c8996fb92427ae41e4649b934ca495991b7852b855	remainder
/workspace/reverse-pilot-20260929/repo/docs/reverse-model-20260929/tools/unsloth_compiled_cache/.locks/.lock.UnslothAlignPropTrainer.py	0	e3b0c44298fc1c149afbf4c8996fb92427ae41e4649b934ca495991b7852b855	remainder
/workspace/reverse-pilot-20260929/repo/docs/reverse-model-20260929/tools/unsloth_compiled_cache/.locks/.lock.UnslothBCOTrainer.py	0	e3b0c44298fc1c149afbf4c8996fb92427ae41e4649b934ca495991b7852b855	remainder
/workspace/reverse-pilot-20260929/repo/docs/reverse-model-20260929/tools/unsloth_compiled_cache/.locks/.lock.UnslothCPOTrainer.py	0	e3b0c44298fc1c149afbf4c8996fb92427ae41e4649b934ca495991b7852b855	remainder
/workspace/reverse-pilot-20260929/repo/docs/reverse-model-20260929/tools/unsloth_compiled_cache/.locks/.lock.UnslothDDPOTrainer.py	0	e3b0c44298fc1c149afbf4c8996fb92427ae41e4649b934ca495991b7852b855	remainder
/workspace/reverse-pilot-20260929/repo/docs/reverse-model-20260929/tools/unsloth_compiled_cache/.locks/.lock.UnslothDPOTrainer.py	0	e3b0c44298fc1c149afbf4c8996fb92427ae41e4649b934ca495991b7852b855	remainder
/workspace/reverse-pilot-20260929/repo/docs/reverse-model-20260929/tools/unsloth_compiled_cache/.locks/.lock.UnslothGKDTrainer.py	0	e3b0c44298fc1c149afbf4c8996fb92427ae41e4649b934ca495991b7852b855	remainder
/workspace/reverse-pilot-20260929/repo/docs/reverse-model-20260929/tools/unsloth_compiled_cache/.locks/.lock.UnslothGRPOTrainer.py	0	e3b0c44298fc1c149afbf4c8996fb92427ae41e4649b934ca495991b7852b855	remainder
/workspace/reverse-pilot-20260929/repo/docs/reverse-model-20260929/tools/unsloth_compiled_cache/.locks/.lock.UnslothIterativeSFTTrainer.py	0	e3b0c44298fc1c149afbf4c8996fb92427ae41e4649b934ca495991b7852b855	remainder
/workspace/reverse-pilot-20260929/repo/docs/reverse-model-20260929/tools/unsloth_compiled_cache/.locks/.lock.UnslothKTOTrainer.py	0	e3b0c44298fc1c149afbf4c8996fb92427ae41e4649b934ca495991b7852b855	remainder
/workspace/reverse-pilot-20260929/repo/docs/reverse-model-20260929/tools/unsloth_compiled_cache/.locks/.lock.UnslothNashMDTrainer.py	0	e3b0c44298fc1c149afbf4c8996fb92427ae41e4649b934ca495991b7852b855	remainder
/workspace/reverse-pilot-20260929/repo/docs/reverse-model-20260929/tools/unsloth_compiled_cache/.locks/.lock.UnslothORPOTrainer.py	0	e3b0c44298fc1c149afbf4c8996fb92427ae41e4649b934ca495991b7852b855	remainder
/workspace/reverse-pilot-20260929/repo/docs/reverse-model-20260929/tools/unsloth_compiled_cache/.locks/.lock.UnslothOnlineDPOTrainer.py	0	e3b0c44298fc1c149afbf4c8996fb92427ae41e4649b934ca495991b7852b855	remainder
/workspace/reverse-pilot-20260929/repo/docs/reverse-model-20260929/tools/unsloth_compiled_cache/.locks/.lock.UnslothPPOTrainer.py	0	e3b0c44298fc1c149afbf4c8996fb92427ae41e4649b934ca495991b7852b855	remainder
/workspace/reverse-pilot-20260929/repo/docs/reverse-model-20260929/tools/unsloth_compiled_cache/.locks/.lock.UnslothPRMTrainer.py	0	e3b0c44298fc1c149afbf4c8996fb92427ae41e4649b934ca495991b7852b855	remainder
/workspace/reverse-pilot-20260929/repo/docs/reverse-model-20260929/tools/unsloth_compiled_cache/.locks/.lock.UnslothRLOOTrainer.py	0	e3b0c44298fc1c149afbf4c8996fb92427ae41e4649b934ca495991b7852b855	remainder
/workspace/reverse-pilot-20260929/repo/docs/reverse-model-20260929/tools/unsloth_compiled_cache/.locks/.lock.UnslothRewardTrainer.py	0	e3b0c44298fc1c149afbf4c8996fb92427ae41e4649b934ca495991b7852b855	remainder
/workspace/reverse-pilot-20260929/repo/docs/reverse-model-20260929/tools/unsloth_compiled_cache/.locks/.lock.UnslothSFTTrainer.py	0	e3b0c44298fc1c149afbf4c8996fb92427ae41e4649b934ca495991b7852b855	remainder
/workspace/reverse-pilot-20260929/repo/docs/reverse-model-20260929/tools/unsloth_compiled_cache/.locks/.lock.UnslothXPOTrainer.py	0	e3b0c44298fc1c149afbf4c8996fb92427ae41e4649b934ca495991b7852b855	remainder
/workspace/reverse-pilot-20260929/repo/docs/reverse-model-20260929/tools/unsloth_compiled_cache/.locks/.lock.unsloth_compiled_module_qwen3_moe.py	0	e3b0c44298fc1c149afbf4c8996fb92427ae41e4649b934ca495991b7852b855	remainder
/workspace/reverse-pilot-20260929/repo/docs/reverse-model-20260929/tools/unsloth_compiled_cache/.locks/.lock.unsloth_compiled_module_siglip.py	0	e3b0c44298fc1c149afbf4c8996fb92427ae41e4649b934ca495991b7852b855	remainder
/workspace/reverse-pilot-20260929/repo/docs/reverse-model-20260929/tools/unsloth_compiled_cache/AqlmLoraLinear_peft_forward.py	3684	677c0cfae0e3fe935c0d923be3c92479da327393f203a36a768f96d5906706bc	remainder
/workspace/reverse-pilot-20260929/repo/docs/reverse-model-20260929/tools/unsloth_compiled_cache/AwqLoraLinear_peft_forward.py	3621	44f8236da46bb9aa20dc954a40977296465cf152dcc3f46b51ecfa66259704cd	remainder
/workspace/reverse-pilot-20260929/repo/docs/reverse-model-20260929/tools/unsloth_compiled_cache/BatchNorm1d.py	5125	71d0679b0fa63a2c95d628e6acb5b744356cb4a98d3ceb6dcf5b229e987a144a	remainder
/workspace/reverse-pilot-20260929/repo/docs/reverse-model-20260929/tools/unsloth_compiled_cache/BatchNorm2d.py	5125	71d0679b0fa63a2c95d628e6acb5b744356cb4a98d3ceb6dcf5b229e987a144a	remainder
/workspace/reverse-pilot-20260929/repo/docs/reverse-model-20260929/tools/unsloth_compiled_cache/BatchNorm3d.py	5125	71d0679b0fa63a2c95d628e6acb5b744356cb4a98d3ceb6dcf5b229e987a144a	remainder
/workspace/reverse-pilot-20260929/repo/docs/reverse-model-20260929/tools/unsloth_compiled_cache/Conv1d.py	3249	778dee1f8208d6e1b7293f4ca6185d0fca9d1dca5dada14232f72e353f89d982	remainder
/workspace/reverse-pilot-20260929/repo/docs/reverse-model-20260929/tools/unsloth_compiled_cache/Conv2d.py	3249	778dee1f8208d6e1b7293f4ca6185d0fca9d1dca5dada14232f72e353f89d982	remainder
/workspace/reverse-pilot-20260929/repo/docs/reverse-model-20260929/tools/unsloth_compiled_cache/Conv3d.py	3249	778dee1f8208d6e1b7293f4ca6185d0fca9d1dca5dada14232f72e353f89d982	remainder
/workspace/reverse-pilot-20260929/repo/docs/reverse-model-20260929/tools/unsloth_compiled_cache/ConvTranspose1d.py	4104	681fd2bdbc694179a71ead930a6efaabebe5f60192af2e0107fb29899a177aa2	remainder
/workspace/reverse-pilot-20260929/repo/docs/reverse-model-20260929/tools/unsloth_compiled_cache/ConvTranspose2d.py	4346	93fa7ba88fc91b72f5da8b1031f052fb8281e9e62b0b12454caf3389e3ab32f0	remainder
/workspace/reverse-pilot-20260929/repo/docs/reverse-model-20260929/tools/unsloth_compiled_cache/ConvTranspose3d.py	4105	e2c126cdc86bd9351ec020946b843ebbd84d0a6b78cf4e39f1945a7999135b57	remainder
/workspace/reverse-pilot-20260929/repo/docs/reverse-model-20260929/tools/unsloth_compiled_cache/GPTQLoraLinear_peft_forward.py	3929	5c5a8b02df6b8dff4ba590549c1bafa93bf2bc8c6b122321ef37654f3dbc0f68	remainder
/workspace/reverse-pilot-20260929/repo/docs/reverse-model-20260929/tools/unsloth_compiled_cache/GroupNorm.py	3194	e9b19477d95b0b31e2635f9d74d3f93c1f1e1e471fa5bf636d8a686c48c38451	remainder
/workspace/reverse-pilot-20260929/repo/docs/reverse-model-20260929/tools/unsloth_compiled_cache/LayerNorm.py	3214	43cf23885c6768839601cb5a80b1fbd2e8292eb8c0c1f0c079c7787ab87cc293	remainder
/workspace/reverse-pilot-20260929/repo/docs/reverse-model-20260929/tools/unsloth_compiled_cache/Linear4bit_peft_forward.py	6005	0ca8db1e4f4e95afc87cf7f9c3aafd2c3dd2e73477524ca74008f18613c59e09	remainder
/workspace/reverse-pilot-20260929/repo/docs/reverse-model-20260929/tools/unsloth_compiled_cache/Linear8bitLt_peft_forward.py	5071	f6e69b3981ea915181c604ecb46fcde39584bee51156efefa3fa64384f865760	remainder
/workspace/reverse-pilot-20260929/repo/docs/reverse-model-20260929/tools/unsloth_compiled_cache/Linear_peft_forward.py	5464	3c9af29f7e4f5651df91f036010e50e554c23ec180137ae65f66602cc437854d	remainder
/workspace/reverse-pilot-20260929/repo/docs/reverse-model-20260929/tools/unsloth_compiled_cache/LoraParallelLinear_peft_forward.py	4270	24eba07fb4d77a24eced360ec988197048352088bfe1d5774a094355000e84d4	remainder
/workspace/reverse-pilot-20260929/repo/docs/reverse-model-20260929/tools/unsloth_compiled_cache/RMSNorm.py	3233	267d2e81c1c14a2b1a10f28b2c84cbaae77fe07162e932f54431bed213127c6b	remainder
/workspace/reverse-pilot-20260929/repo/docs/reverse-model-20260929/tools/unsloth_compiled_cache/UnslothAlignPropTrainer.py	47881	2776897ee1ce3f0c669743d12bfa9685d9a4ddf41d156979008a227ac8ebaa45	remainder
/workspace/reverse-pilot-20260929/repo/docs/reverse-model-20260929/tools/unsloth_compiled_cache/UnslothBCOTrainer.py	113102	57cef39f579d89e296d00e5871cd8852bd285fa5473556cc4ca0efb3f210c47f	remainder
/workspace/reverse-pilot-20260929/repo/docs/reverse-model-20260929/tools/unsloth_compiled_cache/UnslothCPOTrainer.py	103665	3524960d2f966063f7043ba00d449db557555a92e5b01536d6f37480973e0d96	remainder
/workspace/reverse-pilot-20260929/repo/docs/reverse-model-20260929/tools/unsloth_compiled_cache/UnslothDDPOTrainer.py	59119	41b35d4d3c619217cfc26ab19f6b1506ae0d47a13a5b7a1f54cc073929955ebe	remainder
/workspace/reverse-pilot-20260929/repo/docs/reverse-model-20260929/tools/unsloth_compiled_cache/UnslothDPOTrainer.py	164503	8d6dfff4d07f4123397a541a16da5d44c081ea2b043b31706cfd2566ff73502d	remainder
/workspace/reverse-pilot-20260929/repo/docs/reverse-model-20260929/tools/unsloth_compiled_cache/UnslothGKDTrainer.py	70141	744d8f2ca3314deecaa7133abcc529cf4b4f36445c20660b36e4acfcb0067e63	remainder
/workspace/reverse-pilot-20260929/repo/docs/reverse-model-20260929/tools/unsloth_compiled_cache/UnslothGRPOTrainer.py	326370	c03e568a1fadf0465a583556ced3ef769f7cb7891944fc43e9dfed7d683047b4	remainder
/workspace/reverse-pilot-20260929/repo/docs/reverse-model-20260929/tools/unsloth_compiled_cache/UnslothIterativeSFTTrainer.py	64404	a27bbdcce1d78e211d58d8764e0bf0a26ca31d5e3ecb030cd9defc772c231a30	remainder
/workspace/reverse-pilot-20260929/repo/docs/reverse-model-20260929/tools/unsloth_compiled_cache/UnslothKTOTrainer.py	123771	d8ecb928ab0a3f619b33ac1fd1f4b58ef341fab0e0810b3cd0bc3725ec8be12c	remainder
/workspace/reverse-pilot-20260929/repo/docs/reverse-model-20260929/tools/unsloth_compiled_cache/UnslothNashMDTrainer.py	71666	450bb1b04ad9417500d2aa78540a525dbf4020be13999ab664d2c391724b0850	remainder
/workspace/reverse-pilot-20260929/repo/docs/reverse-model-20260929/tools/unsloth_compiled_cache/UnslothORPOTrainer.py	100063	453fd2efadd7a1922d734cc70ed679e67ae85d9b405ab68e97d5c8ce12e995ea	remainder
/workspace/reverse-pilot-20260929/repo/docs/reverse-model-20260929/tools/unsloth_compiled_cache/UnslothOnlineDPOTrainer.py	130574	6f909323c47a62c534f246391965733bf7eaa585bf79a14b8874c52e21d8073c	remainder
/workspace/reverse-pilot-20260929/repo/docs/reverse-model-20260929/tools/unsloth_compiled_cache/UnslothPPOTrainer.py	91061	150a44842f14b863c739a3059d6467651ff1dc21990d5de69c1832d82a52414c	remainder
/workspace/reverse-pilot-20260929/repo/docs/reverse-model-20260929/tools/unsloth_compiled_cache/UnslothPRMTrainer.py	61536	5c09700471a6b0193bac4e9ae5396328ce7930ddd279173ad7d8ec0f7170f4c8	remainder
/workspace/reverse-pilot-20260929/repo/docs/reverse-model-20260929/tools/unsloth_compiled_cache/UnslothRLOOTrainer.py	143718	b5dfe06284feef3e22e7becaa1dc03936db7e4e2ea863f73b9bc036485707b69	remainder
/workspace/reverse-pilot-20260929/repo/docs/reverse-model-20260929/tools/unsloth_compiled_cache/UnslothRewardTrainer.py	63433	319695f47660769de656d59fbfe7932958fa75b9aadf3d8ed71882f546d83bec	remainder
/workspace/reverse-pilot-20260929/repo/docs/reverse-model-20260929/tools/unsloth_compiled_cache/UnslothSFTTrainer.py	98679	ba0195a781929b898a21261423e7236699ddc20947bef2fc1766117237c272fa	remainder
/workspace/reverse-pilot-20260929/repo/docs/reverse-model-20260929/tools/unsloth_compiled_cache/UnslothXPOTrainer.py	74353	45b7387b9d6fbdd6c25e10eebea61b8aaea396bc0a0fd832600f4cb1f95fc97a	remainder
/workspace/reverse-pilot-20260929/repo/docs/reverse-model-20260929/tools/unsloth_compiled_cache/moe_utils.py	187106	567474f064b6fa7c21947c4ecbaa73e0ecae0aa14a5cc5ac57361665a76814fa	remainder
/workspace/reverse-pilot-20260929/repo/docs/reverse-model-20260929/tools/unsloth_compiled_cache/unsloth_compiled_module_qwen3_moe.py	29948	606aced5e6d511e314418702977ffd258475dc54418d46cc571ce090e3f473be	remainder
/workspace/reverse-pilot-20260929/repo/docs/reverse-model-20260929/tools/unsloth_compiled_cache/unsloth_compiled_module_siglip.py	19530	9acae7cd6212b6b0d4b248a65c56c32e570c7807ab5e1c6acb87180a17ce224f	remainder
/workspace/reverse-pilot-20260929/repo/docs/reverse-model-20260929/tools/write_progress.py	2407	ff16dece38e7f7fa3257044a866df705b9b7d37a6f59565d77585cf662e5085c	remainder
/workspace/reverse-pilot-20260929/repo/docs/superpowers/plans/2026-08-16-article-mermaid-architecture.md	7642	ce314190a8300a5378112d8d18453aec360d495497c540c406eef8b1551e6633	remainder
/workspace/reverse-pilot-20260929/repo/docs/superpowers/specs/2026-08-16-article-mermaid-architecture-design.md	4875	9335feed79ad5f45f4f7274855100744f3043f6c97d24807701f70dc194613ca	remainder
/workspace/reverse-pilot-20260929/repo/project-sources/ARGUMENT-AND-EVIDENCE-ARCHITECTURE.md	18707	102da3aa74c974cc939123e2fb5201506f4964d70f95342686b1445506ac7e14	remainder
/workspace/reverse-pilot-20260929/repo/project-sources/ARGUMENT-LEDGER-QUICKSTART.md	5931	c3bf7b39093b946f0df79798838e3ae3a5e935a3d3ceb0c36f47e6af6ef2911b	remainder
/workspace/reverse-pilot-20260929/repo/project-sources/ARTICLE-INDEX.md	16088	1bd1f154699580a34f431052844b8dcf8fee3141276bf5155bf21d10e1414998	remainder
/workspace/reverse-pilot-20260929/repo/project-sources/ARTIFACT-FAMILY-LEDGER-TEMPLATE.md	7356	4edd6bc35a729a08c09f2e2182a73fcd6f0971e6c056ed635b8ff9d0252db562	remainder
/workspace/reverse-pilot-20260929/repo/project-sources/BANNED-PATTERNS.md	34363	1d8e829f0b351ee1fd7c3d563c6869ac667f9e5c044464b81afdbf194e570557	remainder
/workspace/reverse-pilot-20260929/repo/project-sources/CANON-FACTS.md	9279	c544535d80737c7fc3b1ba2be6fb08c02ce319aee9329fe297a501555dddcd95	remainder
/workspace/reverse-pilot-20260929/repo/project-sources/COMMENT-RESOLUTION-LEDGER-TEMPLATE.md	2538	2857b4fc200b0b4e80ee19fd23532ecd2e9644660aea03dea75331abd06e69fc	remainder
/workspace/reverse-pilot-20260929/repo/project-sources/CONFIRMED-SUBSTACK-HELPER.json	6886	c58bf6928274eb9734194c280a8a5f3b53be50d0e913e7cfb24c23593af05734	remainder
/workspace/reverse-pilot-20260929/repo/project-sources/CONTROVERSIAL-TOPIC-EVIDENCE-AUDIT.md	2638	0b6620a20abcd195092e54395266c44bf365e9b0756328f3925a164da831a276	remainder
/workspace/reverse-pilot-20260929/repo/project-sources/DETECTOR-LOCALIZATION-AND-ROLLBACK.md	10166	0664ef76fa643bd83512ec7f9718f654e527228f3164a153863ec84539599538	remainder
/workspace/reverse-pilot-20260929/repo/project-sources/EDIT-CONTRACT-AND-LEDGERS.md	40745	3530160be4eed2a1c77d2602c61dda90baed9b482d3e0588f542fd7f1399f884	remainder
/workspace/reverse-pilot-20260929/repo/project-sources/FACTS-HEALTH-FORMATTING.md	13157	35c11c27c77efd363d9955d7b9cb31749d1e0f381f6c010db301d7d0b4edb986	remainder
/workspace/reverse-pilot-20260929/repo/project-sources/FINGERPRINT-PASS.md	36924	6ab1329b7708a6ba6272869336c16981daa6ab70dfba57640b7c0a6d72cd69dd	remainder
/workspace/reverse-pilot-20260929/repo/project-sources/HUMANIZATION-AND-COHERENCE.md	23250	ff9103062247b2eede023c532722d828d9750c414e25a842974f5473266b9a7f	remainder
/workspace/reverse-pilot-20260929/repo/project-sources/IDIOLECT-PRESERVATION-PROTOCOL.md	16549	86f5c736f2a66435e0509d75256150b1ae35d9e5d2bc8055c8c3162b5650a198	remainder
/workspace/reverse-pilot-20260929/repo/project-sources/INTERLINKING-AND-HTML-SOURCE.md	20373	73e77b417c308416b3ade18294aa3d50b39d079470bb81cfb9e2a9319e1d358a	remainder
/workspace/reverse-pilot-20260929/repo/project-sources/MASTER-INSTRUCTIONS.md	49371	18d4a1139b92f4c0c2bd646b233f69c6a513ccdb222b8b2cbf99546fcd668bfc	remainder
/workspace/reverse-pilot-20260929/repo/project-sources/MOVE-AWARE-FULL-ARTICLE-REVIEW.md	5330	d0c9e00b6ca4373319f822de23f378f9e4e9a9c931afbe818983c5e9975807be	remainder
/workspace/reverse-pilot-20260929/repo/project-sources/PRESERVATION-PROOF-TEMPLATE.json	1595	f8d9f4df703637c1223da9b00804bc358b2657373915d896e76a4c58d865d2b9	remainder
/workspace/reverse-pilot-20260929/repo/project-sources/PRODUCTION-HUMANIZATION-PREFLIGHT.md	11111	aac9062f621d004005941c60ed21928024b820a8fc19f5b7bf02c7cb75dfdd1e	remainder
/workspace/reverse-pilot-20260929/repo/project-sources/PROGRESSIVE-DISCLOSURE-EXAMPLES.md	5091	caf573ce8ecc1a38eb1456ea19d131582224846da03a5da23aad995fed9e82df	remainder
/workspace/reverse-pilot-20260929/repo/project-sources/PROJECT-STATE-TEMPLATE.md	10427	a07b8c17a56761cc91bce23c7d14c1a7052f41d606c41eb9bd8e3a22fa2f8d55	remainder
/workspace/reverse-pilot-20260929/repo/project-sources/QUALITY-FORECAST-AND-PASS-REVIEW.md	17007	288b8d4eb6f2013504ffaccf4c87ef0e9704edced35ef6da4b2075783f51d813	remainder
/workspace/reverse-pilot-20260929/repo/project-sources/REVIEW-INTERFACE-DIRECT-DECISION-ADDENDUM.md	6735	bda4a5a85d6b11c0cd84bda3897f1b0da859d03e3f767e82c6f24e84cab8e2c3	remainder
/workspace/reverse-pilot-20260929/repo/project-sources/REVIEW-INTERFACE-SPEC.md	12824	2ced4a07d23701bf34855cc020f2bfb218468f503a6cc0938a55695a46eb9739	remainder
/workspace/reverse-pilot-20260929/repo/project-sources/REVIEW-PACKAGE-REGRESSION.md	4897	8549348ff36eb19291496cbbfc1ee6e11e02af003e9f18cc1deff2686d518a1e	remainder
/workspace/reverse-pilot-20260929/repo/project-sources/REVIEW-WORKFLOW-RULES.md	16062	3307fc89beadd1e78e02e612ba9673457c2433c0851e2f85471b1ad04da698ec	remainder
/workspace/reverse-pilot-20260929/repo/project-sources/RHYTHM-AND-THOUGHT-SHAPE.md	12548	bcfc3ab207a64ba9fc09895cd10456d2d1cbddb946ab8d915828f7cfc0b907fc	remainder
/workspace/reverse-pilot-20260929/repo/project-sources/STRUCTURAL-HUMANITY.md	43254	3e7a9360b5ade7a89ca843cbcfeffbe0c6fcd2b633e67e9cef6092a280f4296e	remainder
/workspace/reverse-pilot-20260929/repo/project-sources/SYNOPTIC-MOVE-REVIEW.md	6070	5aef31e9672d3b6f4a0342dd8062dc874cb9a5d72efd577cbe913a9a2eedad7c	remainder
/workspace/reverse-pilot-20260929/repo/project-sources/TASK-MODES.md	25130	a3f05d91dbb8fcc7aab065bf8ec926cbdb1946f800994a66ca6b69cddb21ba8d	remainder
/workspace/reverse-pilot-20260929/repo/project-sources/TOOLING-IN-PROJECT-SOURCES.md	3810	7de902181d952f65772d109fef0fce3efc981aab0d9586f1ad5d4e47239bd221	remainder
/workspace/reverse-pilot-20260929/repo/project-sources/TRANSFORMATION-CASE-STUDY.md	46716	b2a040e0ee99b65fa44b7b05e48eb2f1957f07ae29b5495238abe241c330d6f3	remainder
/workspace/reverse-pilot-20260929/repo/project-sources/VISUAL-EDITORIAL-PROTOCOL.md	4910	e4dcd12948cd435a80d553b72f8768cb953fec88ed999ce389bfd05632049f28	remainder
/workspace/reverse-pilot-20260929/repo/project-sources/VOICE-LEXICON.md	5554	62e382dd7e77c966f3ee17607d26fbb1f11625e27b92a492191a55ad051deeb3	remainder
/workspace/reverse-pilot-20260929/repo/project-sources/VOICE-REFERENCE.md	15347	e360690fb34f49d01c000b3bd552324281207b6c55699c4794fd9512680d2342	remainder
/workspace/reverse-pilot-20260929/repo/project-sources/WORKER-CHAT-HANDOFF-RULES.md	5180	91d6da5100675047b8728ec9d7e5154a67111a5df96305b4f66e2a87c61fdca3	remainder
/workspace/reverse-pilot-20260929/repo/project-sources/argument_ledger.py.txt	51359	777fbf9d564aa95c62345a889b9c448d8fa1c087bcdc92be3cb2d57fbedafd77	remainder
/workspace/reverse-pilot-20260929/repo/project-sources/cancer-and-research-samples.txt	86094	9c082d52fe6a6e5ed242ac2af0a17981e6f1a6d4b7f1bd7e57cb643c5dabd0dd	remainder
/workspace/reverse-pilot-20260929/repo/project-sources/community-before.txt	45852	a230d45d1ec7fa3140bd6543a06b1042ad02b4068728398b6caf381ae8e9808f	remainder
/workspace/reverse-pilot-20260929/repo/project-sources/html_diff.py.txt	9653	8fa8f14b79a61c74d1ff75a07b99d6dcb7d718e3daa4656796c95c37d490c0d8	remainder
/workspace/reverse-pilot-20260929/repo/project-sources/html_islands.py.txt	25002	e82e5b862e197adb56bfd484c453433d11b8b2cad0dcf45d5bf3280b9f24ddc9	remainder
/workspace/reverse-pilot-20260929/repo/project-sources/html_publish_modes.py.txt	19673	2ae9877823ffb11aebd10611662c11a4a70a2429ea76e4c082c3d2a9e1bafd8e	remainder
/workspace/reverse-pilot-20260929/repo/project-sources/interactive_review.py.txt	35782	2ed2731a4fd03bec3d945724644ea8b1eddbf0d090c17cba3fd9e8f4f1838af2	remainder
/workspace/reverse-pilot-20260929/repo/project-sources/review_interface_browser_test.py.txt	29920	efdf285a3e37fbf45cc9fb2f74174b4b3bd2d873a362a0730f5368cd55363658	remainder
/workspace/reverse-pilot-20260929/repo/project-sources/review_interface_template.html.txt	28676	cc3907f13c8739b4e740872f7460fa2ebb9f6395f7378f31c0c48f40883dced0	remainder
/workspace/reverse-pilot-20260929/repo/project-sources/review_package.py.txt	20569	624cc7e76a493e9bee63af69f212967a49321958145e841dba963e65f141cda7	remainder
/workspace/reverse-pilot-20260929/repo/project-sources/substack_transfer_helper.py.txt	47086	322e4738243806570fd01de4389150144f13f959de30d78579b69fb57c9352f4	remainder
/workspace/reverse-pilot-20260929/repo/project-sources/tender-video-transcript.txt	11399	a12d8b699aa19723f819dc324d2107b03d9d7db919a2997283ccb73069094f1f	remainder
/workspace/reverse-pilot-20260929/repo/scripts/audit-publication-secrets.sh	4447	d74874099ab555c5b4c14bf9e74c555b123603568a768f92fe875d1ad11e5642	remainder
/workspace/reverse-pilot-20260929/repo/scripts/audit_codex_github.py	47320	9c27f4a6ab2e592027560ec8052bdc0787689011aec61bf4f6f45fe982005d40	remainder
/workspace/reverse-pilot-20260929/repo/scripts/restore_project_sources_4_11_1.py	11325	2a680c7afe6c9e5945a19534c062e19d90f451a3b14ae4bf849db5494b6f09fa	remainder
/workspace/reverse-pilot-20260929/repo/scripts/validate_article_architecture_maps.py	7459	044e7e80885a78212adf3209a2a2434e1c88e59e491840d08734490e1b0a3fbd	remainder
/workspace/reverse-pilot-20260929/repo/scripts/validate_content_repository.py	30641	20b01d3f32abb486adafda18f6a889c64ac4141d70d6311309cfd4cc139020bc	remainder
/workspace/reverse-pilot-20260929/repo/scripts/validate_preservation_proof.py	10630	ed0c1f79b90e0f865e4beeae4fc857b1753619c845609fea0ae3375f109f53f4	remainder
/workspace/reverse-pilot-20260929/repo/state/AGENTS.md	1242	4d08ab4e152567cd7c0d62355bdd169366a220cd9adb24380e57d2be83b19eb9	remainder
/workspace/reverse-pilot-20260929/repo/state/CODEX-CURRENT-STATE.md	14081	a1c65ed6433c7e6fa651fea57aa84ee0b575c4e49b19c0f58fa3c9dc34012e20	remainder
/workspace/reverse-pilot-20260929/repo/state/EDITORIAL-QUALIFICATION-AND-SYNTHETIC-SPECIFICITY-2026-08-17.md	2262	3ea289129d82fbe53880186436bc2c2fc033539056c11400294cff00d322d8ff	remainder
/workspace/reverse-pilot-20260929/repo/state/OWNER-CHAT-WORK-MODE-BOUNDARY-20260902.md	1031	3d6ceeeb049bdd8ed934c41f29e7bea5fd1fedfb29ea62a8af6fbfb788d48ca6	remainder
/workspace/reverse-pilot-20260929/repo/templates/ARTICLE-ARCHITECTURE.md	1366	fa456420cd3f73f338efd96716d869797fee381d05300ab5182848279832a4a0	remainder
/workspace/reverse-pilot-20260929/repo/templates/WORKFLOW-POLICY.yml	27706	e9e45a2d474c9ef5331a52cedbea1dbb2999bd4030920bc6d421ec472c5f08eb	remainder
/workspace/reverse-pilot-20260929/repo/tests/fixtures/boundary-native-videos.html	556	5826d2d74e2167f4ce7f4b106ad5ca48dea9f3db6a511482af00cded462c6391	remainder
/workspace/reverse-pilot-20260929/repo/tests/fixtures/mixed-native-objects.html	1232	111cdf67bfd440d2ab6d03a87659180989820d85d6f7df94387bc8ebe2811acb	remainder
/workspace/reverse-pilot-20260929/repo/tests/fixtures/native-video-only.html	471	f2c93670ac8c76aaf7194f481ec4e2ed0fb07cd09181c84fc133252d76fae574	remainder
/workspace/reverse-pilot-20260929/repo/tests/fixtures/two-native-videos.html	578	648753b2fee6ea4942914a4a8a7fa1b5c5f133e830c230984290f2bf9531f78d	remainder
/workspace/reverse-pilot-20260929/repo/tests/fixtures/video-post-only.html	640	ace58fc0a75f38d8a616f35ba055f8975b3bb8b513d0a3348a5017ab1ca52ffa	remainder
/workspace/reverse-pilot-20260929/repo/tests/test_actions_cost_policy.py	764	b375671264d5c09f4f4224bbfe9b47a45f2fdb89a8562620cf5fbdd7277b360d	remainder
/workspace/reverse-pilot-20260929/repo/tests/test_article_architecture_maps.py	5339	e37549a1580f29397c9aceea51190e49a54d33bf8417ef442b22741dfa67d73a	remainder
/workspace/reverse-pilot-20260929/repo/tests/test_audit_codex_github.py	25783	9aeee3b45e5b664eed75d701d777a2772788c196636e9b20b6691a209c132d9e	remainder
/workspace/reverse-pilot-20260929/repo/tests/test_gitleaks_false_positive_adjudication.py	1739	3a6bae1a8306ce7b52b807003be7b003467ab0827c99b3a6b3bfb7753e787e18	remainder
/workspace/reverse-pilot-20260929/repo/tests/test_html_islands_current_substack_shapes.py	2266	977e2cef0c11b1caf441f9a39a0d8a77010dfd1d23db70d76879f8ffe861aa9b	remainder
/workspace/reverse-pilot-20260929/repo/tests/test_html_islands_video.py	4397	b691b4110bae7b617f801d8bb632a2a7f220135b9f99a8e42eb2e76a05692e3a	remainder
/workspace/reverse-pilot-20260929/repo/tests/test_idiolect_preservation_protocol.py	2030	00fcb30b6b2051cc540dc417ec4a4b0fa9e5f48d6829dc6819e08c7d14191531	remainder
/workspace/reverse-pilot-20260929/repo/tests/test_joel_articles_scope_repair.py	2016	586ce7b83821cd2db25630267145226e2bb90425d59678435684b75e19a394b1	remainder
/workspace/reverse-pilot-20260929/repo/tests/test_publication_transition_policy.py	1350	058f0f582628472326a13ca64acb2ef5676be96acda5582656eaa5b0edd4050d	remainder
/workspace/reverse-pilot-20260929/repo/tests/test_substack_helper_delivery_gate.py	3136	91d814269dd9bbbdae46a29bdb04adf7eee39e0ba8bc09e6086c166428eab30c	remainder
/workspace/reverse-pilot-20260929/repo/tests/test_substack_video_transfer.py	10218	e4892144d96664bb365b86a2dc0fa1c73466d48199cafa4a10a2b223732b7e01	remainder
/workspace/reverse-pilot-20260929/repo/tests/test_validate_content_repository.py	14442	2d352006953437f093cffa6368fcd83e64075140b4787f4525f6e5c2dbc155ed	remainder
/workspace/reverse-pilot-20260929/repo/tests/test_validate_preservation_proof.py	6688	ddebc8423735d5fe537af53376f2eccc963c34f7cdb11cf1fd48a62acb2f2fb0	remainder
/workspace/reverse-pilot-20260929/repo/unsloth_compiled_cache/.locks/.lock.AqlmLoraLinear_peft_forward.py	0	e3b0c44298fc1c149afbf4c8996fb92427ae41e4649b934ca495991b7852b855	remainder
/workspace/reverse-pilot-20260929/repo/unsloth_compiled_cache/.locks/.lock.AwqLoraLinear_peft_forward.py	0	e3b0c44298fc1c149afbf4c8996fb92427ae41e4649b934ca495991b7852b855	remainder
/workspace/reverse-pilot-20260929/repo/unsloth_compiled_cache/.locks/.lock.BatchNorm1d.py	0	e3b0c44298fc1c149afbf4c8996fb92427ae41e4649b934ca495991b7852b855	remainder
/workspace/reverse-pilot-20260929/repo/unsloth_compiled_cache/.locks/.lock.BatchNorm2d.py	0	e3b0c44298fc1c149afbf4c8996fb92427ae41e4649b934ca495991b7852b855	remainder
/workspace/reverse-pilot-20260929/repo/unsloth_compiled_cache/.locks/.lock.BatchNorm3d.py	0	e3b0c44298fc1c149afbf4c8996fb92427ae41e4649b934ca495991b7852b855	remainder
/workspace/reverse-pilot-20260929/repo/unsloth_compiled_cache/.locks/.lock.Conv1d.py	0	e3b0c44298fc1c149afbf4c8996fb92427ae41e4649b934ca495991b7852b855	remainder
/workspace/reverse-pilot-20260929/repo/unsloth_compiled_cache/.locks/.lock.Conv2d.py	0	e3b0c44298fc1c149afbf4c8996fb92427ae41e4649b934ca495991b7852b855	remainder
/workspace/reverse-pilot-20260929/repo/unsloth_compiled_cache/.locks/.lock.Conv3d.py	0	e3b0c44298fc1c149afbf4c8996fb92427ae41e4649b934ca495991b7852b855	remainder
/workspace/reverse-pilot-20260929/repo/unsloth_compiled_cache/.locks/.lock.ConvTranspose1d.py	0	e3b0c44298fc1c149afbf4c8996fb92427ae41e4649b934ca495991b7852b855	remainder
/workspace/reverse-pilot-20260929/repo/unsloth_compiled_cache/.locks/.lock.ConvTranspose2d.py	0	e3b0c44298fc1c149afbf4c8996fb92427ae41e4649b934ca495991b7852b855	remainder
/workspace/reverse-pilot-20260929/repo/unsloth_compiled_cache/.locks/.lock.ConvTranspose3d.py	0	e3b0c44298fc1c149afbf4c8996fb92427ae41e4649b934ca495991b7852b855	remainder
/workspace/reverse-pilot-20260929/repo/unsloth_compiled_cache/.locks/.lock.GPTQLoraLinear_peft_forward.py	0	e3b0c44298fc1c149afbf4c8996fb92427ae41e4649b934ca495991b7852b855	remainder
/workspace/reverse-pilot-20260929/repo/unsloth_compiled_cache/.locks/.lock.GroupNorm.py	0	e3b0c44298fc1c149afbf4c8996fb92427ae41e4649b934ca495991b7852b855	remainder
/workspace/reverse-pilot-20260929/repo/unsloth_compiled_cache/.locks/.lock.LayerNorm.py	0	e3b0c44298fc1c149afbf4c8996fb92427ae41e4649b934ca495991b7852b855	remainder
/workspace/reverse-pilot-20260929/repo/unsloth_compiled_cache/.locks/.lock.Linear4bit_peft_forward.py	0	e3b0c44298fc1c149afbf4c8996fb92427ae41e4649b934ca495991b7852b855	remainder
/workspace/reverse-pilot-20260929/repo/unsloth_compiled_cache/.locks/.lock.Linear8bitLt_peft_forward.py	0	e3b0c44298fc1c149afbf4c8996fb92427ae41e4649b934ca495991b7852b855	remainder
/workspace/reverse-pilot-20260929/repo/unsloth_compiled_cache/.locks/.lock.Linear_peft_forward.py	0	e3b0c44298fc1c149afbf4c8996fb92427ae41e4649b934ca495991b7852b855	remainder
/workspace/reverse-pilot-20260929/repo/unsloth_compiled_cache/.locks/.lock.LoraParallelLinear_peft_forward.py	0	e3b0c44298fc1c149afbf4c8996fb92427ae41e4649b934ca495991b7852b855	remainder
/workspace/reverse-pilot-20260929/repo/unsloth_compiled_cache/.locks/.lock.RMSNorm.py	0	e3b0c44298fc1c149afbf4c8996fb92427ae41e4649b934ca495991b7852b855	remainder
/workspace/reverse-pilot-20260929/repo/unsloth_compiled_cache/.locks/.lock.UnslothAlignPropTrainer.py	0	e3b0c44298fc1c149afbf4c8996fb92427ae41e4649b934ca495991b7852b855	remainder
/workspace/reverse-pilot-20260929/repo/unsloth_compiled_cache/.locks/.lock.UnslothBCOTrainer.py	0	e3b0c44298fc1c149afbf4c8996fb92427ae41e4649b934ca495991b7852b855	remainder
/workspace/reverse-pilot-20260929/repo/unsloth_compiled_cache/.locks/.lock.UnslothCPOTrainer.py	0	e3b0c44298fc1c149afbf4c8996fb92427ae41e4649b934ca495991b7852b855	remainder
/workspace/reverse-pilot-20260929/repo/unsloth_compiled_cache/.locks/.lock.UnslothDDPOTrainer.py	0	e3b0c44298fc1c149afbf4c8996fb92427ae41e4649b934ca495991b7852b855	remainder
/workspace/reverse-pilot-20260929/repo/unsloth_compiled_cache/.locks/.lock.UnslothDPOTrainer.py	0	e3b0c44298fc1c149afbf4c8996fb92427ae41e4649b934ca495991b7852b855	remainder
/workspace/reverse-pilot-20260929/repo/unsloth_compiled_cache/.locks/.lock.UnslothGKDTrainer.py	0	e3b0c44298fc1c149afbf4c8996fb92427ae41e4649b934ca495991b7852b855	remainder
/workspace/reverse-pilot-20260929/repo/unsloth_compiled_cache/.locks/.lock.UnslothGRPOTrainer.py	0	e3b0c44298fc1c149afbf4c8996fb92427ae41e4649b934ca495991b7852b855	remainder
/workspace/reverse-pilot-20260929/repo/unsloth_compiled_cache/.locks/.lock.UnslothIterativeSFTTrainer.py	0	e3b0c44298fc1c149afbf4c8996fb92427ae41e4649b934ca495991b7852b855	remainder
/workspace/reverse-pilot-20260929/repo/unsloth_compiled_cache/.locks/.lock.UnslothKTOTrainer.py	0	e3b0c44298fc1c149afbf4c8996fb92427ae41e4649b934ca495991b7852b855	remainder
/workspace/reverse-pilot-20260929/repo/unsloth_compiled_cache/.locks/.lock.UnslothNashMDTrainer.py	0	e3b0c44298fc1c149afbf4c8996fb92427ae41e4649b934ca495991b7852b855	remainder
/workspace/reverse-pilot-20260929/repo/unsloth_compiled_cache/.locks/.lock.UnslothORPOTrainer.py	0	e3b0c44298fc1c149afbf4c8996fb92427ae41e4649b934ca495991b7852b855	remainder
/workspace/reverse-pilot-20260929/repo/unsloth_compiled_cache/.locks/.lock.UnslothOnlineDPOTrainer.py	0	e3b0c44298fc1c149afbf4c8996fb92427ae41e4649b934ca495991b7852b855	remainder
/workspace/reverse-pilot-20260929/repo/unsloth_compiled_cache/.locks/.lock.UnslothPPOTrainer.py	0	e3b0c44298fc1c149afbf4c8996fb92427ae41e4649b934ca495991b7852b855	remainder
/workspace/reverse-pilot-20260929/repo/unsloth_compiled_cache/.locks/.lock.UnslothPRMTrainer.py	0	e3b0c44298fc1c149afbf4c8996fb92427ae41e4649b934ca495991b7852b855	remainder
/workspace/reverse-pilot-20260929/repo/unsloth_compiled_cache/.locks/.lock.UnslothRLOOTrainer.py	0	e3b0c44298fc1c149afbf4c8996fb92427ae41e4649b934ca495991b7852b855	remainder
/workspace/reverse-pilot-20260929/repo/unsloth_compiled_cache/.locks/.lock.UnslothRewardTrainer.py	0	e3b0c44298fc1c149afbf4c8996fb92427ae41e4649b934ca495991b7852b855	remainder
/workspace/reverse-pilot-20260929/repo/unsloth_compiled_cache/.locks/.lock.UnslothSFTTrainer.py	0	e3b0c44298fc1c149afbf4c8996fb92427ae41e4649b934ca495991b7852b855	remainder
/workspace/reverse-pilot-20260929/repo/unsloth_compiled_cache/.locks/.lock.UnslothXPOTrainer.py	0	e3b0c44298fc1c149afbf4c8996fb92427ae41e4649b934ca495991b7852b855	remainder
/workspace/reverse-pilot-20260929/repo/unsloth_compiled_cache/.locks/.lock.unsloth_compiled_module_qwen3_moe.py	0	e3b0c44298fc1c149afbf4c8996fb92427ae41e4649b934ca495991b7852b855	remainder
/workspace/reverse-pilot-20260929/repo/unsloth_compiled_cache/.locks/.lock.unsloth_compiled_module_siglip.py	0	e3b0c44298fc1c149afbf4c8996fb92427ae41e4649b934ca495991b7852b855	remainder
/workspace/reverse-pilot-20260929/repo/unsloth_compiled_cache/AqlmLoraLinear_peft_forward.py	3684	677c0cfae0e3fe935c0d923be3c92479da327393f203a36a768f96d5906706bc	remainder
/workspace/reverse-pilot-20260929/repo/unsloth_compiled_cache/AwqLoraLinear_peft_forward.py	3621	44f8236da46bb9aa20dc954a40977296465cf152dcc3f46b51ecfa66259704cd	remainder
/workspace/reverse-pilot-20260929/repo/unsloth_compiled_cache/BatchNorm1d.py	5125	71d0679b0fa63a2c95d628e6acb5b744356cb4a98d3ceb6dcf5b229e987a144a	remainder
/workspace/reverse-pilot-20260929/repo/unsloth_compiled_cache/BatchNorm2d.py	5125	71d0679b0fa63a2c95d628e6acb5b744356cb4a98d3ceb6dcf5b229e987a144a	remainder
/workspace/reverse-pilot-20260929/repo/unsloth_compiled_cache/BatchNorm3d.py	5125	71d0679b0fa63a2c95d628e6acb5b744356cb4a98d3ceb6dcf5b229e987a144a	remainder
/workspace/reverse-pilot-20260929/repo/unsloth_compiled_cache/Conv1d.py	3249	778dee1f8208d6e1b7293f4ca6185d0fca9d1dca5dada14232f72e353f89d982	remainder
/workspace/reverse-pilot-20260929/repo/unsloth_compiled_cache/Conv2d.py	3249	778dee1f8208d6e1b7293f4ca6185d0fca9d1dca5dada14232f72e353f89d982	remainder
/workspace/reverse-pilot-20260929/repo/unsloth_compiled_cache/Conv3d.py	3249	778dee1f8208d6e1b7293f4ca6185d0fca9d1dca5dada14232f72e353f89d982	remainder
/workspace/reverse-pilot-20260929/repo/unsloth_compiled_cache/ConvTranspose1d.py	4104	681fd2bdbc694179a71ead930a6efaabebe5f60192af2e0107fb29899a177aa2	remainder
/workspace/reverse-pilot-20260929/repo/unsloth_compiled_cache/ConvTranspose2d.py	4346	93fa7ba88fc91b72f5da8b1031f052fb8281e9e62b0b12454caf3389e3ab32f0	remainder
/workspace/reverse-pilot-20260929/repo/unsloth_compiled_cache/ConvTranspose3d.py	4105	e2c126cdc86bd9351ec020946b843ebbd84d0a6b78cf4e39f1945a7999135b57	remainder
/workspace/reverse-pilot-20260929/repo/unsloth_compiled_cache/GPTQLoraLinear_peft_forward.py	3929	5c5a8b02df6b8dff4ba590549c1bafa93bf2bc8c6b122321ef37654f3dbc0f68	remainder
/workspace/reverse-pilot-20260929/repo/unsloth_compiled_cache/GroupNorm.py	3194	e9b19477d95b0b31e2635f9d74d3f93c1f1e1e471fa5bf636d8a686c48c38451	remainder
/workspace/reverse-pilot-20260929/repo/unsloth_compiled_cache/LayerNorm.py	3214	43cf23885c6768839601cb5a80b1fbd2e8292eb8c0c1f0c079c7787ab87cc293	remainder
/workspace/reverse-pilot-20260929/repo/unsloth_compiled_cache/Linear4bit_peft_forward.py	6005	0ca8db1e4f4e95afc87cf7f9c3aafd2c3dd2e73477524ca74008f18613c59e09	remainder
/workspace/reverse-pilot-20260929/repo/unsloth_compiled_cache/Linear8bitLt_peft_forward.py	5071	f6e69b3981ea915181c604ecb46fcde39584bee51156efefa3fa64384f865760	remainder
/workspace/reverse-pilot-20260929/repo/unsloth_compiled_cache/Linear_peft_forward.py	5464	3c9af29f7e4f5651df91f036010e50e554c23ec180137ae65f66602cc437854d	remainder
/workspace/reverse-pilot-20260929/repo/unsloth_compiled_cache/LoraParallelLinear_peft_forward.py	4270	24eba07fb4d77a24eced360ec988197048352088bfe1d5774a094355000e84d4	remainder
/workspace/reverse-pilot-20260929/repo/unsloth_compiled_cache/RMSNorm.py	3233	267d2e81c1c14a2b1a10f28b2c84cbaae77fe07162e932f54431bed213127c6b	remainder
/workspace/reverse-pilot-20260929/repo/unsloth_compiled_cache/UnslothAlignPropTrainer.py	47881	1b9bb53c0de03f35759efe57d387e9b19a30c4abd79cd81d1615b57471d57d7f	remainder
/workspace/reverse-pilot-20260929/repo/unsloth_compiled_cache/UnslothBCOTrainer.py	113102	57cef39f579d89e296d00e5871cd8852bd285fa5473556cc4ca0efb3f210c47f	remainder
/workspace/reverse-pilot-20260929/repo/unsloth_compiled_cache/UnslothCPOTrainer.py	103665	3524960d2f966063f7043ba00d449db557555a92e5b01536d6f37480973e0d96	remainder
/workspace/reverse-pilot-20260929/repo/unsloth_compiled_cache/UnslothDDPOTrainer.py	59119	f085269f31d95ad06578afe7cc82bea1bcf9ec83a7a63df973dda6d375a9f70f	remainder
/workspace/reverse-pilot-20260929/repo/unsloth_compiled_cache/UnslothDPOTrainer.py	164503	8d6dfff4d07f4123397a541a16da5d44c081ea2b043b31706cfd2566ff73502d	remainder
/workspace/reverse-pilot-20260929/repo/unsloth_compiled_cache/UnslothGKDTrainer.py	70141	744d8f2ca3314deecaa7133abcc529cf4b4f36445c20660b36e4acfcb0067e63	remainder
/workspace/reverse-pilot-20260929/repo/unsloth_compiled_cache/UnslothGRPOTrainer.py	326370	c03e568a1fadf0465a583556ced3ef769f7cb7891944fc43e9dfed7d683047b4	remainder
/workspace/reverse-pilot-20260929/repo/unsloth_compiled_cache/UnslothIterativeSFTTrainer.py	64404	a27bbdcce1d78e211d58d8764e0bf0a26ca31d5e3ecb030cd9defc772c231a30	remainder
/workspace/reverse-pilot-20260929/repo/unsloth_compiled_cache/UnslothKTOTrainer.py	123771	d8ecb928ab0a3f619b33ac1fd1f4b58ef341fab0e0810b3cd0bc3725ec8be12c	remainder
/workspace/reverse-pilot-20260929/repo/unsloth_compiled_cache/UnslothNashMDTrainer.py	71666	450bb1b04ad9417500d2aa78540a525dbf4020be13999ab664d2c391724b0850	remainder
/workspace/reverse-pilot-20260929/repo/unsloth_compiled_cache/UnslothORPOTrainer.py	100063	453fd2efadd7a1922d734cc70ed679e67ae85d9b405ab68e97d5c8ce12e995ea	remainder
/workspace/reverse-pilot-20260929/repo/unsloth_compiled_cache/UnslothOnlineDPOTrainer.py	130574	6f909323c47a62c534f246391965733bf7eaa585bf79a14b8874c52e21d8073c	remainder
/workspace/reverse-pilot-20260929/repo/unsloth_compiled_cache/UnslothPPOTrainer.py	91061	150a44842f14b863c739a3059d6467651ff1dc21990d5de69c1832d82a52414c	remainder
/workspace/reverse-pilot-20260929/repo/unsloth_compiled_cache/UnslothPRMTrainer.py	61536	5c09700471a6b0193bac4e9ae5396328ce7930ddd279173ad7d8ec0f7170f4c8	remainder
/workspace/reverse-pilot-20260929/repo/unsloth_compiled_cache/UnslothRLOOTrainer.py	143718	b5dfe06284feef3e22e7becaa1dc03936db7e4e2ea863f73b9bc036485707b69	remainder
/workspace/reverse-pilot-20260929/repo/unsloth_compiled_cache/UnslothRewardTrainer.py	63433	319695f47660769de656d59fbfe7932958fa75b9aadf3d8ed71882f546d83bec	remainder
/workspace/reverse-pilot-20260929/repo/unsloth_compiled_cache/UnslothSFTTrainer.py	98679	ba0195a781929b898a21261423e7236699ddc20947bef2fc1766117237c272fa	remainder
/workspace/reverse-pilot-20260929/repo/unsloth_compiled_cache/UnslothXPOTrainer.py	74353	45b7387b9d6fbdd6c25e10eebea61b8aaea396bc0a0fd832600f4cb1f95fc97a	remainder
/workspace/reverse-pilot-20260929/repo/unsloth_compiled_cache/moe_utils.py	187106	567474f064b6fa7c21947c4ecbaa73e0ecae0aa14a5cc5ac57361665a76814fa	remainder
/workspace/reverse-pilot-20260929/repo/unsloth_compiled_cache/unsloth_compiled_module_qwen3_moe.py	29948	606aced5e6d511e314418702977ffd258475dc54418d46cc571ce090e3f473be	remainder
/workspace/reverse-pilot-20260929/repo/unsloth_compiled_cache/unsloth_compiled_module_siglip.py	19530	9acae7cd6212b6b0d4b248a65c56c32e570c7807ab5e1c6acb87180a17ce224f	remainder
/workspace/reverse-pilot-20260929/repo/work/romance-custom-gpt-20260827/GPT-CONFIG.md	2252	deab9a16247435ae53fe3d8f64daface16d5d82c9645e587907d6dcd69aeae96	remainder
/workspace/reverse-pilot-20260929/repo/work/romance-custom-gpt-20260827/GPT-INSTRUCTIONS.md	6890	0cf1c98d94e4c7586c1b323a6e63b801ffbf56533e06cd16f7479fbfd6562214	remainder
/workspace/reverse-pilot-20260929/repo/work/romance-custom-gpt-20260827/MANIFEST.json	1156	f421dead804c75c60f26bf01c6824916b2a4b7de32d88fbef2890b6bf27f27f9	remainder
/workspace/reverse-pilot-20260929/repo/work/romance-custom-gpt-20260827/README.md	835	536bf84ba64bb7869ed3dc0ab9afc5dd41aa1336c994b73a33cfc4c86b3830c6	remainder
/workspace/reverse-pilot-20260929/repo/work/romance-owner-manual-dedup-20260827/DEDUP-AND-EDITORIAL-LEDGER.md	14311	4e5c4056b294b0761e0430a8fb753e4927b6b9c7fafe7b3c9c40c51edc75200d	remainder
/workspace/reverse-pilot-20260929/repo/work/romance-owner-manual-dedup-20260827/LONG-DISTANCE-OWNER-ADDITION-20260827.md	2242	8d56eb97d63f842f4993668482506279b80fe2998dea62f68ede1265acdf4b62	remainder
/workspace/reverse-pilot-20260929/repo/work/romance-owner-manual-dedup-20260827/R6-DECISIONS.json	1666	0b66adffab6ae988d1e2f9f8a63705fabf07d4e9ecb6ffadf0f618b10a1b2855	remainder
/workspace/reverse-pilot-20260929/repo/work/romance-owner-manual-dedup-20260827/R6-OWNER-REVIEW-APPLICATION.md	3986	a4c3eece08fc38f5a7b170396dba0be5f434108540e54074ff4028aa70d5818b	remainder
/workspace/reverse-pilot-20260929/repo/work/romance-owner-manual-dedup-20260827/R7-HUMANIZATION-AND-SUBSTACK-MERGE-20260827.md	5066	7643fd2561152f6ff3084cd78dcc5709aa661277ad12e529a930a2087825dc22	remainder
/workspace/reverse-pilot-20260929/repo/work/romance-owner-manual-dedup-20260827/R7-HUMANIZATION-PRESERVATION-RECEIPT.json	4103	380f11fc34ba3dc18ea157ef988af7ab16c26195311a55ccec62d9e6c8cc3942	remainder
/workspace/reverse-pilot-20260929/repo/work/romance-owner-manual-dedup-20260827/R7-HUMANIZATION-REPORT.md	2747	9aaba774b3c8b4709de09e189c01e6348dd86fe2112d2640103ab42bf21cc398	remainder
/workspace/reverse-pilot-20260929/repo/work/romance-owner-manual-dedup-20260827/REVIEW-V3-OWNER-FEEDBACK-20260827.md	4186	1bc930c58504b4435389682d1bf5e8428464ab9d5b20be89acf88c78e92c6ea7	remainder
/workspace/reverse-pilot-20260929/repo/work/romance-r22-reconciliation-20260823/FEATURE-DEFICIT-AUDIT-R22-VS-CANONICAL-20260823.md	20247	f9de960f9e425bf69aa944dbf63b95008514801a2999e0f3269baf2637c06525	remainder
/workspace/reverse-pilot-20260929/repo/work/romance-r22-reconciliation-20260823/FUNCTION-COVERAGE-REAUDIT-SURVIVING-PROPOSALS-20260824.md	7121	ee28c5b44f650b8401e2ea51b45ec42d74711a72b5f1fc5b6ed3b2c56a2f2a98	remainder
/workspace/reverse-pilot-20260929/repo/work/romance-r22-reconciliation-20260823/FUNCTION-FIRST-RECONCILIATION-LESSON-20260824.md	2248	fb84b15cc204c36eca944a8a9be563ce354f46e72bbc4fb3bc2dc50a2eb8e0a9	remainder
/workspace/reverse-pilot-20260929/repo/work/romance-r22-reconciliation-20260823/HOLISTIC-REPAIR-PROPOSALS.md	18252	1d980549b82a2fca0a26a5dbde36823b77ae2ffeaf5c6de88e0bb934b99e5db5	remainder
/workspace/reverse-pilot-20260929/repo/work/romance-r22-reconciliation-20260823/HOLISTIC-REPAIR-WHITELIST.json	12851	cbc497cfd8776c466d50065b3f663f58e05209e6d106f2e54768b7fec4f0d2ce	remainder
/workspace/reverse-pilot-20260929/repo/work/romance-r22-reconciliation-20260823/OWNER-CORRECTION-KNOWN-GREEN-RECALIBRATION-20260823.md	5221	4ee96745559b3812d2274ae980edb8086863b7808db2824ccf62fcdba46fd431	remainder
/workspace/reverse-pilot-20260929/repo/work/romance-r22-reconciliation-20260823/OWNER-REVIEW-PROPOSED-FEATURE-RECOVERIES-20260824.md	8900	1e4144ccbb362b78a1c5adcbd150fe25299ab5642415fc5b21f237683cd25cec	remainder
/workspace/reverse-pilot-20260929/repo/work/romance-r22-reconciliation-20260823/OWNER-TWO-PILLARS-WORDING-20260824.md	2259	309dd1f53199dadd235133ecc234376f80fe3804463eee6dd2745a1d7ba850b3	remainder
/workspace/reverse-pilot-20260929/repo/work/romance-r22-reconciliation-20260823/PRESERVATION-RECEIPT-CONSERVATIVE-FINAL.json	8060	ac886278d92b8956b4f499c9059efca9bd3bb948e958b19d7724999cf774b740	remainder
/workspace/reverse-pilot-20260929/repo/work/romance-r22-reconciliation-20260823/PRODUCTION-AI-SHAPE-AUDIT.md	7041	dd4047d3eef6ee410345a4fa1a48b84e2654734bfed9f1365d45ca38ca268c73	remainder
/workspace/reverse-pilot-20260929/repo/work/romance-r22-reconciliation-20260823/R23-BOUNDARY-COLD-READ-20260824.md	6439	263f8eed113e08c9f5d0f9631799de3bbbe76bcd786a61498c19c782d2ba2862	remainder
/workspace/reverse-pilot-20260929/repo/work/romance-r22-reconciliation-20260823/R23-CURRENT-STATE.md	6613	0ba2907037d301a4ffd8fad7d4c1749221f0bc77769676e760523bd3ba0f0228	remainder
/workspace/reverse-pilot-20260929/repo/work/romance-r22-reconciliation-20260823/R23-EXECUTION-BLOCKER-20260824.md	3125	16b4f330acd5c25923ffdd984c2f5c18bb93479d302260d4d0b45b607c11b5f8	remainder
/workspace/reverse-pilot-20260929/repo/work/romance-r22-reconciliation-20260823/R23-FIVE-OWNER-EDITS-MANIFEST.json	7349	868dd81b1a6e860b615ba114650a2641e79068a06d26a9d092dfc2574bbb5eab	remainder
/workspace/reverse-pilot-20260929/repo/work/romance-r22-reconciliation-20260823/R23-GUI-FALLBACK-CONTRACT.json	8191	90ee28e99ef23b53902cfbd0d834e77bc2fc33792b614a59245774168c7c94e3	remainder
/workspace/reverse-pilot-20260929/repo/work/romance-r22-reconciliation-20260823/R23-PART2-HIGHLIGHT-V4-CHECKPOINT-20260824.md	4912	85a7fc1422e48d8af55f053efc528b0501f74340579fd213c57d84cd44883e8f	remainder
/workspace/reverse-pilot-20260929/repo/work/romance-r22-reconciliation-20260823/R23-PART2-LOCALIZATION-CHECKPOINT-20260824.md	4359	fbdfd0b44b52a6f6e00576c6a3a68f0468718fe8608cb671f0756d8c84e14afd	remainder
/workspace/reverse-pilot-20260929/repo/work/romance-r22-reconciliation-20260823/R23-PRE-MATERIALIZATION-RECEIPT.md	3379	abec737ee36bccb211f322a8f52c5172d7f00f3fa45b4e892489ebc8e2c09ded	remainder
/workspace/reverse-pilot-20260929/repo/work/romance-r22-reconciliation-20260823/R23-READER-HALF-CONTRACT.md	3422	a007070dc1125ea43f17c16748dbd7b11c9b2036ab9e239ad8f441dcf088a228	remainder
/workspace/reverse-pilot-20260929/repo/work/romance-r22-reconciliation-20260823/R23-SUPERVISOR-ROUTING.md	2579	9407377565d188a082305d2e1efef6b26d64fe9617c91bbe363636d3d26b5e21	remainder
/workspace/reverse-pilot-20260929/repo/work/romance-r22-reconciliation-20260823/R23R1-R03-VOICE-ROLLBACK-CANDIDATE.json	2881	dfa93e54564646f5e870efdbba350c8d6f40d2872f3f698cc5e0d5ac8b0c75ca	remainder
/workspace/reverse-pilot-20260929/repo/work/romance-r22-reconciliation-20260823/R23R1-TWO-PILLARS-TRANSITION-REPAIR-20260824.md	6156	1b29094fe6e3059209a29410011c33b82f4dd21b78e8a929ec4795cfc376fac7	remainder
/workspace/reverse-pilot-20260929/repo/work/romance-r22-reconciliation-20260823/R23R2-OWNER-FINAL-DELTA.json	4650	e145a6644f103d429912d169cb38d2e66096d383a82a557ad053a3d42373ef94	remainder
/workspace/reverse-pilot-20260929/repo/work/romance-r22-reconciliation-20260823/R23R2-PRESERVATION-RECEIPT-20260824.md	4460	d47386cd0a5f56158ccb52e2a46309ffcfba12c1137c635bc26a19b1a6855a72	remainder
/workspace/reverse-pilot-20260929/repo/work/romance-r22-reconciliation-20260823/R23R2-PRESERVATION-RECEIPT.json	4273	050486fffd00a57463dc5698da5c9d59c1d89ea8c82aabb8e7876606aaabd412	remainder
/workspace/reverse-pilot-20260929/repo/work/romance-r22-reconciliation-20260823/README.md	3468	9cf0ecdea1a599cb7247e8c57ad9df6d77e2307accbbfbd7e70a10be5a13bcc9	remainder
/workspace/reverse-pilot-20260929/repo/work/romance-r22-reconciliation-20260823/RECONCILIATION-LEDGER.md	3978	6aa11619cf179a9376918c64f979b3963bdc65d1e119cc47e366baedde599bb7	remainder
/workspace/reverse-pilot-20260929/repo/work/romance-r22-reconciliation-20260823/materialize_conservative_reconciliation.py	13076	1d879763065eaceb758a4caa5b3a183a9dfb0be788a3a9e46e8a48ea0b78edcb	remainder
/workspace/reverse-pilot-20260929/repo/work/romance-r22-reconciliation-20260823/materialize_r23_five_owner_edits.py	9736	c7b023c83218f6a6b6678d7a867837bdfa5c8e1cc1d7bcf1a7b34070669a7faf	remainder
/workspace/reverse-pilot-20260929/repo/work/romance-r22-reconciliation-20260823/materialize_r23_reader_halves.py	11493	9b318eb956ad4c268c735f6623ca4b6c9fbd7092598d51a2d86c438c8e841176	remainder
/workspace/reverse-pilot-20260929/repo/work/romance-r22-reconciliation-20260823/materialize_r23r2_owner_final.py	9947	dfa91515ba27579bd5cf10db52a0a0982ef975ad3a2448c5364845e7cbd42c88	remainder
/workspace/reverse-pilot-20260929/repo/work/romance-r22-reconciliation-20260823/materialized-conservative/candidate-master.md	119393	6b5e77ba5a722373c424526b93a73d81c11bd0358a834db43a938c8f5b9032dd	remainder
/workspace/reverse-pilot-20260929/repo/work/romance-r22-reconciliation-20260823/materialized-conservative/manifest.json	2033	ec21f7b98b7630fd1dcf12c842ec9bfd64cd51add130244418167562135d197d	remainder
/workspace/reverse-pilot-20260929/repo/work/romance-r22-reconciliation-20260823/materialized-r23r2-owner-final/boundary-two-pillars.txt	4265	1bd239b9b56926b2a2dabc5a2f106ca58f50bcccd993b950e924fc481c27736e	remainder
/workspace/reverse-pilot-20260929/repo/work/romance-r22-reconciliation-20260823/materialized-r23r2-owner-final/candidate-master.md	118637	f1c2b9a3f0f3d9e123c3870ca5d741af8ed99bbf6f138e68b845de04b1a12a2c	remainder
/workspace/reverse-pilot-20260929/repo/work/romance-r22-reconciliation-20260823/materialized-r23r2-owner-final/candidate-part-1.txt	58580	620972febec1957403d261c4426c8fbba58763df2c0b78eb87a79da368f1f50b	remainder
/workspace/reverse-pilot-20260929/repo/work/romance-r22-reconciliation-20260823/materialized-r23r2-owner-final/candidate-part-2.txt	57617	fbbcf64af313488b2ad8bb8969422f5bc85895eca908e41e9f796b2c0724e4eb	remainder
/workspace/reverse-pilot-20260929/repo/work/romance-r22-reconciliation-20260823/materialized-r23r2-owner-final/materialization.json	3163	ff1175cf7b88117212d1af0bc1e6ed28de1952d4209eac7fd1ab6cf1b709c1f5	remainder
/workspace/reverse-pilot-20260929/repo/work/romance-r22-reconciliation-20260823/r23-boundary-candidates/boundary-choosing-together.txt	8494	a1bd65fc862a879170d6651f52f4d0da50150bf56de1f4f9e26437d30dd6cb8f	remainder
/workspace/reverse-pilot-20260929/repo/work/romance-r22-reconciliation-20260823/r23-boundary-candidates/boundary-manifest.json	2654	79fd87d498fefc013ac35ac2379c1c3e26cf7468af72fd74e753d9ad34b49781	remainder
/workspace/reverse-pilot-20260929/repo/work/romance-r22-reconciliation-20260823/r23-boundary-candidates/boundary-spiritual-practice.txt	2052	9722c938f9258316cef1efbe67768abee063f64923976711498bbaff57d106fb	remainder
/workspace/reverse-pilot-20260929/repo/work/romance-r22-reconciliation-20260823/r23-boundary-candidates/boundary-talk-affection.txt	4472	a1c88e60e068101c268b8e0dc45558ec796fe6d8224de86c8b5ec64c5238e564	remainder
/workspace/reverse-pilot-20260929/repo/work/romance-r22-reconciliation-20260823/r23-boundary-candidates/boundary-two-pillars.txt	4276	e89362da826bd77d747733512a935cf19c1ddf6d492175755931826968360113	remainder
/workspace/reverse-pilot-20260929/repo/work/romance-r23r2-publishing-20260824/RAW-SUBSTACK-NATIVE-OBJECT-RECOVERY.md	3206	68c9762fc5b2a5c3b6aec399cda7c0bda38dd8a0b15e8d469164cecbea093a83	remainder
/workspace/reverse-pilot-20260929/resume-preflight.json	44749	65e762ebd638fb9dd8e333ea03911c08adcb5b11e2c9923432215b560e9fa191	remainder
/workspace/reverse-pilot-20260929/resume-preflight.txt	44749	65e762ebd638fb9dd8e333ea03911c08adcb5b11e2c9923432215b560e9fa191	remainder
/workspace/reverse-pilot-20260929/resume-recovery.txt	2880	d5e85cba139f059220c951b28496736f70397e175dc7b9803780a33159593e26	remainder
/workspace/reverse-pilot-20260929/run_batch16.py	1098	48eb10c73561bf2ff1646df4a97be5fdb051aeeb5cc65b8c1ce6e3bf72469bb7	remainder
/workspace/reverse-pilot-20260929/runtime-environment/download-manifest-base.json	4697	e78f3069eb6e65096851e35d0d22256f4c38e920fea9b76dd70f92c8f2e783e3	remainder
/workspace/reverse-pilot-20260929/runtime-environment/download-manifest-instruct.json	7500	2a58a5fefff4aa6191f4a6310c0f32f057f0cfc6619be29e9163f3984b6b7fc8	remainder
/workspace/reverse-pilot-20260929/runtime-export-after-repair.txt	711810	595ef59b582a91b4fd5ba91aae5cc0851554f4839f99743895d18d63575160a1	remainder
/workspace/reverse-pilot-20260929/runtime-export.txt	1457187	7706b1bb0c9b6075ed305e699e47afabfbb5b5e58ac4ae0ae229b5e450195f3e	remainder
/workspace/reverse-pilot-20260929/runtime-progress.txt	2689	5fca963b0bd5f12998ee0d912f1fc58b1854da72980a6a2281d971b96a31470b	remainder
/workspace/reverse-pilot-20260929/shutdown_recovery.py	6250	1e1ad1ad02233ee38934e8dd98cdcc41e4d2ca3ed2cbcf48f29a99a1c878c5fe	remainder
/workspace/reverse-pilot-20260929/test_efficiency.py	14678	b3afec50c3d31eef344be623520a4117a3e46fad33b7000cea1895fd1928c723	remainder
/workspace/reverse-pilot-20260929/trial-v3/chinese-b32/censored-calls.jsonl	2552	6ce0cc4cbb5d9cb2211e14b73a23f1737375013d3059931d372018ffb37f5757	remainder
/workspace/reverse-pilot-20260929/trial-v3/chinese-b32/model-requests.jsonl	909353	4bd0016c23f7e62ed2a24e7956df0edf124f7b3d79d7c2d2aff835cfdddffe74	remainder
/workspace/reverse-pilot-20260929/trial-v3/chinese-b32/recovery-receipt.json	1977	491cd41987dc41d34cc674575b129cd3df20c1103cd01fd6d6ca55579ed903f8	remainder
/workspace/reverse-pilot-20260929/trial-v3/chinese-b32/request-reservations.jsonl	24555	8db1ae618fd7d949bb7ff730da2298ea4242b0acb735c4e3f3bd137707133153	remainder
/workspace/reverse-pilot-20260929/trial-v3/chinese-b32/run-history/small-batch-interrupted/model-requests.jsonl	155083	8de67c3ae16f2517be1e218b2a2320f979af4d3d783e78b415fddbf7bd98e253	remainder
/workspace/reverse-pilot-20260929/trial-v3/chinese-b32/run-history/small-batch-interrupted/request-reservations.jsonl	5082	d8878081cabf46bac6b90ca828f4d70b82d589f7c45425c3fb79229d7d2cc577	remainder
/workspace/reverse-pilot-20260929/trial-v3/chinese-b32/run-history/small-batch-interrupted/trial-manifest.json	3966	8857b28beb4a22231cf9417f6a60ef116404e47db362123bbffd38d1b012551f	remainder
/workspace/reverse-pilot-20260929/trial-v3/chinese-b32/run-history/small-batch-interrupted/trial-results.jsonl	125149	1a27784d4089005ad1c049454c1970613e0285c2b6397bc28927de1913694253	remainder
/workspace/reverse-pilot-20260929/trial-v3/chinese-b32/run-history/small-batch-interrupted/trial.log	12683	5c09c2179af20697bd91088ef3920a2857561bced2c3d9d672bbe1c12d18c1c0	remainder
/workspace/reverse-pilot-20260929/trial-v3/chinese-b32/trial-manifest.json	3998	60fd51dddef4545671e7b562ce5e755ab0ad07fda97adba9ee1af7b1dffe1902	remainder
/workspace/reverse-pilot-20260929/trial-v3/chinese-b32/trial-results.jsonl	634520	0484d02c531db7360f1509c8503ee3f0a4b8da9bc8fe46495d05d7bbfab27d9c	remainder
/workspace/reverse-pilot-20260929/trial-v3/chinese-b32/trial-summary.json	212	dda7d2c1711397ccb12d9aa9a501b728d72c9bfae22bc2a7cc7d5b4dbe6b3577	remainder
/workspace/reverse-pilot-20260929/trial-v3/chinese-b32/trial.log	13866	4483acd9c2450111040bbb4e59c062a43285c649f078a98aeef5d107b6f95fb7	remainder
/workspace/reverse-pilot-20260929/trial-v3/chinese-complete.tar.gz	423028	df7cbef3f7ff2eb594dffa4ded0cebfd150ea25ab682465750a51e593f11d615	remainder
/workspace/reverse-pilot-20260929/trial-v3/chinese/model-requests.jsonl	155083	8de67c3ae16f2517be1e218b2a2320f979af4d3d783e78b415fddbf7bd98e253	remainder
/workspace/reverse-pilot-20260929/trial-v3/chinese/request-reservations.jsonl	5082	d8878081cabf46bac6b90ca828f4d70b82d589f7c45425c3fb79229d7d2cc577	remainder
/workspace/reverse-pilot-20260929/trial-v3/chinese/trial-manifest.json	3966	8857b28beb4a22231cf9417f6a60ef116404e47db362123bbffd38d1b012551f	remainder
/workspace/reverse-pilot-20260929/trial-v3/chinese/trial-results.jsonl	125149	1a27784d4089005ad1c049454c1970613e0285c2b6397bc28927de1913694253	remainder
/workspace/reverse-pilot-20260929/trial-v3/chinese/trial.log	12683	5c09c2179af20697bd91088ef3920a2857561bced2c3d9d672bbe1c12d18c1c0	remainder
/workspace/reverse-pilot-20260929/trial-v3/slots-complete.tar.gz	118612	f5a674c89567dfec19571beb390e1ec079269e24ae1e37e22e3e116ba46396af	remainder
/workspace/reverse-pilot-20260929/trial-v3/slots/model-requests.jsonl	506674	5cd9d81360a3e5f2d47f3dffec99d3c46ead6d606dca14896c47792af76eb48a	slots
/workspace/reverse-pilot-20260929/trial-v3/slots/request-reservations.jsonl	8560	ecc12d2e274efc1904617e95ff9e3ec47e0438aaa12cb5c5f7fa891e673d9f5e	slots
/workspace/reverse-pilot-20260929/trial-v3/slots/trial-manifest.json	3921	2a69daa2d7f045aafc9238655ab34ca9b18cb3458b073b8ca6cb6e230d9247d5	slots
/workspace/reverse-pilot-20260929/trial-v3/slots/trial-results.jsonl	352838	b2432a214dd78451499288dbf12e51078dce5ae519f6e98ab1c874701df6630a	slots
/workspace/reverse-pilot-20260929/trial-v3/slots/trial-summary.json	208	388b5b403ec9efba58f95b8557c436067240108cd83e2d0ac3f8d7e0546ba40d	slots
/workspace/reverse-pilot-20260929/trial-v3/slots/trial.log	10775	739ce1b1fb4b380720a8e58317aa3911db3f59dcee33cf401d5e985b216cdb83	slots
/workspace/reverse-pilot-20260929/trial-v3/v3-early-recovery.tar.gz	54085	9704e270fadb5598c0ccfeebb7ef6f56da21d334e954f1ac90df303a26aad6d5	remainder
/workspace/reverse-pilot-20260929/trial-v4/roundtrip/model-requests.jsonl	482163	8844af3b7c1bd614682763b561e6f90ce41423dd13c54ce925343c568bd10077	v4
/workspace/reverse-pilot-20260929/trial-v4/roundtrip/request-reservations.jsonl	16334	32065e414b05f5dce9ba7e58841c1f94b860be072396c43bc692c02efafb8811	v4
/workspace/reverse-pilot-20260929/trial-v4/roundtrip/trial-manifest.json	3381	c6daecf178f3481b9b367befa732cbdbb257fc2854f42157e408b6ad9af6a6fa	v4
/workspace/reverse-pilot-20260929/trial-v4/roundtrip/trial-results.jsonl	243000	6bc70949d0b1b36c9b4630c26844da3601e2dea806b1443381f673bc2d4719f8	v4
/workspace/reverse-pilot-20260929/trial-v4/roundtrip/trial-summary.json	474	a19db9c7da65269ce66f1d3f0b766d2b4df9b7ed65835b225d3a94d8e77d7225	v4
/workspace/reverse-pilot-20260929/trial-v4/roundtrip/trial.log	13769	f59bba98a954be49eae97f9d4ed150f9617dbd1570645922b05d97708cba4d5b	v4
/workspace/reverse-pilot-20260929/unsloth-api.txt	27758	e0c7efdc01e9cbe14db8f0194f5647c5ce7db9827e8d75d74f2d4b1b896a1c7e	remainder
/workspace/reverse-pilot-20260929/unsloth_compiled_cache/.locks/.lock.AqlmLoraLinear_peft_forward.py	0	e3b0c44298fc1c149afbf4c8996fb92427ae41e4649b934ca495991b7852b855	remainder
/workspace/reverse-pilot-20260929/unsloth_compiled_cache/.locks/.lock.AwqLoraLinear_peft_forward.py	0	e3b0c44298fc1c149afbf4c8996fb92427ae41e4649b934ca495991b7852b855	remainder
/workspace/reverse-pilot-20260929/unsloth_compiled_cache/.locks/.lock.BatchNorm1d.py	0	e3b0c44298fc1c149afbf4c8996fb92427ae41e4649b934ca495991b7852b855	remainder
/workspace/reverse-pilot-20260929/unsloth_compiled_cache/.locks/.lock.BatchNorm2d.py	0	e3b0c44298fc1c149afbf4c8996fb92427ae41e4649b934ca495991b7852b855	remainder
/workspace/reverse-pilot-20260929/unsloth_compiled_cache/.locks/.lock.BatchNorm3d.py	0	e3b0c44298fc1c149afbf4c8996fb92427ae41e4649b934ca495991b7852b855	remainder
/workspace/reverse-pilot-20260929/unsloth_compiled_cache/.locks/.lock.Conv1d.py	0	e3b0c44298fc1c149afbf4c8996fb92427ae41e4649b934ca495991b7852b855	remainder
/workspace/reverse-pilot-20260929/unsloth_compiled_cache/.locks/.lock.Conv2d.py	0	e3b0c44298fc1c149afbf4c8996fb92427ae41e4649b934ca495991b7852b855	remainder
/workspace/reverse-pilot-20260929/unsloth_compiled_cache/.locks/.lock.Conv3d.py	0	e3b0c44298fc1c149afbf4c8996fb92427ae41e4649b934ca495991b7852b855	remainder
/workspace/reverse-pilot-20260929/unsloth_compiled_cache/.locks/.lock.ConvTranspose1d.py	0	e3b0c44298fc1c149afbf4c8996fb92427ae41e4649b934ca495991b7852b855	remainder
/workspace/reverse-pilot-20260929/unsloth_compiled_cache/.locks/.lock.ConvTranspose2d.py	0	e3b0c44298fc1c149afbf4c8996fb92427ae41e4649b934ca495991b7852b855	remainder
/workspace/reverse-pilot-20260929/unsloth_compiled_cache/.locks/.lock.ConvTranspose3d.py	0	e3b0c44298fc1c149afbf4c8996fb92427ae41e4649b934ca495991b7852b855	remainder
/workspace/reverse-pilot-20260929/unsloth_compiled_cache/.locks/.lock.GPTQLoraLinear_peft_forward.py	0	e3b0c44298fc1c149afbf4c8996fb92427ae41e4649b934ca495991b7852b855	remainder
/workspace/reverse-pilot-20260929/unsloth_compiled_cache/.locks/.lock.GroupNorm.py	0	e3b0c44298fc1c149afbf4c8996fb92427ae41e4649b934ca495991b7852b855	remainder
/workspace/reverse-pilot-20260929/unsloth_compiled_cache/.locks/.lock.LayerNorm.py	0	e3b0c44298fc1c149afbf4c8996fb92427ae41e4649b934ca495991b7852b855	remainder
/workspace/reverse-pilot-20260929/unsloth_compiled_cache/.locks/.lock.Linear4bit_peft_forward.py	0	e3b0c44298fc1c149afbf4c8996fb92427ae41e4649b934ca495991b7852b855	remainder
/workspace/reverse-pilot-20260929/unsloth_compiled_cache/.locks/.lock.Linear8bitLt_peft_forward.py	0	e3b0c44298fc1c149afbf4c8996fb92427ae41e4649b934ca495991b7852b855	remainder
/workspace/reverse-pilot-20260929/unsloth_compiled_cache/.locks/.lock.Linear_peft_forward.py	0	e3b0c44298fc1c149afbf4c8996fb92427ae41e4649b934ca495991b7852b855	remainder
/workspace/reverse-pilot-20260929/unsloth_compiled_cache/.locks/.lock.LoraParallelLinear_peft_forward.py	0	e3b0c44298fc1c149afbf4c8996fb92427ae41e4649b934ca495991b7852b855	remainder
/workspace/reverse-pilot-20260929/unsloth_compiled_cache/.locks/.lock.RMSNorm.py	0	e3b0c44298fc1c149afbf4c8996fb92427ae41e4649b934ca495991b7852b855	remainder
/workspace/reverse-pilot-20260929/unsloth_compiled_cache/.locks/.lock.UnslothAlignPropTrainer.py	0	e3b0c44298fc1c149afbf4c8996fb92427ae41e4649b934ca495991b7852b855	remainder
/workspace/reverse-pilot-20260929/unsloth_compiled_cache/.locks/.lock.UnslothBCOTrainer.py	0	e3b0c44298fc1c149afbf4c8996fb92427ae41e4649b934ca495991b7852b855	remainder
/workspace/reverse-pilot-20260929/unsloth_compiled_cache/.locks/.lock.UnslothCPOTrainer.py	0	e3b0c44298fc1c149afbf4c8996fb92427ae41e4649b934ca495991b7852b855	remainder
/workspace/reverse-pilot-20260929/unsloth_compiled_cache/.locks/.lock.UnslothDDPOTrainer.py	0	e3b0c44298fc1c149afbf4c8996fb92427ae41e4649b934ca495991b7852b855	remainder
/workspace/reverse-pilot-20260929/unsloth_compiled_cache/.locks/.lock.UnslothDPOTrainer.py	0	e3b0c44298fc1c149afbf4c8996fb92427ae41e4649b934ca495991b7852b855	remainder
/workspace/reverse-pilot-20260929/unsloth_compiled_cache/.locks/.lock.UnslothGKDTrainer.py	0	e3b0c44298fc1c149afbf4c8996fb92427ae41e4649b934ca495991b7852b855	remainder
/workspace/reverse-pilot-20260929/unsloth_compiled_cache/.locks/.lock.UnslothGRPOTrainer.py	0	e3b0c44298fc1c149afbf4c8996fb92427ae41e4649b934ca495991b7852b855	remainder
/workspace/reverse-pilot-20260929/unsloth_compiled_cache/.locks/.lock.UnslothIterativeSFTTrainer.py	0	e3b0c44298fc1c149afbf4c8996fb92427ae41e4649b934ca495991b7852b855	remainder
/workspace/reverse-pilot-20260929/unsloth_compiled_cache/.locks/.lock.UnslothKTOTrainer.py	0	e3b0c44298fc1c149afbf4c8996fb92427ae41e4649b934ca495991b7852b855	remainder
/workspace/reverse-pilot-20260929/unsloth_compiled_cache/.locks/.lock.UnslothNashMDTrainer.py	0	e3b0c44298fc1c149afbf4c8996fb92427ae41e4649b934ca495991b7852b855	remainder
/workspace/reverse-pilot-20260929/unsloth_compiled_cache/.locks/.lock.UnslothORPOTrainer.py	0	e3b0c44298fc1c149afbf4c8996fb92427ae41e4649b934ca495991b7852b855	remainder
/workspace/reverse-pilot-20260929/unsloth_compiled_cache/.locks/.lock.UnslothOnlineDPOTrainer.py	0	e3b0c44298fc1c149afbf4c8996fb92427ae41e4649b934ca495991b7852b855	remainder
/workspace/reverse-pilot-20260929/unsloth_compiled_cache/.locks/.lock.UnslothPPOTrainer.py	0	e3b0c44298fc1c149afbf4c8996fb92427ae41e4649b934ca495991b7852b855	remainder
/workspace/reverse-pilot-20260929/unsloth_compiled_cache/.locks/.lock.UnslothPRMTrainer.py	0	e3b0c44298fc1c149afbf4c8996fb92427ae41e4649b934ca495991b7852b855	remainder
/workspace/reverse-pilot-20260929/unsloth_compiled_cache/.locks/.lock.UnslothRLOOTrainer.py	0	e3b0c44298fc1c149afbf4c8996fb92427ae41e4649b934ca495991b7852b855	remainder
/workspace/reverse-pilot-20260929/unsloth_compiled_cache/.locks/.lock.UnslothRewardTrainer.py	0	e3b0c44298fc1c149afbf4c8996fb92427ae41e4649b934ca495991b7852b855	remainder
/workspace/reverse-pilot-20260929/unsloth_compiled_cache/.locks/.lock.UnslothSFTTrainer.py	0	e3b0c44298fc1c149afbf4c8996fb92427ae41e4649b934ca495991b7852b855	remainder
/workspace/reverse-pilot-20260929/unsloth_compiled_cache/.locks/.lock.UnslothXPOTrainer.py	0	e3b0c44298fc1c149afbf4c8996fb92427ae41e4649b934ca495991b7852b855	remainder
/workspace/reverse-pilot-20260929/unsloth_compiled_cache/.locks/.lock.unsloth_compiled_module_qwen3_moe.py	0	e3b0c44298fc1c149afbf4c8996fb92427ae41e4649b934ca495991b7852b855	remainder
/workspace/reverse-pilot-20260929/unsloth_compiled_cache/.locks/.lock.unsloth_compiled_module_siglip.py	0	e3b0c44298fc1c149afbf4c8996fb92427ae41e4649b934ca495991b7852b855	remainder
/workspace/reverse-pilot-20260929/unsloth_compiled_cache/AqlmLoraLinear_peft_forward.py	3684	677c0cfae0e3fe935c0d923be3c92479da327393f203a36a768f96d5906706bc	remainder
/workspace/reverse-pilot-20260929/unsloth_compiled_cache/AwqLoraLinear_peft_forward.py	3621	44f8236da46bb9aa20dc954a40977296465cf152dcc3f46b51ecfa66259704cd	remainder
/workspace/reverse-pilot-20260929/unsloth_compiled_cache/BatchNorm1d.py	5125	71d0679b0fa63a2c95d628e6acb5b744356cb4a98d3ceb6dcf5b229e987a144a	remainder
/workspace/reverse-pilot-20260929/unsloth_compiled_cache/BatchNorm2d.py	5125	71d0679b0fa63a2c95d628e6acb5b744356cb4a98d3ceb6dcf5b229e987a144a	remainder
/workspace/reverse-pilot-20260929/unsloth_compiled_cache/BatchNorm3d.py	5125	71d0679b0fa63a2c95d628e6acb5b744356cb4a98d3ceb6dcf5b229e987a144a	remainder
/workspace/reverse-pilot-20260929/unsloth_compiled_cache/Conv1d.py	3249	778dee1f8208d6e1b7293f4ca6185d0fca9d1dca5dada14232f72e353f89d982	remainder
/workspace/reverse-pilot-20260929/unsloth_compiled_cache/Conv2d.py	3249	778dee1f8208d6e1b7293f4ca6185d0fca9d1dca5dada14232f72e353f89d982	remainder
/workspace/reverse-pilot-20260929/unsloth_compiled_cache/Conv3d.py	3249	778dee1f8208d6e1b7293f4ca6185d0fca9d1dca5dada14232f72e353f89d982	remainder
/workspace/reverse-pilot-20260929/unsloth_compiled_cache/ConvTranspose1d.py	4104	681fd2bdbc694179a71ead930a6efaabebe5f60192af2e0107fb29899a177aa2	remainder
/workspace/reverse-pilot-20260929/unsloth_compiled_cache/ConvTranspose2d.py	4346	93fa7ba88fc91b72f5da8b1031f052fb8281e9e62b0b12454caf3389e3ab32f0	remainder
/workspace/reverse-pilot-20260929/unsloth_compiled_cache/ConvTranspose3d.py	4105	e2c126cdc86bd9351ec020946b843ebbd84d0a6b78cf4e39f1945a7999135b57	remainder
/workspace/reverse-pilot-20260929/unsloth_compiled_cache/GPTQLoraLinear_peft_forward.py	3929	5c5a8b02df6b8dff4ba590549c1bafa93bf2bc8c6b122321ef37654f3dbc0f68	remainder
/workspace/reverse-pilot-20260929/unsloth_compiled_cache/GroupNorm.py	3194	e9b19477d95b0b31e2635f9d74d3f93c1f1e1e471fa5bf636d8a686c48c38451	remainder
/workspace/reverse-pilot-20260929/unsloth_compiled_cache/LayerNorm.py	3214	43cf23885c6768839601cb5a80b1fbd2e8292eb8c0c1f0c079c7787ab87cc293	remainder
/workspace/reverse-pilot-20260929/unsloth_compiled_cache/Linear4bit_peft_forward.py	6005	0ca8db1e4f4e95afc87cf7f9c3aafd2c3dd2e73477524ca74008f18613c59e09	remainder
/workspace/reverse-pilot-20260929/unsloth_compiled_cache/Linear8bitLt_peft_forward.py	5071	f6e69b3981ea915181c604ecb46fcde39584bee51156efefa3fa64384f865760	remainder
/workspace/reverse-pilot-20260929/unsloth_compiled_cache/Linear_peft_forward.py	5464	3c9af29f7e4f5651df91f036010e50e554c23ec180137ae65f66602cc437854d	remainder
/workspace/reverse-pilot-20260929/unsloth_compiled_cache/LoraParallelLinear_peft_forward.py	4270	24eba07fb4d77a24eced360ec988197048352088bfe1d5774a094355000e84d4	remainder
/workspace/reverse-pilot-20260929/unsloth_compiled_cache/RMSNorm.py	3233	267d2e81c1c14a2b1a10f28b2c84cbaae77fe07162e932f54431bed213127c6b	remainder
/workspace/reverse-pilot-20260929/unsloth_compiled_cache/UnslothAlignPropTrainer.py	47881	234431bbd1535b13b1e1c5be5631f08dea971d0cff953d9d3756db41c4962535	remainder
/workspace/reverse-pilot-20260929/unsloth_compiled_cache/UnslothBCOTrainer.py	113102	57cef39f579d89e296d00e5871cd8852bd285fa5473556cc4ca0efb3f210c47f	remainder
/workspace/reverse-pilot-20260929/unsloth_compiled_cache/UnslothCPOTrainer.py	103665	3524960d2f966063f7043ba00d449db557555a92e5b01536d6f37480973e0d96	remainder
/workspace/reverse-pilot-20260929/unsloth_compiled_cache/UnslothDDPOTrainer.py	59119	611b0b6dd2e6441d7983476c5d68a0f0bf8e5bf56baef91725aa0d935baa4eeb	remainder
/workspace/reverse-pilot-20260929/unsloth_compiled_cache/UnslothDPOTrainer.py	164503	8d6dfff4d07f4123397a541a16da5d44c081ea2b043b31706cfd2566ff73502d	remainder
/workspace/reverse-pilot-20260929/unsloth_compiled_cache/UnslothGKDTrainer.py	70141	744d8f2ca3314deecaa7133abcc529cf4b4f36445c20660b36e4acfcb0067e63	remainder
/workspace/reverse-pilot-20260929/unsloth_compiled_cache/UnslothGRPOTrainer.py	326370	c03e568a1fadf0465a583556ced3ef769f7cb7891944fc43e9dfed7d683047b4	remainder
/workspace/reverse-pilot-20260929/unsloth_compiled_cache/UnslothIterativeSFTTrainer.py	64404	a27bbdcce1d78e211d58d8764e0bf0a26ca31d5e3ecb030cd9defc772c231a30	remainder
/workspace/reverse-pilot-20260929/unsloth_compiled_cache/UnslothKTOTrainer.py	123771	d8ecb928ab0a3f619b33ac1fd1f4b58ef341fab0e0810b3cd0bc3725ec8be12c	remainder
/workspace/reverse-pilot-20260929/unsloth_compiled_cache/UnslothNashMDTrainer.py	71666	450bb1b04ad9417500d2aa78540a525dbf4020be13999ab664d2c391724b0850	remainder
/workspace/reverse-pilot-20260929/unsloth_compiled_cache/UnslothORPOTrainer.py	100063	453fd2efadd7a1922d734cc70ed679e67ae85d9b405ab68e97d5c8ce12e995ea	remainder
/workspace/reverse-pilot-20260929/unsloth_compiled_cache/UnslothOnlineDPOTrainer.py	130574	6f909323c47a62c534f246391965733bf7eaa585bf79a14b8874c52e21d8073c	remainder
/workspace/reverse-pilot-20260929/unsloth_compiled_cache/UnslothPPOTrainer.py	91061	150a44842f14b863c739a3059d6467651ff1dc21990d5de69c1832d82a52414c	remainder
/workspace/reverse-pilot-20260929/unsloth_compiled_cache/UnslothPRMTrainer.py	61536	5c09700471a6b0193bac4e9ae5396328ce7930ddd279173ad7d8ec0f7170f4c8	remainder
/workspace/reverse-pilot-20260929/unsloth_compiled_cache/UnslothRLOOTrainer.py	143718	b5dfe06284feef3e22e7becaa1dc03936db7e4e2ea863f73b9bc036485707b69	remainder
/workspace/reverse-pilot-20260929/unsloth_compiled_cache/UnslothRewardTrainer.py	63433	319695f47660769de656d59fbfe7932958fa75b9aadf3d8ed71882f546d83bec	remainder
/workspace/reverse-pilot-20260929/unsloth_compiled_cache/UnslothSFTTrainer.py	98679	ba0195a781929b898a21261423e7236699ddc20947bef2fc1766117237c272fa	remainder
/workspace/reverse-pilot-20260929/unsloth_compiled_cache/UnslothXPOTrainer.py	74353	45b7387b9d6fbdd6c25e10eebea61b8aaea396bc0a0fd832600f4cb1f95fc97a	remainder
/workspace/reverse-pilot-20260929/unsloth_compiled_cache/moe_utils.py	187106	567474f064b6fa7c21947c4ecbaa73e0ecae0aa14a5cc5ac57361665a76814fa	remainder
/workspace/reverse-pilot-20260929/unsloth_compiled_cache/unsloth_compiled_module_qwen3_moe.py	29948	606aced5e6d511e314418702977ffd258475dc54418d46cc571ce090e3f473be	remainder
/workspace/reverse-pilot-20260929/unsloth_compiled_cache/unsloth_compiled_module_siglip.py	19530	9acae7cd6212b6b0d4b248a65c56c32e570c7807ab5e1c6acb87180a17ce224f	remainder
/workspace/reverse-pilot-20260929/verified-download.log	76322	828b9da0e1302179c99a3feb4c64c3f6265389f717a817bcc75ac9584d2e4d18	remainder
